/*
 Navicat Premium Data Transfer

 Source Server         : ax
 Source Server Type    : MySQL
 Source Server Version : 80024
 Source Host           : 150.158.14.110:3306
 Source Schema         : win

 Target Server Type    : MySQL
 Target Server Version : 80024
 File Encoding         : 65001

 Date: 15/04/2024 11:42:56
*/

SET NAMES utf8mb4;
SET FOREIGN_KEY_CHECKS = 0;

-- ----------------------------
-- Table structure for gen_table
-- ----------------------------
DROP TABLE IF EXISTS `gen_table`;
CREATE TABLE `gen_table`  (
  `table_id` bigint NOT NULL AUTO_INCREMENT COMMENT '编号',
  `table_name` varchar(200) CHARACTER SET utf8mb4 COLLATE utf8mb4_general_ci NULL DEFAULT '' COMMENT '表名称',
  `table_comment` varchar(500) CHARACTER SET utf8mb4 COLLATE utf8mb4_general_ci NULL DEFAULT '' COMMENT '表描述',
  `sub_table_name` varchar(64) CHARACTER SET utf8mb4 COLLATE utf8mb4_general_ci NULL DEFAULT NULL COMMENT '关联子表的表名',
  `sub_table_fk_name` varchar(64) CHARACTER SET utf8mb4 COLLATE utf8mb4_general_ci NULL DEFAULT NULL COMMENT '子表关联的外键名',
  `class_name` varchar(100) CHARACTER SET utf8mb4 COLLATE utf8mb4_general_ci NULL DEFAULT '' COMMENT '实体类名称',
  `tpl_category` varchar(200) CHARACTER SET utf8mb4 COLLATE utf8mb4_general_ci NULL DEFAULT 'crud' COMMENT '使用的模板（crud单表操作 tree树表操作）',
  `tpl_web_type` varchar(30) CHARACTER SET utf8mb4 COLLATE utf8mb4_general_ci NULL DEFAULT '' COMMENT '前端模板类型（element-ui模版 element-plus模版）',
  `package_name` varchar(100) CHARACTER SET utf8mb4 COLLATE utf8mb4_general_ci NULL DEFAULT NULL COMMENT '生成包路径',
  `module_name` varchar(30) CHARACTER SET utf8mb4 COLLATE utf8mb4_general_ci NULL DEFAULT NULL COMMENT '生成模块名',
  `business_name` varchar(30) CHARACTER SET utf8mb4 COLLATE utf8mb4_general_ci NULL DEFAULT NULL COMMENT '生成业务名',
  `function_name` varchar(50) CHARACTER SET utf8mb4 COLLATE utf8mb4_general_ci NULL DEFAULT NULL COMMENT '生成功能名',
  `function_author` varchar(50) CHARACTER SET utf8mb4 COLLATE utf8mb4_general_ci NULL DEFAULT NULL COMMENT '生成功能作者',
  `gen_type` char(1) CHARACTER SET utf8mb4 COLLATE utf8mb4_general_ci NULL DEFAULT '0' COMMENT '生成代码方式（0zip压缩包 1自定义路径）',
  `gen_path` varchar(200) CHARACTER SET utf8mb4 COLLATE utf8mb4_general_ci NULL DEFAULT '/' COMMENT '生成路径（不填默认项目路径）',
  `options` varchar(1000) CHARACTER SET utf8mb4 COLLATE utf8mb4_general_ci NULL DEFAULT NULL COMMENT '其它生成选项',
  `create_by` varchar(64) CHARACTER SET utf8mb4 COLLATE utf8mb4_general_ci NULL DEFAULT '' COMMENT '创建者',
  `create_time` datetime NULL DEFAULT NULL COMMENT '创建时间',
  `update_by` varchar(64) CHARACTER SET utf8mb4 COLLATE utf8mb4_general_ci NULL DEFAULT '' COMMENT '更新者',
  `update_time` datetime NULL DEFAULT NULL COMMENT '更新时间',
  `remark` varchar(500) CHARACTER SET utf8mb4 COLLATE utf8mb4_general_ci NULL DEFAULT NULL COMMENT '备注',
  PRIMARY KEY (`table_id`) USING BTREE
) ENGINE = InnoDB AUTO_INCREMENT = 31 CHARACTER SET = utf8mb4 COLLATE = utf8mb4_general_ci COMMENT = '代码生成业务表' ROW_FORMAT = Dynamic;

-- ----------------------------
-- Records of gen_table
-- ----------------------------
INSERT INTO `gen_table` VALUES (2, 'sys_config', '参数配置表', NULL, NULL, 'SysConfig', 'crud', '', 'com.ruoyi.system', 'system', 'config', '参数配置', 'AX', '0', '/', '{}', 'admin', '2024-04-13 13:54:13', '', '2024-04-14 19:19:02', NULL);
INSERT INTO `gen_table` VALUES (3, 'sys_notice', '通知公告表', NULL, NULL, 'SysNotice', 'crud', '', 'com.ruoyi.system', 'system', 'notice', '通知公告', 'AX', '0', '/', '{}', 'admin', '2024-04-13 14:17:04', '', '2024-04-15 10:23:51', '系统通知公告');
INSERT INTO `gen_table` VALUES (4, 'sys_dept', '部门表', NULL, NULL, 'SysDept', 'crud', '', 'com.ruoyi.system', 'system', 'dept', '部门', 'AX', '0', '/', '{}', 'admin', '2024-04-13 16:45:02', '', '2024-04-15 09:34:07', '部门管理');
INSERT INTO `gen_table` VALUES (12, 'sys_oper_log', '操作日志记录', NULL, NULL, 'SysOperLog', 'crud', '', 'com.ruoyi.system', 'system', 'log', '操作日志记录', 'Win', '0', '/', NULL, 'admin', '2024-04-13 16:45:11', '', NULL, NULL);
INSERT INTO `gen_table` VALUES (13, 'sys_dict_data', '字典数据表', NULL, NULL, 'SysDictData', 'crud', '', 'com.ruoyi.system', 'system', 'data', '字典数据', 'Win', '0', '/', NULL, 'admin', '2024-04-13 16:45:12', '', NULL, NULL);
INSERT INTO `gen_table` VALUES (14, 'sys_post', '岗位信息表', NULL, NULL, 'SysPost', 'crud', '', 'com.ruoyi.system', 'system', 'post', '岗位信息', 'Ax', '0', '/', '{}', 'admin', '2024-04-13 16:45:12', '', '2024-04-15 09:05:50', NULL);
INSERT INTO `gen_table` VALUES (15, 'sys_dict_type', '字典类型表', NULL, NULL, 'SysDictType', 'crud', '', 'com.ruoyi.system', 'system', 'type', '字典类型', 'Win', '0', '/', NULL, 'admin', '2024-04-13 16:45:13', '', NULL, NULL);
INSERT INTO `gen_table` VALUES (17, 'sys_job', '定时任务调度表', NULL, NULL, 'SysJob', 'crud', '', 'com.ruoyi.system', 'system', 'job', '定时任务调度', 'Win', '0', '/', NULL, 'admin', '2024-04-13 16:45:14', '', NULL, NULL);
INSERT INTO `gen_table` VALUES (18, 'sys_job_log', '定时任务调度日志表', NULL, NULL, 'SysJobLog', 'crud', '', 'com.ruoyi.system', 'system', 'log', '定时任务调度日志', 'Win', '0', '/', NULL, 'admin', '2024-04-13 16:45:15', '', NULL, NULL);
INSERT INTO `gen_table` VALUES (19, 'sys_logininfor', '系统访问记录', NULL, NULL, 'SysLogininfor', 'crud', '', 'com.ruoyi.system', 'system', 'logininfor', '系统访问记录', 'Win', '0', '/', NULL, 'admin', '2024-04-13 16:45:16', '', NULL, NULL);
INSERT INTO `gen_table` VALUES (20, 'sys_menu', '菜单权限表', NULL, NULL, 'SysMenu', 'crud', '', 'com.ruoyi.system', 'system', 'menu', '菜单权限', 'Win', '0', '/', NULL, 'admin', '2024-04-13 16:45:17', '', NULL, NULL);
INSERT INTO `gen_table` VALUES (24, 'sys_role', '角色信息表', NULL, NULL, 'SysRole', 'crud', '', 'com.ruoyi.system', 'system', 'role', '角色信息', 'AX', '0', '/', NULL, 'admin', '2024-04-14 21:24:26', '', NULL, NULL);
INSERT INTO `gen_table` VALUES (25, 'sys_role_dept', '角色和部门关联表', NULL, NULL, 'SysRoleDept', 'crud', '', 'com.ruoyi.system', 'system', 'dept', '角色和部门关联', 'AX', '0', '/', NULL, 'admin', '2024-04-14 21:24:27', '', NULL, NULL);
INSERT INTO `gen_table` VALUES (26, 'sys_role_menu', '角色和菜单关联表', NULL, NULL, 'SysRoleMenu', 'crud', '', 'com.ruoyi.system', 'system', 'menu', '角色和菜单关联', 'AX', '0', '/', NULL, 'admin', '2024-04-14 21:24:28', '', NULL, NULL);
INSERT INTO `gen_table` VALUES (27, 'sys_user', '用户信息表', NULL, NULL, 'SysUser', 'crud', '', 'com.ruoyi.system', 'system', 'user', '用户信息', 'AX', '0', '/', NULL, 'admin', '2024-04-14 21:24:28', '', NULL, NULL);
INSERT INTO `gen_table` VALUES (28, 'sys_user_role', '用户和角色关联表', NULL, NULL, 'SysUserRole', 'crud', '', 'com.ruoyi.system', 'system', 'role', '用户和角色关联', 'AX', '0', '/', NULL, 'admin', '2024-04-14 21:24:30', '', NULL, NULL);
INSERT INTO `gen_table` VALUES (29, 'sys_website', '网页收藏', NULL, NULL, 'SysWebsite', 'crud', '', 'com.ruoyi.system', 'system', 'website', '网页收藏', 'AX', '0', '/', '{}', 'admin', '2024-04-14 21:35:12', '', '2024-04-14 23:04:10', NULL);
INSERT INTO `gen_table` VALUES (30, 'sys_user_post', '用户与岗位关联表', NULL, NULL, 'SysUserPost', 'crud', '', 'com.ruoyi.system', 'system', 'post', '用户与岗位关联', 'AX', '0', '/', NULL, 'admin', '2024-04-14 21:47:14', '', NULL, NULL);

-- ----------------------------
-- Table structure for gen_table_column
-- ----------------------------
DROP TABLE IF EXISTS `gen_table_column`;
CREATE TABLE `gen_table_column`  (
  `column_id` bigint NOT NULL AUTO_INCREMENT COMMENT '编号',
  `table_id` bigint NULL DEFAULT NULL COMMENT '归属表编号',
  `column_name` varchar(200) CHARACTER SET utf8mb4 COLLATE utf8mb4_general_ci NULL DEFAULT NULL COMMENT '列名称',
  `column_comment` varchar(500) CHARACTER SET utf8mb4 COLLATE utf8mb4_general_ci NULL DEFAULT NULL COMMENT '列描述',
  `column_type` varchar(100) CHARACTER SET utf8mb4 COLLATE utf8mb4_general_ci NULL DEFAULT NULL COMMENT '列类型',
  `java_type` varchar(500) CHARACTER SET utf8mb4 COLLATE utf8mb4_general_ci NULL DEFAULT NULL COMMENT 'JAVA类型',
  `java_field` varchar(200) CHARACTER SET utf8mb4 COLLATE utf8mb4_general_ci NULL DEFAULT NULL COMMENT 'JAVA字段名',
  `is_pk` char(1) CHARACTER SET utf8mb4 COLLATE utf8mb4_general_ci NULL DEFAULT NULL COMMENT '是否主键（1是）',
  `is_increment` char(1) CHARACTER SET utf8mb4 COLLATE utf8mb4_general_ci NULL DEFAULT NULL COMMENT '是否自增（1是）',
  `is_required` char(1) CHARACTER SET utf8mb4 COLLATE utf8mb4_general_ci NULL DEFAULT NULL COMMENT '是否必填（1是）',
  `is_insert` char(1) CHARACTER SET utf8mb4 COLLATE utf8mb4_general_ci NULL DEFAULT NULL COMMENT '是否为插入字段（1是）',
  `is_edit` char(1) CHARACTER SET utf8mb4 COLLATE utf8mb4_general_ci NULL DEFAULT NULL COMMENT '是否编辑字段（1是）',
  `is_list` char(1) CHARACTER SET utf8mb4 COLLATE utf8mb4_general_ci NULL DEFAULT NULL COMMENT '是否列表字段（1是）',
  `is_query` char(1) CHARACTER SET utf8mb4 COLLATE utf8mb4_general_ci NULL DEFAULT NULL COMMENT '是否查询字段（1是）',
  `query_type` varchar(200) CHARACTER SET utf8mb4 COLLATE utf8mb4_general_ci NULL DEFAULT 'EQ' COMMENT '查询方式（等于、不等于、大于、小于、范围）',
  `html_type` varchar(200) CHARACTER SET utf8mb4 COLLATE utf8mb4_general_ci NULL DEFAULT NULL COMMENT '显示类型（文本框、文本域、下拉框、复选框、单选框、日期控件）',
  `dict_type` varchar(200) CHARACTER SET utf8mb4 COLLATE utf8mb4_general_ci NULL DEFAULT '' COMMENT '字典类型',
  `sort` int NULL DEFAULT NULL COMMENT '排序',
  `create_by` varchar(64) CHARACTER SET utf8mb4 COLLATE utf8mb4_general_ci NULL DEFAULT '' COMMENT '创建者',
  `create_time` datetime NULL DEFAULT NULL COMMENT '创建时间',
  `update_by` varchar(64) CHARACTER SET utf8mb4 COLLATE utf8mb4_general_ci NULL DEFAULT '' COMMENT '更新者',
  `update_time` datetime NULL DEFAULT NULL COMMENT '更新时间',
  PRIMARY KEY (`column_id`) USING BTREE
) ENGINE = InnoDB AUTO_INCREMENT = 307 CHARACTER SET = utf8mb4 COLLATE = utf8mb4_general_ci COMMENT = '代码生成业务表字段' ROW_FORMAT = Dynamic;

-- ----------------------------
-- Records of gen_table_column
-- ----------------------------
INSERT INTO `gen_table_column` VALUES (9, 2, 'config_id', '参数主键', 'int', 'Long', 'configId', '1', '1', '0', '0', NULL, NULL, NULL, 'EQ', 'input', '', 1, 'admin', '2024-04-13 13:54:14', '', '2024-04-14 19:19:02');
INSERT INTO `gen_table_column` VALUES (10, 2, 'config_name', '参数名称', 'varchar(100)', 'String', 'configName', '0', '0', '1', '1', '1', '1', '1', 'LIKE', 'input', '', 2, 'admin', '2024-04-13 13:54:14', '', '2024-04-14 19:19:02');
INSERT INTO `gen_table_column` VALUES (11, 2, 'config_key', '参数键名', 'varchar(100)', 'String', 'configKey', '0', '0', '1', '1', '1', '1', '1', 'EQ', 'input', '', 3, 'admin', '2024-04-13 13:54:14', '', '2024-04-14 19:19:02');
INSERT INTO `gen_table_column` VALUES (12, 2, 'config_value', '参数键值', 'varchar(500)', 'String', 'configValue', '0', '0', '1', '1', '1', '1', '1', 'EQ', 'textarea', '', 4, 'admin', '2024-04-13 13:54:14', '', '2024-04-14 19:19:02');
INSERT INTO `gen_table_column` VALUES (13, 2, 'config_type', '系统内置（Y是 N否）', 'char(1)', 'String', 'configType', '0', '0', '0', '1', '1', '1', '1', 'EQ', 'select', 'sys_yes_no', 5, 'admin', '2024-04-13 13:54:14', '', '2024-04-14 19:19:02');
INSERT INTO `gen_table_column` VALUES (14, 2, 'create_by', '创建者', 'varchar(64)', 'String', 'createBy', '0', '0', '0', '0', NULL, NULL, NULL, 'EQ', 'input', '', 6, 'admin', '2024-04-13 13:54:14', '', '2024-04-14 19:19:02');
INSERT INTO `gen_table_column` VALUES (15, 2, 'create_time', '创建时间', 'datetime', 'Date', 'createTime', '0', '0', '0', '0', NULL, NULL, NULL, 'EQ', 'datetime', '', 7, 'admin', '2024-04-13 13:54:14', '', '2024-04-14 19:19:03');
INSERT INTO `gen_table_column` VALUES (16, 2, 'update_by', '更新者', 'varchar(64)', 'String', 'updateBy', '0', '0', '0', '0', '1', NULL, NULL, 'EQ', 'input', '', 8, 'admin', '2024-04-13 13:54:14', '', '2024-04-14 19:19:03');
INSERT INTO `gen_table_column` VALUES (17, 2, 'update_time', '更新时间', 'datetime', 'Date', 'updateTime', '0', '0', '0', '0', '1', NULL, NULL, 'EQ', 'datetime', '', 9, 'admin', '2024-04-13 13:54:14', '', '2024-04-14 19:19:03');
INSERT INTO `gen_table_column` VALUES (18, 2, 'remark', '备注', 'varchar(500)', 'String', 'remark', '0', '0', '0', '1', '1', '1', NULL, 'EQ', 'textarea', '', 10, 'admin', '2024-04-13 13:54:14', '', '2024-04-14 19:19:03');
INSERT INTO `gen_table_column` VALUES (19, 3, 'notice_id', '公告ID', 'int', 'Long', 'noticeId', '1', '1', '0', '0', NULL, NULL, NULL, 'EQ', 'input', '', 1, 'admin', '2024-04-13 14:17:04', '', '2024-04-15 10:23:51');
INSERT INTO `gen_table_column` VALUES (20, 3, 'notice_title', '公告标题', 'varchar(50)', 'String', 'noticeTitle', '0', '0', '1', '1', '1', '1', '1', 'EQ', 'input', '', 2, 'admin', '2024-04-13 14:17:04', '', '2024-04-15 10:23:51');
INSERT INTO `gen_table_column` VALUES (21, 3, 'notice_type', '公告类型（1通知 2公告）', 'char(1)', 'String', 'noticeType', '0', '0', '1', '1', '1', '1', '1', 'EQ', 'select', 'sys_notice_type', 3, 'admin', '2024-04-13 14:17:04', '', '2024-04-15 10:23:51');
INSERT INTO `gen_table_column` VALUES (22, 3, 'notice_content', '公告内容', 'longblob', 'String', 'noticeContent', '0', '0', '1', '1', '1', '1', '0', 'EQ', 'editor', '', 4, 'admin', '2024-04-13 14:17:04', '', '2024-04-15 10:23:51');
INSERT INTO `gen_table_column` VALUES (23, 3, 'status', '公告状态（0正常 1关闭）', 'char(1)', 'String', 'status', '0', '0', '0', '1', '1', '1', '1', 'EQ', 'radio', 'sys_notice_status', 5, 'admin', '2024-04-13 14:17:04', '', '2024-04-15 10:23:51');
INSERT INTO `gen_table_column` VALUES (24, 3, 'create_by', '创建者', 'varchar(64)', 'String', 'createBy', '0', '0', '0', '0', NULL, NULL, NULL, 'EQ', 'input', '', 6, 'admin', '2024-04-13 14:17:04', '', '2024-04-15 10:23:51');
INSERT INTO `gen_table_column` VALUES (25, 3, 'create_time', '创建时间', 'datetime', 'Date', 'createTime', '0', '0', '0', '0', NULL, NULL, NULL, 'EQ', 'datetime', '', 7, 'admin', '2024-04-13 14:17:04', '', '2024-04-15 10:23:51');
INSERT INTO `gen_table_column` VALUES (26, 3, 'update_by', '更新者', 'varchar(64)', 'String', 'updateBy', '0', '0', '0', '0', '1', NULL, NULL, 'EQ', 'input', '', 8, 'admin', '2024-04-13 14:17:05', '', '2024-04-15 10:23:51');
INSERT INTO `gen_table_column` VALUES (27, 3, 'update_time', '更新时间', 'datetime', 'Date', 'updateTime', '0', '0', '0', '0', '1', NULL, NULL, 'EQ', 'datetime', '', 9, 'admin', '2024-04-13 14:17:05', '', '2024-04-15 10:23:51');
INSERT INTO `gen_table_column` VALUES (28, 3, 'remark', '备注', 'varchar(255)', 'String', 'remark', '0', '0', '0', '1', '1', '1', NULL, 'EQ', 'input', '', 10, 'admin', '2024-04-13 14:17:05', '', '2024-04-15 10:23:51');
INSERT INTO `gen_table_column` VALUES (29, 4, 'dept_id', '部门id', 'bigint', 'Long', 'deptId', '1', '1', '0', '0', NULL, NULL, NULL, 'EQ', 'input', '', 1, 'admin', '2024-04-13 16:45:03', '', '2024-04-15 09:34:07');
INSERT INTO `gen_table_column` VALUES (30, 4, 'parent_id', '父部门id', 'bigint', 'Long', 'parentId', '0', '0', '0', '0', '1', '0', '0', 'EQ', 'input', '', 2, 'admin', '2024-04-13 16:45:03', '', '2024-04-15 09:34:07');
INSERT INTO `gen_table_column` VALUES (31, 4, 'ancestors', '祖级列表', 'varchar(50)', 'String', 'ancestors', '0', '0', '0', '0', '1', '0', '0', 'EQ', 'input', '', 3, 'admin', '2024-04-13 16:45:03', '', '2024-04-15 09:34:07');
INSERT INTO `gen_table_column` VALUES (32, 4, 'dept_name', '部门名称', 'varchar(30)', 'String', 'deptName', '0', '0', '0', '1', '1', '1', '1', 'LIKE', 'input', '', 4, 'admin', '2024-04-13 16:45:03', '', '2024-04-15 09:34:07');
INSERT INTO `gen_table_column` VALUES (33, 4, 'order_num', '显示顺序', 'int', 'Long', 'orderNum', '0', '0', '0', '1', '1', '0', '0', 'EQ', 'input', '', 5, 'admin', '2024-04-13 16:45:03', '', '2024-04-15 09:34:07');
INSERT INTO `gen_table_column` VALUES (34, 4, 'leader', '负责人', 'varchar(20)', 'String', 'leader', '0', '0', '0', '1', '1', '1', '1', 'EQ', 'input', '', 6, 'admin', '2024-04-13 16:45:03', '', '2024-04-15 09:34:07');
INSERT INTO `gen_table_column` VALUES (35, 4, 'phone', '联系电话', 'varchar(11)', 'String', 'phone', '0', '0', '0', '1', '1', '1', '1', 'EQ', 'input', '', 7, 'admin', '2024-04-13 16:45:03', '', '2024-04-15 09:34:07');
INSERT INTO `gen_table_column` VALUES (36, 4, 'email', '邮箱', 'varchar(50)', 'String', 'email', '0', '0', '0', '0', '1', '1', '0', 'EQ', 'input', '', 8, 'admin', '2024-04-13 16:45:03', '', '2024-04-15 09:34:07');
INSERT INTO `gen_table_column` VALUES (37, 4, 'status', '部门状态（0正常 1停用）', 'char(1)', 'String', 'status', '0', '0', '0', '1', '1', '1', '1', 'EQ', 'select', 'sys_job_status', 9, 'admin', '2024-04-13 16:45:03', '', '2024-04-15 09:34:07');
INSERT INTO `gen_table_column` VALUES (38, 4, 'del_flag', '删除标志（0代表存在 2代表删除）', 'char(1)', 'String', 'delFlag', '0', '0', '0', '0', NULL, NULL, NULL, 'EQ', 'input', '', 10, 'admin', '2024-04-13 16:45:03', '', '2024-04-15 09:34:07');
INSERT INTO `gen_table_column` VALUES (39, 4, 'create_by', '创建者', 'varchar(64)', 'String', 'createBy', '0', '0', '0', '0', NULL, NULL, NULL, 'EQ', 'input', '', 11, 'admin', '2024-04-13 16:45:03', '', '2024-04-15 09:34:07');
INSERT INTO `gen_table_column` VALUES (40, 4, 'create_time', '创建时间', 'datetime', 'Date', 'createTime', '0', '0', '0', '0', NULL, NULL, NULL, 'EQ', 'datetime', '', 12, 'admin', '2024-04-13 16:45:03', '', '2024-04-15 09:34:07');
INSERT INTO `gen_table_column` VALUES (41, 4, 'update_by', '更新者', 'varchar(64)', 'String', 'updateBy', '0', '0', '0', '0', '1', NULL, NULL, 'EQ', 'input', '', 13, 'admin', '2024-04-13 16:45:04', '', '2024-04-15 09:34:07');
INSERT INTO `gen_table_column` VALUES (42, 4, 'update_time', '更新时间', 'datetime', 'Date', 'updateTime', '0', '0', '0', '0', '1', NULL, NULL, 'EQ', 'datetime', '', 14, 'admin', '2024-04-13 16:45:04', '', '2024-04-15 09:34:07');
INSERT INTO `gen_table_column` VALUES (119, 12, 'oper_id', '日志主键', 'bigint', 'Long', 'operId', '1', '1', '0', '1', NULL, NULL, NULL, 'EQ', 'input', '', 1, 'admin', '2024-04-13 16:45:11', '', NULL);
INSERT INTO `gen_table_column` VALUES (121, 12, 'title', '模块标题', 'varchar(50)', 'String', 'title', '0', '0', '0', '1', '1', '1', '1', 'EQ', 'input', '', 2, 'admin', '2024-04-13 16:45:11', '', NULL);
INSERT INTO `gen_table_column` VALUES (123, 12, 'business_type', '业务类型（0其它 1新增 2修改 3删除）', 'int', 'Long', 'businessType', '0', '0', '0', '1', '1', '1', '1', 'EQ', 'select', '', 3, 'admin', '2024-04-13 16:45:11', '', NULL);
INSERT INTO `gen_table_column` VALUES (125, 12, 'method', '方法名称', 'varchar(100)', 'String', 'method', '0', '0', '0', '1', '1', '1', '1', 'EQ', 'input', '', 4, 'admin', '2024-04-13 16:45:11', '', NULL);
INSERT INTO `gen_table_column` VALUES (127, 12, 'request_method', '请求方式', 'varchar(10)', 'String', 'requestMethod', '0', '0', '0', '1', '1', '1', '1', 'EQ', 'input', '', 5, 'admin', '2024-04-13 16:45:11', '', NULL);
INSERT INTO `gen_table_column` VALUES (129, 12, 'operator_type', '操作类别（0其它 1后台用户 2手机端用户）', 'int', 'Long', 'operatorType', '0', '0', '0', '1', '1', '1', '1', 'EQ', 'select', '', 6, 'admin', '2024-04-13 16:45:11', '', NULL);
INSERT INTO `gen_table_column` VALUES (131, 12, 'oper_name', '操作人员', 'varchar(50)', 'String', 'operName', '0', '0', '0', '1', '1', '1', '1', 'LIKE', 'input', '', 7, 'admin', '2024-04-13 16:45:11', '', NULL);
INSERT INTO `gen_table_column` VALUES (133, 12, 'dept_name', '部门名称', 'varchar(50)', 'String', 'deptName', '0', '0', '0', '1', '1', '1', '1', 'LIKE', 'input', '', 8, 'admin', '2024-04-13 16:45:11', '', NULL);
INSERT INTO `gen_table_column` VALUES (135, 12, 'oper_url', '请求URL', 'varchar(255)', 'String', 'operUrl', '0', '0', '0', '1', '1', '1', '1', 'EQ', 'input', '', 9, 'admin', '2024-04-13 16:45:11', '', NULL);
INSERT INTO `gen_table_column` VALUES (137, 12, 'oper_ip', '主机地址', 'varchar(128)', 'String', 'operIp', '0', '0', '0', '1', '1', '1', '1', 'EQ', 'input', '', 10, 'admin', '2024-04-13 16:45:12', '', NULL);
INSERT INTO `gen_table_column` VALUES (139, 12, 'oper_location', '操作地点', 'varchar(255)', 'String', 'operLocation', '0', '0', '0', '1', '1', '1', '1', 'EQ', 'input', '', 11, 'admin', '2024-04-13 16:45:12', '', NULL);
INSERT INTO `gen_table_column` VALUES (140, 12, 'oper_param', '请求参数', 'varchar(2000)', 'String', 'operParam', '0', '0', '0', '1', '1', '1', '1', 'EQ', 'textarea', '', 12, 'admin', '2024-04-13 16:45:12', '', NULL);
INSERT INTO `gen_table_column` VALUES (141, 13, 'dict_code', '字典编码', 'bigint', 'Long', 'dictCode', '1', '1', '0', '1', NULL, NULL, NULL, 'EQ', 'input', '', 1, 'admin', '2024-04-13 16:45:12', '', NULL);
INSERT INTO `gen_table_column` VALUES (142, 12, 'json_result', '返回参数', 'varchar(2000)', 'String', 'jsonResult', '0', '0', '0', '1', '1', '1', '1', 'EQ', 'textarea', '', 13, 'admin', '2024-04-13 16:45:12', '', NULL);
INSERT INTO `gen_table_column` VALUES (143, 13, 'dict_sort', '字典排序', 'int', 'Long', 'dictSort', '0', '0', '0', '1', '1', '1', '1', 'EQ', 'input', '', 2, 'admin', '2024-04-13 16:45:12', '', NULL);
INSERT INTO `gen_table_column` VALUES (144, 12, 'status', '操作状态（0正常 1异常）', 'int', 'Long', 'status', '0', '0', '0', '1', '1', '1', '1', 'EQ', 'radio', '', 14, 'admin', '2024-04-13 16:45:12', '', NULL);
INSERT INTO `gen_table_column` VALUES (145, 13, 'dict_label', '字典标签', 'varchar(100)', 'String', 'dictLabel', '0', '0', '0', '1', '1', '1', '1', 'EQ', 'input', '', 3, 'admin', '2024-04-13 16:45:12', '', NULL);
INSERT INTO `gen_table_column` VALUES (146, 12, 'error_msg', '错误消息', 'varchar(2000)', 'String', 'errorMsg', '0', '0', '0', '1', '1', '1', '1', 'EQ', 'textarea', '', 15, 'admin', '2024-04-13 16:45:12', '', NULL);
INSERT INTO `gen_table_column` VALUES (147, 13, 'dict_value', '字典键值', 'varchar(100)', 'String', 'dictValue', '0', '0', '0', '1', '1', '1', '1', 'EQ', 'input', '', 4, 'admin', '2024-04-13 16:45:12', '', NULL);
INSERT INTO `gen_table_column` VALUES (148, 12, 'oper_time', '操作时间', 'datetime', 'Date', 'operTime', '0', '0', '0', '1', '1', '1', '1', 'EQ', 'datetime', '', 16, 'admin', '2024-04-13 16:45:12', '', NULL);
INSERT INTO `gen_table_column` VALUES (149, 13, 'dict_type', '字典类型', 'varchar(100)', 'String', 'dictType', '0', '0', '0', '1', '1', '1', '1', 'EQ', 'select', '', 5, 'admin', '2024-04-13 16:45:12', '', NULL);
INSERT INTO `gen_table_column` VALUES (150, 12, 'cost_time', '消耗时间', 'bigint', 'Long', 'costTime', '0', '0', '0', '1', '1', '1', '1', 'EQ', 'input', '', 17, 'admin', '2024-04-13 16:45:12', '', NULL);
INSERT INTO `gen_table_column` VALUES (151, 13, 'css_class', '样式属性（其他样式扩展）', 'varchar(100)', 'String', 'cssClass', '0', '0', '0', '1', '1', '1', '1', 'EQ', 'input', '', 6, 'admin', '2024-04-13 16:45:12', '', NULL);
INSERT INTO `gen_table_column` VALUES (152, 13, 'list_class', '表格回显样式', 'varchar(100)', 'String', 'listClass', '0', '0', '0', '1', '1', '1', '1', 'EQ', 'input', '', 7, 'admin', '2024-04-13 16:45:12', '', NULL);
INSERT INTO `gen_table_column` VALUES (153, 13, 'is_default', '是否默认（Y是 N否）', 'char(1)', 'String', 'isDefault', '0', '0', '0', '1', '1', '1', '1', 'EQ', 'input', '', 8, 'admin', '2024-04-13 16:45:12', '', NULL);
INSERT INTO `gen_table_column` VALUES (154, 14, 'post_id', '岗位ID', 'bigint', 'Long', 'postId', '1', '1', '0', '0', NULL, NULL, NULL, 'EQ', 'input', '', 1, 'admin', '2024-04-13 16:45:12', '', '2024-04-15 09:05:50');
INSERT INTO `gen_table_column` VALUES (155, 13, 'status', '状态（0正常 1停用）', 'char(1)', 'String', 'status', '0', '0', '0', '1', '1', '1', '1', 'EQ', 'radio', '', 9, 'admin', '2024-04-13 16:45:12', '', NULL);
INSERT INTO `gen_table_column` VALUES (156, 14, 'post_code', '岗位编码', 'varchar(64)', 'String', 'postCode', '0', '0', '1', '1', '1', '1', '1', 'EQ', 'input', '', 2, 'admin', '2024-04-13 16:45:12', '', '2024-04-15 09:05:50');
INSERT INTO `gen_table_column` VALUES (157, 13, 'create_by', '创建者', 'varchar(64)', 'String', 'createBy', '0', '0', '0', '1', NULL, NULL, NULL, 'EQ', 'input', '', 10, 'admin', '2024-04-13 16:45:13', '', NULL);
INSERT INTO `gen_table_column` VALUES (158, 14, 'post_name', '岗位名称', 'varchar(50)', 'String', 'postName', '0', '0', '1', '1', '1', '1', '1', 'LIKE', 'input', '', 3, 'admin', '2024-04-13 16:45:13', '', '2024-04-15 09:05:50');
INSERT INTO `gen_table_column` VALUES (159, 13, 'create_time', '创建时间', 'datetime', 'Date', 'createTime', '0', '0', '0', '1', NULL, NULL, NULL, 'EQ', 'datetime', '', 11, 'admin', '2024-04-13 16:45:13', '', NULL);
INSERT INTO `gen_table_column` VALUES (160, 14, 'post_sort', '显示顺序', 'int', 'Long', 'postSort', '0', '0', '1', '1', '1', '1', '1', 'EQ', 'input', '', 4, 'admin', '2024-04-13 16:45:13', '', '2024-04-15 09:05:50');
INSERT INTO `gen_table_column` VALUES (161, 13, 'update_by', '更新者', 'varchar(64)', 'String', 'updateBy', '0', '0', '0', '1', '1', NULL, NULL, 'EQ', 'input', '', 12, 'admin', '2024-04-13 16:45:13', '', NULL);
INSERT INTO `gen_table_column` VALUES (162, 14, 'status', '状态', 'char(1)', 'String', 'status', '0', '0', '1', '1', '1', '1', '1', 'EQ', 'select', 'sys_common_status', 5, 'admin', '2024-04-13 16:45:13', '', '2024-04-15 09:05:50');
INSERT INTO `gen_table_column` VALUES (163, 13, 'update_time', '更新时间', 'datetime', 'Date', 'updateTime', '0', '0', '0', '1', '1', NULL, NULL, 'EQ', 'datetime', '', 13, 'admin', '2024-04-13 16:45:13', '', NULL);
INSERT INTO `gen_table_column` VALUES (164, 14, 'create_by', '创建者', 'varchar(64)', 'String', 'createBy', '0', '0', '0', '0', NULL, NULL, NULL, 'EQ', 'input', '', 6, 'admin', '2024-04-13 16:45:13', '', '2024-04-15 09:05:50');
INSERT INTO `gen_table_column` VALUES (165, 13, 'remark', '备注', 'varchar(500)', 'String', 'remark', '0', '0', '0', '1', '1', '1', NULL, 'EQ', 'textarea', '', 14, 'admin', '2024-04-13 16:45:13', '', NULL);
INSERT INTO `gen_table_column` VALUES (166, 14, 'create_time', '创建时间', 'datetime', 'Date', 'createTime', '0', '0', '0', '0', NULL, NULL, NULL, 'EQ', 'datetime', '', 7, 'admin', '2024-04-13 16:45:13', '', '2024-04-15 09:05:50');
INSERT INTO `gen_table_column` VALUES (167, 14, 'update_by', '更新者', 'varchar(64)', 'String', 'updateBy', '0', '0', '0', '0', '1', NULL, NULL, 'EQ', 'input', '', 8, 'admin', '2024-04-13 16:45:13', '', '2024-04-15 09:05:51');
INSERT INTO `gen_table_column` VALUES (168, 14, 'update_time', '更新时间', 'datetime', 'Date', 'updateTime', '0', '0', '0', '0', '1', NULL, NULL, 'EQ', 'datetime', '', 9, 'admin', '2024-04-13 16:45:13', '', '2024-04-15 09:05:51');
INSERT INTO `gen_table_column` VALUES (169, 15, 'dict_id', '字典主键', 'bigint', 'Long', 'dictId', '1', '1', '0', '1', NULL, NULL, NULL, 'EQ', 'input', '', 1, 'admin', '2024-04-13 16:45:13', '', NULL);
INSERT INTO `gen_table_column` VALUES (170, 14, 'remark', '备注', 'varchar(500)', 'String', 'remark', '0', '0', '0', '1', '1', '1', NULL, 'EQ', 'textarea', '', 10, 'admin', '2024-04-13 16:45:13', '', '2024-04-15 09:05:51');
INSERT INTO `gen_table_column` VALUES (171, 15, 'dict_name', '字典名称', 'varchar(100)', 'String', 'dictName', '0', '0', '0', '1', '1', '1', '1', 'LIKE', 'input', '', 2, 'admin', '2024-04-13 16:45:13', '', NULL);
INSERT INTO `gen_table_column` VALUES (172, 15, 'dict_type', '字典类型', 'varchar(100)', 'String', 'dictType', '0', '0', '0', '1', '1', '1', '1', 'EQ', 'select', '', 3, 'admin', '2024-04-13 16:45:13', '', NULL);
INSERT INTO `gen_table_column` VALUES (173, 15, 'status', '状态（0正常 1停用）', 'char(1)', 'String', 'status', '0', '0', '0', '1', '1', '1', '1', 'EQ', 'radio', '', 4, 'admin', '2024-04-13 16:45:13', '', NULL);
INSERT INTO `gen_table_column` VALUES (175, 15, 'create_by', '创建者', 'varchar(64)', 'String', 'createBy', '0', '0', '0', '1', NULL, NULL, NULL, 'EQ', 'input', '', 5, 'admin', '2024-04-13 16:45:13', '', NULL);
INSERT INTO `gen_table_column` VALUES (177, 15, 'create_time', '创建时间', 'datetime', 'Date', 'createTime', '0', '0', '0', '1', NULL, NULL, NULL, 'EQ', 'datetime', '', 6, 'admin', '2024-04-13 16:45:13', '', NULL);
INSERT INTO `gen_table_column` VALUES (178, 15, 'update_by', '更新者', 'varchar(64)', 'String', 'updateBy', '0', '0', '0', '1', '1', NULL, NULL, 'EQ', 'input', '', 7, 'admin', '2024-04-13 16:45:14', '', NULL);
INSERT INTO `gen_table_column` VALUES (179, 15, 'update_time', '更新时间', 'datetime', 'Date', 'updateTime', '0', '0', '0', '1', '1', NULL, NULL, 'EQ', 'datetime', '', 8, 'admin', '2024-04-13 16:45:14', '', NULL);
INSERT INTO `gen_table_column` VALUES (180, 15, 'remark', '备注', 'varchar(500)', 'String', 'remark', '0', '0', '0', '1', '1', '1', NULL, 'EQ', 'textarea', '', 9, 'admin', '2024-04-13 16:45:14', '', NULL);
INSERT INTO `gen_table_column` VALUES (181, 17, 'job_id', '任务ID', 'bigint', 'Long', 'jobId', '1', '1', '0', '1', NULL, NULL, NULL, 'EQ', 'input', '', 1, 'admin', '2024-04-13 16:45:14', '', NULL);
INSERT INTO `gen_table_column` VALUES (182, 17, 'job_name', '任务名称', 'varchar(64)', 'String', 'jobName', '1', '0', '0', '1', NULL, NULL, NULL, 'LIKE', 'input', '', 2, 'admin', '2024-04-13 16:45:14', '', NULL);
INSERT INTO `gen_table_column` VALUES (183, 17, 'job_group', '任务组名', 'varchar(64)', 'String', 'jobGroup', '1', '0', '0', '1', NULL, NULL, NULL, 'EQ', 'input', '', 3, 'admin', '2024-04-13 16:45:14', '', NULL);
INSERT INTO `gen_table_column` VALUES (184, 17, 'invoke_target', '调用目标字符串', 'varchar(500)', 'String', 'invokeTarget', '0', '0', '1', '1', '1', '1', '1', 'EQ', 'textarea', '', 4, 'admin', '2024-04-13 16:45:14', '', NULL);
INSERT INTO `gen_table_column` VALUES (185, 17, 'cron_expression', 'cron执行表达式', 'varchar(255)', 'String', 'cronExpression', '0', '0', '0', '1', '1', '1', '1', 'EQ', 'input', '', 5, 'admin', '2024-04-13 16:45:14', '', NULL);
INSERT INTO `gen_table_column` VALUES (186, 17, 'misfire_policy', '计划执行错误策略（1立即执行 2执行一次 3放弃执行）', 'varchar(20)', 'String', 'misfirePolicy', '0', '0', '0', '1', '1', '1', '1', 'EQ', 'input', '', 6, 'admin', '2024-04-13 16:45:14', '', NULL);
INSERT INTO `gen_table_column` VALUES (187, 17, 'concurrent', '是否并发执行（0允许 1禁止）', 'char(1)', 'String', 'concurrent', '0', '0', '0', '1', '1', '1', '1', 'EQ', 'input', '', 7, 'admin', '2024-04-13 16:45:14', '', NULL);
INSERT INTO `gen_table_column` VALUES (188, 17, 'status', '状态（0正常 1暂停）', 'char(1)', 'String', 'status', '0', '0', '0', '1', '1', '1', '1', 'EQ', 'radio', '', 8, 'admin', '2024-04-13 16:45:15', '', NULL);
INSERT INTO `gen_table_column` VALUES (189, 17, 'create_by', '创建者', 'varchar(64)', 'String', 'createBy', '0', '0', '0', '1', NULL, NULL, NULL, 'EQ', 'input', '', 9, 'admin', '2024-04-13 16:45:15', '', NULL);
INSERT INTO `gen_table_column` VALUES (190, 17, 'create_time', '创建时间', 'datetime', 'Date', 'createTime', '0', '0', '0', '1', NULL, NULL, NULL, 'EQ', 'datetime', '', 10, 'admin', '2024-04-13 16:45:15', '', NULL);
INSERT INTO `gen_table_column` VALUES (191, 17, 'update_by', '更新者', 'varchar(64)', 'String', 'updateBy', '0', '0', '0', '1', '1', NULL, NULL, 'EQ', 'input', '', 11, 'admin', '2024-04-13 16:45:15', '', NULL);
INSERT INTO `gen_table_column` VALUES (192, 17, 'update_time', '更新时间', 'datetime', 'Date', 'updateTime', '0', '0', '0', '1', '1', NULL, NULL, 'EQ', 'datetime', '', 12, 'admin', '2024-04-13 16:45:15', '', NULL);
INSERT INTO `gen_table_column` VALUES (193, 17, 'remark', '备注信息', 'varchar(500)', 'String', 'remark', '0', '0', '0', '1', '1', '1', NULL, 'EQ', 'textarea', '', 13, 'admin', '2024-04-13 16:45:15', '', NULL);
INSERT INTO `gen_table_column` VALUES (194, 18, 'job_log_id', '任务日志ID', 'bigint', 'Long', 'jobLogId', '1', '1', '0', '1', NULL, NULL, NULL, 'EQ', 'input', '', 1, 'admin', '2024-04-13 16:45:15', '', NULL);
INSERT INTO `gen_table_column` VALUES (195, 18, 'job_name', '任务名称', 'varchar(64)', 'String', 'jobName', '0', '0', '1', '1', '1', '1', '1', 'LIKE', 'input', '', 2, 'admin', '2024-04-13 16:45:15', '', NULL);
INSERT INTO `gen_table_column` VALUES (196, 18, 'job_group', '任务组名', 'varchar(64)', 'String', 'jobGroup', '0', '0', '1', '1', '1', '1', '1', 'EQ', 'input', '', 3, 'admin', '2024-04-13 16:45:15', '', NULL);
INSERT INTO `gen_table_column` VALUES (197, 18, 'invoke_target', '调用目标字符串', 'varchar(500)', 'String', 'invokeTarget', '0', '0', '1', '1', '1', '1', '1', 'EQ', 'textarea', '', 4, 'admin', '2024-04-13 16:45:15', '', NULL);
INSERT INTO `gen_table_column` VALUES (198, 18, 'job_message', '日志信息', 'varchar(500)', 'String', 'jobMessage', '0', '0', '0', '1', '1', '1', '1', 'EQ', 'textarea', '', 5, 'admin', '2024-04-13 16:45:15', '', NULL);
INSERT INTO `gen_table_column` VALUES (199, 18, 'status', '执行状态（0正常 1失败）', 'char(1)', 'String', 'status', '0', '0', '0', '1', '1', '1', '1', 'EQ', 'radio', '', 6, 'admin', '2024-04-13 16:45:16', '', NULL);
INSERT INTO `gen_table_column` VALUES (200, 18, 'exception_info', '异常信息', 'varchar(2000)', 'String', 'exceptionInfo', '0', '0', '0', '1', '1', '1', '1', 'EQ', 'textarea', '', 7, 'admin', '2024-04-13 16:45:16', '', NULL);
INSERT INTO `gen_table_column` VALUES (201, 18, 'create_time', '创建时间', 'datetime', 'Date', 'createTime', '0', '0', '0', '1', NULL, NULL, NULL, 'EQ', 'datetime', '', 8, 'admin', '2024-04-13 16:45:16', '', NULL);
INSERT INTO `gen_table_column` VALUES (202, 19, 'info_id', '访问ID', 'bigint', 'Long', 'infoId', '1', '1', '0', '1', NULL, NULL, NULL, 'EQ', 'input', '', 1, 'admin', '2024-04-13 16:45:16', '', NULL);
INSERT INTO `gen_table_column` VALUES (203, 19, 'user_name', '用户账号', 'varchar(50)', 'String', 'userName', '0', '0', '0', '1', '1', '1', '1', 'LIKE', 'input', '', 2, 'admin', '2024-04-13 16:45:16', '', NULL);
INSERT INTO `gen_table_column` VALUES (204, 19, 'ipaddr', '登录IP地址', 'varchar(128)', 'String', 'ipaddr', '0', '0', '0', '1', '1', '1', '1', 'EQ', 'input', '', 3, 'admin', '2024-04-13 16:45:16', '', NULL);
INSERT INTO `gen_table_column` VALUES (205, 19, 'login_location', '登录地点', 'varchar(255)', 'String', 'loginLocation', '0', '0', '0', '1', '1', '1', '1', 'EQ', 'input', '', 4, 'admin', '2024-04-13 16:45:16', '', NULL);
INSERT INTO `gen_table_column` VALUES (206, 19, 'browser', '浏览器类型', 'varchar(50)', 'String', 'browser', '0', '0', '0', '1', '1', '1', '1', 'EQ', 'input', '', 5, 'admin', '2024-04-13 16:45:16', '', NULL);
INSERT INTO `gen_table_column` VALUES (207, 19, 'os', '操作系统', 'varchar(50)', 'String', 'os', '0', '0', '0', '1', '1', '1', '1', 'EQ', 'input', '', 6, 'admin', '2024-04-13 16:45:16', '', NULL);
INSERT INTO `gen_table_column` VALUES (208, 19, 'status', '登录状态（0成功 1失败）', 'char(1)', 'String', 'status', '0', '0', '0', '1', '1', '1', '1', 'EQ', 'radio', '', 7, 'admin', '2024-04-13 16:45:16', '', NULL);
INSERT INTO `gen_table_column` VALUES (209, 19, 'msg', '提示消息', 'varchar(255)', 'String', 'msg', '0', '0', '0', '1', '1', '1', '1', 'EQ', 'input', '', 8, 'admin', '2024-04-13 16:45:16', '', NULL);
INSERT INTO `gen_table_column` VALUES (210, 19, 'login_time', '访问时间', 'datetime', 'Date', 'loginTime', '0', '0', '0', '1', '1', '1', '1', 'EQ', 'datetime', '', 9, 'admin', '2024-04-13 16:45:17', '', NULL);
INSERT INTO `gen_table_column` VALUES (211, 20, 'menu_id', '菜单ID', 'bigint', 'Long', 'menuId', '1', '1', '0', '1', NULL, NULL, NULL, 'EQ', 'input', '', 1, 'admin', '2024-04-13 16:45:17', '', NULL);
INSERT INTO `gen_table_column` VALUES (212, 20, 'menu_name', '菜单名称', 'varchar(50)', 'String', 'menuName', '0', '0', '1', '1', '1', '1', '1', 'LIKE', 'input', '', 2, 'admin', '2024-04-13 16:45:17', '', NULL);
INSERT INTO `gen_table_column` VALUES (213, 20, 'parent_id', '父菜单ID', 'bigint', 'Long', 'parentId', '0', '0', '0', '1', '1', '1', '1', 'EQ', 'input', '', 3, 'admin', '2024-04-13 16:45:17', '', NULL);
INSERT INTO `gen_table_column` VALUES (214, 20, 'order_num', '显示顺序', 'int', 'Long', 'orderNum', '0', '0', '0', '1', '1', '1', '1', 'EQ', 'input', '', 4, 'admin', '2024-04-13 16:45:17', '', NULL);
INSERT INTO `gen_table_column` VALUES (215, 20, 'path', '路由地址', 'varchar(200)', 'String', 'path', '0', '0', '0', '1', '1', '1', '1', 'EQ', 'input', '', 5, 'admin', '2024-04-13 16:45:17', '', NULL);
INSERT INTO `gen_table_column` VALUES (216, 20, 'component', '组件路径', 'varchar(255)', 'String', 'component', '0', '0', '0', '1', '1', '1', '1', 'EQ', 'input', '', 6, 'admin', '2024-04-13 16:45:17', '', NULL);
INSERT INTO `gen_table_column` VALUES (217, 20, 'query', '路由参数', 'varchar(255)', 'String', 'query', '0', '0', '0', '1', '1', '1', '1', 'EQ', 'input', '', 7, 'admin', '2024-04-13 16:45:17', '', NULL);
INSERT INTO `gen_table_column` VALUES (218, 20, 'is_frame', '是否为外链（0是 1否）', 'int', 'Long', 'isFrame', '0', '0', '0', '1', '1', '1', '1', 'EQ', 'input', '', 8, 'admin', '2024-04-13 16:45:17', '', NULL);
INSERT INTO `gen_table_column` VALUES (219, 20, 'is_cache', '是否缓存（0缓存 1不缓存）', 'int', 'Long', 'isCache', '0', '0', '0', '1', '1', '1', '1', 'EQ', 'input', '', 9, 'admin', '2024-04-13 16:45:17', '', NULL);
INSERT INTO `gen_table_column` VALUES (220, 20, 'menu_type', '菜单类型（M目录 C菜单 F按钮）', 'char(1)', 'String', 'menuType', '0', '0', '0', '1', '1', '1', '1', 'EQ', 'select', '', 10, 'admin', '2024-04-13 16:45:17', '', NULL);
INSERT INTO `gen_table_column` VALUES (221, 20, 'visible', '菜单状态（0显示 1隐藏）', 'char(1)', 'String', 'visible', '0', '0', '0', '1', '1', '1', '1', 'EQ', 'input', '', 11, 'admin', '2024-04-13 16:45:17', '', NULL);
INSERT INTO `gen_table_column` VALUES (222, 20, 'status', '菜单状态（0正常 1停用）', 'char(1)', 'String', 'status', '0', '0', '0', '1', '1', '1', '1', 'EQ', 'radio', '', 12, 'admin', '2024-04-13 16:45:18', '', NULL);
INSERT INTO `gen_table_column` VALUES (223, 20, 'perms', '权限标识', 'varchar(100)', 'String', 'perms', '0', '0', '0', '1', '1', '1', '1', 'EQ', 'input', '', 13, 'admin', '2024-04-13 16:45:18', '', NULL);
INSERT INTO `gen_table_column` VALUES (224, 20, 'icon', '菜单图标', 'varchar(100)', 'String', 'icon', '0', '0', '0', '1', '1', '1', '1', 'EQ', 'input', '', 14, 'admin', '2024-04-13 16:45:18', '', NULL);
INSERT INTO `gen_table_column` VALUES (225, 20, 'create_by', '创建者', 'varchar(64)', 'String', 'createBy', '0', '0', '0', '1', NULL, NULL, NULL, 'EQ', 'input', '', 15, 'admin', '2024-04-13 16:45:18', '', NULL);
INSERT INTO `gen_table_column` VALUES (226, 20, 'create_time', '创建时间', 'datetime', 'Date', 'createTime', '0', '0', '0', '1', NULL, NULL, NULL, 'EQ', 'datetime', '', 16, 'admin', '2024-04-13 16:45:18', '', NULL);
INSERT INTO `gen_table_column` VALUES (227, 20, 'update_by', '更新者', 'varchar(64)', 'String', 'updateBy', '0', '0', '0', '1', '1', NULL, NULL, 'EQ', 'input', '', 17, 'admin', '2024-04-13 16:45:18', '', NULL);
INSERT INTO `gen_table_column` VALUES (228, 20, 'update_time', '更新时间', 'datetime', 'Date', 'updateTime', '0', '0', '0', '1', '1', NULL, NULL, 'EQ', 'datetime', '', 18, 'admin', '2024-04-13 16:45:18', '', NULL);
INSERT INTO `gen_table_column` VALUES (229, 20, 'remark', '备注', 'varchar(500)', 'String', 'remark', '0', '0', '0', '1', '1', '1', NULL, 'EQ', 'textarea', '', 19, 'admin', '2024-04-13 16:45:18', '', NULL);
INSERT INTO `gen_table_column` VALUES (259, 24, 'role_id', '角色ID', 'bigint', 'Long', 'roleId', '1', '1', '0', '1', NULL, NULL, NULL, 'EQ', 'input', '', 1, 'admin', '2024-04-14 21:24:26', '', NULL);
INSERT INTO `gen_table_column` VALUES (260, 24, 'role_name', '角色名称', 'varchar(30)', 'String', 'roleName', '0', '0', '1', '1', '1', '1', '1', 'LIKE', 'input', '', 2, 'admin', '2024-04-14 21:24:26', '', NULL);
INSERT INTO `gen_table_column` VALUES (261, 24, 'role_key', '角色权限字符串', 'varchar(100)', 'String', 'roleKey', '0', '0', '1', '1', '1', '1', '1', 'EQ', 'input', '', 3, 'admin', '2024-04-14 21:24:26', '', NULL);
INSERT INTO `gen_table_column` VALUES (262, 24, 'role_sort', '显示顺序', 'int', 'Long', 'roleSort', '0', '0', '1', '1', '1', '1', '1', 'EQ', 'input', '', 4, 'admin', '2024-04-14 21:24:27', '', NULL);
INSERT INTO `gen_table_column` VALUES (263, 24, 'data_scope', '数据范围（1：全部数据权限 2：自定数据权限 3：本部门数据权限 4：本部门及以下数据权限）', 'char(1)', 'String', 'dataScope', '0', '0', '0', '1', '1', '1', '1', 'EQ', 'input', '', 5, 'admin', '2024-04-14 21:24:27', '', NULL);
INSERT INTO `gen_table_column` VALUES (264, 24, 'menu_check_strictly', '菜单树选择项是否关联显示', 'tinyint(1)', 'Integer', 'menuCheckStrictly', '0', '0', '0', '1', '1', '1', '1', 'EQ', 'input', '', 6, 'admin', '2024-04-14 21:24:27', '', NULL);
INSERT INTO `gen_table_column` VALUES (265, 24, 'dept_check_strictly', '部门树选择项是否关联显示', 'tinyint(1)', 'Integer', 'deptCheckStrictly', '0', '0', '0', '1', '1', '1', '1', 'EQ', 'input', '', 7, 'admin', '2024-04-14 21:24:27', '', NULL);
INSERT INTO `gen_table_column` VALUES (266, 24, 'status', '角色状态（0正常 1停用）', 'char(1)', 'String', 'status', '0', '0', '1', '1', '1', '1', '1', 'EQ', 'radio', '', 8, 'admin', '2024-04-14 21:24:27', '', NULL);
INSERT INTO `gen_table_column` VALUES (267, 24, 'del_flag', '删除标志（0代表存在 2代表删除）', 'char(1)', 'String', 'delFlag', '0', '0', '0', '1', NULL, NULL, NULL, 'EQ', 'input', '', 9, 'admin', '2024-04-14 21:24:27', '', NULL);
INSERT INTO `gen_table_column` VALUES (268, 24, 'create_by', '创建者', 'varchar(64)', 'String', 'createBy', '0', '0', '0', '1', NULL, NULL, NULL, 'EQ', 'input', '', 10, 'admin', '2024-04-14 21:24:27', '', NULL);
INSERT INTO `gen_table_column` VALUES (269, 24, 'create_time', '创建时间', 'datetime', 'Date', 'createTime', '0', '0', '0', '1', NULL, NULL, NULL, 'EQ', 'datetime', '', 11, 'admin', '2024-04-14 21:24:27', '', NULL);
INSERT INTO `gen_table_column` VALUES (270, 24, 'update_by', '更新者', 'varchar(64)', 'String', 'updateBy', '0', '0', '0', '1', '1', NULL, NULL, 'EQ', 'input', '', 12, 'admin', '2024-04-14 21:24:27', '', NULL);
INSERT INTO `gen_table_column` VALUES (271, 24, 'update_time', '更新时间', 'datetime', 'Date', 'updateTime', '0', '0', '0', '1', '1', NULL, NULL, 'EQ', 'datetime', '', 13, 'admin', '2024-04-14 21:24:27', '', NULL);
INSERT INTO `gen_table_column` VALUES (272, 24, 'remark', '备注', 'varchar(500)', 'String', 'remark', '0', '0', '0', '1', '1', '1', NULL, 'EQ', 'textarea', '', 14, 'admin', '2024-04-14 21:24:27', '', NULL);
INSERT INTO `gen_table_column` VALUES (273, 25, 'role_id', '角色ID', 'bigint', 'Long', 'roleId', '1', '0', '0', '1', NULL, NULL, NULL, 'EQ', 'input', '', 1, 'admin', '2024-04-14 21:24:28', '', NULL);
INSERT INTO `gen_table_column` VALUES (274, 25, 'dept_id', '部门ID', 'bigint', 'Long', 'deptId', '1', '0', '0', '1', NULL, NULL, NULL, 'EQ', 'input', '', 2, 'admin', '2024-04-14 21:24:28', '', NULL);
INSERT INTO `gen_table_column` VALUES (275, 26, 'role_id', '角色ID', 'bigint', 'Long', 'roleId', '1', '0', '0', '1', NULL, NULL, NULL, 'EQ', 'input', '', 1, 'admin', '2024-04-14 21:24:28', '', NULL);
INSERT INTO `gen_table_column` VALUES (276, 26, 'menu_id', '菜单ID', 'bigint', 'Long', 'menuId', '1', '0', '0', '1', NULL, NULL, NULL, 'EQ', 'input', '', 2, 'admin', '2024-04-14 21:24:28', '', NULL);
INSERT INTO `gen_table_column` VALUES (277, 27, 'user_id', '用户ID', 'bigint', 'Long', 'userId', '1', '1', '0', '1', NULL, NULL, NULL, 'EQ', 'input', '', 1, 'admin', '2024-04-14 21:24:28', '', NULL);
INSERT INTO `gen_table_column` VALUES (278, 27, 'dept_id', '部门ID', 'bigint', 'Long', 'deptId', '0', '0', '0', '1', '1', '1', '1', 'EQ', 'input', '', 2, 'admin', '2024-04-14 21:24:28', '', NULL);
INSERT INTO `gen_table_column` VALUES (279, 27, 'user_name', '用户账号', 'varchar(30)', 'String', 'userName', '0', '0', '1', '1', '1', '1', '1', 'LIKE', 'input', '', 3, 'admin', '2024-04-14 21:24:28', '', NULL);
INSERT INTO `gen_table_column` VALUES (280, 27, 'nick_name', '用户昵称', 'varchar(30)', 'String', 'nickName', '0', '0', '1', '1', '1', '1', '1', 'LIKE', 'input', '', 4, 'admin', '2024-04-14 21:24:28', '', NULL);
INSERT INTO `gen_table_column` VALUES (281, 27, 'user_type', '用户类型（00系统用户）', 'varchar(2)', 'String', 'userType', '0', '0', '0', '1', '1', '1', '1', 'EQ', 'select', '', 5, 'admin', '2024-04-14 21:24:28', '', NULL);
INSERT INTO `gen_table_column` VALUES (282, 27, 'email', '用户邮箱', 'varchar(50)', 'String', 'email', '0', '0', '0', '1', '1', '1', '1', 'EQ', 'input', '', 6, 'admin', '2024-04-14 21:24:29', '', NULL);
INSERT INTO `gen_table_column` VALUES (283, 27, 'phonenumber', '手机号码', 'varchar(11)', 'String', 'phonenumber', '0', '0', '0', '1', '1', '1', '1', 'EQ', 'input', '', 7, 'admin', '2024-04-14 21:24:29', '', NULL);
INSERT INTO `gen_table_column` VALUES (284, 27, 'sex', '用户性别（0男 1女 2未知）', 'char(1)', 'String', 'sex', '0', '0', '0', '1', '1', '1', '1', 'EQ', 'select', '', 8, 'admin', '2024-04-14 21:24:29', '', NULL);
INSERT INTO `gen_table_column` VALUES (285, 27, 'avatar', '头像地址', 'varchar(100)', 'String', 'avatar', '0', '0', '0', '1', '1', '1', '1', 'EQ', 'input', '', 9, 'admin', '2024-04-14 21:24:29', '', NULL);
INSERT INTO `gen_table_column` VALUES (286, 27, 'password', '密码', 'varchar(100)', 'String', 'password', '0', '0', '0', '1', '1', '1', '1', 'EQ', 'input', '', 10, 'admin', '2024-04-14 21:24:29', '', NULL);
INSERT INTO `gen_table_column` VALUES (287, 27, 'status', '帐号状态（0正常 1停用）', 'char(1)', 'String', 'status', '0', '0', '0', '1', '1', '1', '1', 'EQ', 'radio', '', 11, 'admin', '2024-04-14 21:24:29', '', NULL);
INSERT INTO `gen_table_column` VALUES (288, 27, 'del_flag', '删除标志（0代表存在 2代表删除）', 'char(1)', 'String', 'delFlag', '0', '0', '0', '1', NULL, NULL, NULL, 'EQ', 'input', '', 12, 'admin', '2024-04-14 21:24:29', '', NULL);
INSERT INTO `gen_table_column` VALUES (289, 27, 'login_ip', '最后登录IP', 'varchar(128)', 'String', 'loginIp', '0', '0', '0', '1', '1', '1', '1', 'EQ', 'input', '', 13, 'admin', '2024-04-14 21:24:29', '', NULL);
INSERT INTO `gen_table_column` VALUES (290, 27, 'login_date', '最后登录时间', 'datetime', 'Date', 'loginDate', '0', '0', '0', '1', '1', '1', '1', 'EQ', 'datetime', '', 14, 'admin', '2024-04-14 21:24:29', '', NULL);
INSERT INTO `gen_table_column` VALUES (291, 27, 'create_by', '创建者', 'varchar(64)', 'String', 'createBy', '0', '0', '0', '1', NULL, NULL, NULL, 'EQ', 'input', '', 15, 'admin', '2024-04-14 21:24:29', '', NULL);
INSERT INTO `gen_table_column` VALUES (292, 27, 'create_time', '创建时间', 'datetime', 'Date', 'createTime', '0', '0', '0', '1', NULL, NULL, NULL, 'EQ', 'datetime', '', 16, 'admin', '2024-04-14 21:24:29', '', NULL);
INSERT INTO `gen_table_column` VALUES (293, 27, 'update_by', '更新者', 'varchar(64)', 'String', 'updateBy', '0', '0', '0', '1', '1', NULL, NULL, 'EQ', 'input', '', 17, 'admin', '2024-04-14 21:24:30', '', NULL);
INSERT INTO `gen_table_column` VALUES (294, 27, 'update_time', '更新时间', 'datetime', 'Date', 'updateTime', '0', '0', '0', '1', '1', NULL, NULL, 'EQ', 'datetime', '', 18, 'admin', '2024-04-14 21:24:30', '', NULL);
INSERT INTO `gen_table_column` VALUES (295, 27, 'remark', '备注', 'varchar(500)', 'String', 'remark', '0', '0', '0', '1', '1', '1', NULL, 'EQ', 'textarea', '', 19, 'admin', '2024-04-14 21:24:30', '', NULL);
INSERT INTO `gen_table_column` VALUES (296, 28, 'user_id', '用户ID', 'bigint', 'Long', 'userId', '1', '0', '0', '1', NULL, NULL, NULL, 'EQ', 'input', '', 1, 'admin', '2024-04-14 21:24:30', '', NULL);
INSERT INTO `gen_table_column` VALUES (297, 28, 'role_id', '角色ID', 'bigint', 'Long', 'roleId', '1', '0', '0', '1', NULL, NULL, NULL, 'EQ', 'input', '', 2, 'admin', '2024-04-14 21:24:30', '', NULL);
INSERT INTO `gen_table_column` VALUES (298, 29, 'website_id', '网页ID', 'int', 'Long', 'websiteId', '1', '1', '0', '0', NULL, NULL, NULL, 'EQ', 'input', '', 1, 'admin', '2024-04-14 21:35:12', '', '2024-04-14 23:04:10');
INSERT INTO `gen_table_column` VALUES (299, 29, 'name', '网页名称', 'varchar(255)', 'String', 'name', '0', '0', '0', '1', '1', '1', '1', 'LIKE', 'input', '', 2, 'admin', '2024-04-14 21:35:13', '', '2024-04-14 23:04:10');
INSERT INTO `gen_table_column` VALUES (300, 29, 'url', '网页URL', 'varchar(255)', 'String', 'url', '0', '0', '0', '1', '1', '1', '1', 'EQ', 'input', '', 3, 'admin', '2024-04-14 21:35:13', '', '2024-04-14 23:04:10');
INSERT INTO `gen_table_column` VALUES (301, 29, 'create_time', '创建时间', 'datetime', 'Date', 'createTime', '0', '0', '0', '0', NULL, NULL, NULL, 'EQ', 'datetime', '', 4, 'admin', '2024-04-14 21:35:13', '', '2024-04-14 23:04:10');
INSERT INTO `gen_table_column` VALUES (302, 29, 'description', '网页描述', 'varchar(255)', 'String', 'description', '0', '0', '0', '1', '1', '1', '0', 'EQ', 'input', '', 5, 'admin', '2024-04-14 21:35:13', '', '2024-04-14 23:04:10');
INSERT INTO `gen_table_column` VALUES (303, 29, 'type', '网页类型', 'varchar(255)', 'String', 'type', '0', '0', '0', '1', '1', '1', '1', 'EQ', 'select', 'website_type', 6, 'admin', '2024-04-14 21:35:13', '', '2024-04-14 23:04:10');
INSERT INTO `gen_table_column` VALUES (304, 29, 'update_time', '创建时间', 'datetime', 'Date', 'updateTime', '0', '0', '0', '0', '1', NULL, NULL, 'EQ', 'datetime', '', 7, 'admin', '2024-04-14 21:35:13', '', '2024-04-14 23:04:10');
INSERT INTO `gen_table_column` VALUES (305, 30, 'user_id', '用户ID', 'bigint', 'Long', 'userId', '1', '0', '0', '1', NULL, NULL, NULL, 'EQ', 'input', '', 1, 'admin', '2024-04-14 21:47:14', '', NULL);
INSERT INTO `gen_table_column` VALUES (306, 30, 'post_id', '岗位ID', 'bigint', 'Long', 'postId', '1', '0', '0', '1', NULL, NULL, NULL, 'EQ', 'input', '', 2, 'admin', '2024-04-14 21:47:14', '', NULL);

-- ----------------------------
-- Table structure for qrtz_blob_triggers
-- ----------------------------
DROP TABLE IF EXISTS `qrtz_blob_triggers`;
CREATE TABLE `qrtz_blob_triggers`  (
  `sched_name` varchar(120) CHARACTER SET utf8mb4 COLLATE utf8mb4_general_ci NOT NULL COMMENT '调度名称',
  `trigger_name` varchar(200) CHARACTER SET utf8mb4 COLLATE utf8mb4_general_ci NOT NULL COMMENT 'qrtz_triggers表trigger_name的外键',
  `trigger_group` varchar(200) CHARACTER SET utf8mb4 COLLATE utf8mb4_general_ci NOT NULL COMMENT 'qrtz_triggers表trigger_group的外键',
  `blob_data` blob NULL COMMENT '存放持久化Trigger对象',
  PRIMARY KEY (`sched_name`, `trigger_name`, `trigger_group`) USING BTREE,
  CONSTRAINT `qrtz_blob_triggers_ibfk_1` FOREIGN KEY (`sched_name`, `trigger_name`, `trigger_group`) REFERENCES `qrtz_triggers` (`sched_name`, `trigger_name`, `trigger_group`) ON DELETE RESTRICT ON UPDATE RESTRICT
) ENGINE = InnoDB CHARACTER SET = utf8mb4 COLLATE = utf8mb4_general_ci COMMENT = 'Blob类型的触发器表' ROW_FORMAT = Dynamic;

-- ----------------------------
-- Records of qrtz_blob_triggers
-- ----------------------------

-- ----------------------------
-- Table structure for qrtz_calendars
-- ----------------------------
DROP TABLE IF EXISTS `qrtz_calendars`;
CREATE TABLE `qrtz_calendars`  (
  `sched_name` varchar(120) CHARACTER SET utf8mb4 COLLATE utf8mb4_general_ci NOT NULL COMMENT '调度名称',
  `calendar_name` varchar(200) CHARACTER SET utf8mb4 COLLATE utf8mb4_general_ci NOT NULL COMMENT '日历名称',
  `calendar` blob NOT NULL COMMENT '存放持久化calendar对象',
  PRIMARY KEY (`sched_name`, `calendar_name`) USING BTREE
) ENGINE = InnoDB CHARACTER SET = utf8mb4 COLLATE = utf8mb4_general_ci COMMENT = '日历信息表' ROW_FORMAT = Dynamic;

-- ----------------------------
-- Records of qrtz_calendars
-- ----------------------------

-- ----------------------------
-- Table structure for qrtz_cron_triggers
-- ----------------------------
DROP TABLE IF EXISTS `qrtz_cron_triggers`;
CREATE TABLE `qrtz_cron_triggers`  (
  `sched_name` varchar(120) CHARACTER SET utf8mb4 COLLATE utf8mb4_general_ci NOT NULL COMMENT '调度名称',
  `trigger_name` varchar(200) CHARACTER SET utf8mb4 COLLATE utf8mb4_general_ci NOT NULL COMMENT 'qrtz_triggers表trigger_name的外键',
  `trigger_group` varchar(200) CHARACTER SET utf8mb4 COLLATE utf8mb4_general_ci NOT NULL COMMENT 'qrtz_triggers表trigger_group的外键',
  `cron_expression` varchar(200) CHARACTER SET utf8mb4 COLLATE utf8mb4_general_ci NOT NULL COMMENT 'cron表达式',
  `time_zone_id` varchar(80) CHARACTER SET utf8mb4 COLLATE utf8mb4_general_ci NULL DEFAULT NULL COMMENT '时区',
  PRIMARY KEY (`sched_name`, `trigger_name`, `trigger_group`) USING BTREE,
  CONSTRAINT `qrtz_cron_triggers_ibfk_1` FOREIGN KEY (`sched_name`, `trigger_name`, `trigger_group`) REFERENCES `qrtz_triggers` (`sched_name`, `trigger_name`, `trigger_group`) ON DELETE RESTRICT ON UPDATE RESTRICT
) ENGINE = InnoDB CHARACTER SET = utf8mb4 COLLATE = utf8mb4_general_ci COMMENT = 'Cron类型的触发器表' ROW_FORMAT = Dynamic;

-- ----------------------------
-- Records of qrtz_cron_triggers
-- ----------------------------

-- ----------------------------
-- Table structure for qrtz_fired_triggers
-- ----------------------------
DROP TABLE IF EXISTS `qrtz_fired_triggers`;
CREATE TABLE `qrtz_fired_triggers`  (
  `sched_name` varchar(120) CHARACTER SET utf8mb4 COLLATE utf8mb4_general_ci NOT NULL COMMENT '调度名称',
  `entry_id` varchar(95) CHARACTER SET utf8mb4 COLLATE utf8mb4_general_ci NOT NULL COMMENT '调度器实例id',
  `trigger_name` varchar(200) CHARACTER SET utf8mb4 COLLATE utf8mb4_general_ci NOT NULL COMMENT 'qrtz_triggers表trigger_name的外键',
  `trigger_group` varchar(200) CHARACTER SET utf8mb4 COLLATE utf8mb4_general_ci NOT NULL COMMENT 'qrtz_triggers表trigger_group的外键',
  `instance_name` varchar(200) CHARACTER SET utf8mb4 COLLATE utf8mb4_general_ci NOT NULL COMMENT '调度器实例名',
  `fired_time` bigint NOT NULL COMMENT '触发的时间',
  `sched_time` bigint NOT NULL COMMENT '定时器制定的时间',
  `priority` int NOT NULL COMMENT '优先级',
  `state` varchar(16) CHARACTER SET utf8mb4 COLLATE utf8mb4_general_ci NOT NULL COMMENT '状态',
  `job_name` varchar(200) CHARACTER SET utf8mb4 COLLATE utf8mb4_general_ci NULL DEFAULT NULL COMMENT '任务名称',
  `job_group` varchar(200) CHARACTER SET utf8mb4 COLLATE utf8mb4_general_ci NULL DEFAULT NULL COMMENT '任务组名',
  `is_nonconcurrent` varchar(1) CHARACTER SET utf8mb4 COLLATE utf8mb4_general_ci NULL DEFAULT NULL COMMENT '是否并发',
  `requests_recovery` varchar(1) CHARACTER SET utf8mb4 COLLATE utf8mb4_general_ci NULL DEFAULT NULL COMMENT '是否接受恢复执行',
  PRIMARY KEY (`sched_name`, `entry_id`) USING BTREE
) ENGINE = InnoDB CHARACTER SET = utf8mb4 COLLATE = utf8mb4_general_ci COMMENT = '已触发的触发器表' ROW_FORMAT = Dynamic;

-- ----------------------------
-- Records of qrtz_fired_triggers
-- ----------------------------

-- ----------------------------
-- Table structure for qrtz_job_details
-- ----------------------------
DROP TABLE IF EXISTS `qrtz_job_details`;
CREATE TABLE `qrtz_job_details`  (
  `sched_name` varchar(120) CHARACTER SET utf8mb4 COLLATE utf8mb4_general_ci NOT NULL COMMENT '调度名称',
  `job_name` varchar(200) CHARACTER SET utf8mb4 COLLATE utf8mb4_general_ci NOT NULL COMMENT '任务名称',
  `job_group` varchar(200) CHARACTER SET utf8mb4 COLLATE utf8mb4_general_ci NOT NULL COMMENT '任务组名',
  `description` varchar(250) CHARACTER SET utf8mb4 COLLATE utf8mb4_general_ci NULL DEFAULT NULL COMMENT '相关介绍',
  `job_class_name` varchar(250) CHARACTER SET utf8mb4 COLLATE utf8mb4_general_ci NOT NULL COMMENT '执行任务类名称',
  `is_durable` varchar(1) CHARACTER SET utf8mb4 COLLATE utf8mb4_general_ci NOT NULL COMMENT '是否持久化',
  `is_nonconcurrent` varchar(1) CHARACTER SET utf8mb4 COLLATE utf8mb4_general_ci NOT NULL COMMENT '是否并发',
  `is_update_data` varchar(1) CHARACTER SET utf8mb4 COLLATE utf8mb4_general_ci NOT NULL COMMENT '是否更新数据',
  `requests_recovery` varchar(1) CHARACTER SET utf8mb4 COLLATE utf8mb4_general_ci NOT NULL COMMENT '是否接受恢复执行',
  `job_data` blob NULL COMMENT '存放持久化job对象',
  PRIMARY KEY (`sched_name`, `job_name`, `job_group`) USING BTREE
) ENGINE = InnoDB CHARACTER SET = utf8mb4 COLLATE = utf8mb4_general_ci COMMENT = '任务详细信息表' ROW_FORMAT = Dynamic;

-- ----------------------------
-- Records of qrtz_job_details
-- ----------------------------

-- ----------------------------
-- Table structure for qrtz_locks
-- ----------------------------
DROP TABLE IF EXISTS `qrtz_locks`;
CREATE TABLE `qrtz_locks`  (
  `sched_name` varchar(120) CHARACTER SET utf8mb4 COLLATE utf8mb4_general_ci NOT NULL COMMENT '调度名称',
  `lock_name` varchar(40) CHARACTER SET utf8mb4 COLLATE utf8mb4_general_ci NOT NULL COMMENT '悲观锁名称',
  PRIMARY KEY (`sched_name`, `lock_name`) USING BTREE
) ENGINE = InnoDB CHARACTER SET = utf8mb4 COLLATE = utf8mb4_general_ci COMMENT = '存储的悲观锁信息表' ROW_FORMAT = Dynamic;

-- ----------------------------
-- Records of qrtz_locks
-- ----------------------------

-- ----------------------------
-- Table structure for qrtz_paused_trigger_grps
-- ----------------------------
DROP TABLE IF EXISTS `qrtz_paused_trigger_grps`;
CREATE TABLE `qrtz_paused_trigger_grps`  (
  `sched_name` varchar(120) CHARACTER SET utf8mb4 COLLATE utf8mb4_general_ci NOT NULL COMMENT '调度名称',
  `trigger_group` varchar(200) CHARACTER SET utf8mb4 COLLATE utf8mb4_general_ci NOT NULL COMMENT 'qrtz_triggers表trigger_group的外键',
  PRIMARY KEY (`sched_name`, `trigger_group`) USING BTREE
) ENGINE = InnoDB CHARACTER SET = utf8mb4 COLLATE = utf8mb4_general_ci COMMENT = '暂停的触发器表' ROW_FORMAT = Dynamic;

-- ----------------------------
-- Records of qrtz_paused_trigger_grps
-- ----------------------------

-- ----------------------------
-- Table structure for qrtz_scheduler_state
-- ----------------------------
DROP TABLE IF EXISTS `qrtz_scheduler_state`;
CREATE TABLE `qrtz_scheduler_state`  (
  `sched_name` varchar(120) CHARACTER SET utf8mb4 COLLATE utf8mb4_general_ci NOT NULL COMMENT '调度名称',
  `instance_name` varchar(200) CHARACTER SET utf8mb4 COLLATE utf8mb4_general_ci NOT NULL COMMENT '实例名称',
  `last_checkin_time` bigint NOT NULL COMMENT '上次检查时间',
  `checkin_interval` bigint NOT NULL COMMENT '检查间隔时间',
  PRIMARY KEY (`sched_name`, `instance_name`) USING BTREE
) ENGINE = InnoDB CHARACTER SET = utf8mb4 COLLATE = utf8mb4_general_ci COMMENT = '调度器状态表' ROW_FORMAT = Dynamic;

-- ----------------------------
-- Records of qrtz_scheduler_state
-- ----------------------------

-- ----------------------------
-- Table structure for qrtz_simple_triggers
-- ----------------------------
DROP TABLE IF EXISTS `qrtz_simple_triggers`;
CREATE TABLE `qrtz_simple_triggers`  (
  `sched_name` varchar(120) CHARACTER SET utf8mb4 COLLATE utf8mb4_general_ci NOT NULL COMMENT '调度名称',
  `trigger_name` varchar(200) CHARACTER SET utf8mb4 COLLATE utf8mb4_general_ci NOT NULL COMMENT 'qrtz_triggers表trigger_name的外键',
  `trigger_group` varchar(200) CHARACTER SET utf8mb4 COLLATE utf8mb4_general_ci NOT NULL COMMENT 'qrtz_triggers表trigger_group的外键',
  `repeat_count` bigint NOT NULL COMMENT '重复的次数统计',
  `repeat_interval` bigint NOT NULL COMMENT '重复的间隔时间',
  `times_triggered` bigint NOT NULL COMMENT '已经触发的次数',
  PRIMARY KEY (`sched_name`, `trigger_name`, `trigger_group`) USING BTREE,
  CONSTRAINT `qrtz_simple_triggers_ibfk_1` FOREIGN KEY (`sched_name`, `trigger_name`, `trigger_group`) REFERENCES `qrtz_triggers` (`sched_name`, `trigger_name`, `trigger_group`) ON DELETE RESTRICT ON UPDATE RESTRICT
) ENGINE = InnoDB CHARACTER SET = utf8mb4 COLLATE = utf8mb4_general_ci COMMENT = '简单触发器的信息表' ROW_FORMAT = Dynamic;

-- ----------------------------
-- Records of qrtz_simple_triggers
-- ----------------------------

-- ----------------------------
-- Table structure for qrtz_simprop_triggers
-- ----------------------------
DROP TABLE IF EXISTS `qrtz_simprop_triggers`;
CREATE TABLE `qrtz_simprop_triggers`  (
  `sched_name` varchar(120) CHARACTER SET utf8mb4 COLLATE utf8mb4_general_ci NOT NULL COMMENT '调度名称',
  `trigger_name` varchar(200) CHARACTER SET utf8mb4 COLLATE utf8mb4_general_ci NOT NULL COMMENT 'qrtz_triggers表trigger_name的外键',
  `trigger_group` varchar(200) CHARACTER SET utf8mb4 COLLATE utf8mb4_general_ci NOT NULL COMMENT 'qrtz_triggers表trigger_group的外键',
  `str_prop_1` varchar(512) CHARACTER SET utf8mb4 COLLATE utf8mb4_general_ci NULL DEFAULT NULL COMMENT 'String类型的trigger的第一个参数',
  `str_prop_2` varchar(512) CHARACTER SET utf8mb4 COLLATE utf8mb4_general_ci NULL DEFAULT NULL COMMENT 'String类型的trigger的第二个参数',
  `str_prop_3` varchar(512) CHARACTER SET utf8mb4 COLLATE utf8mb4_general_ci NULL DEFAULT NULL COMMENT 'String类型的trigger的第三个参数',
  `int_prop_1` int NULL DEFAULT NULL COMMENT 'int类型的trigger的第一个参数',
  `int_prop_2` int NULL DEFAULT NULL COMMENT 'int类型的trigger的第二个参数',
  `long_prop_1` bigint NULL DEFAULT NULL COMMENT 'long类型的trigger的第一个参数',
  `long_prop_2` bigint NULL DEFAULT NULL COMMENT 'long类型的trigger的第二个参数',
  `dec_prop_1` decimal(13, 4) NULL DEFAULT NULL COMMENT 'decimal类型的trigger的第一个参数',
  `dec_prop_2` decimal(13, 4) NULL DEFAULT NULL COMMENT 'decimal类型的trigger的第二个参数',
  `bool_prop_1` varchar(1) CHARACTER SET utf8mb4 COLLATE utf8mb4_general_ci NULL DEFAULT NULL COMMENT 'Boolean类型的trigger的第一个参数',
  `bool_prop_2` varchar(1) CHARACTER SET utf8mb4 COLLATE utf8mb4_general_ci NULL DEFAULT NULL COMMENT 'Boolean类型的trigger的第二个参数',
  PRIMARY KEY (`sched_name`, `trigger_name`, `trigger_group`) USING BTREE,
  CONSTRAINT `qrtz_simprop_triggers_ibfk_1` FOREIGN KEY (`sched_name`, `trigger_name`, `trigger_group`) REFERENCES `qrtz_triggers` (`sched_name`, `trigger_name`, `trigger_group`) ON DELETE RESTRICT ON UPDATE RESTRICT
) ENGINE = InnoDB CHARACTER SET = utf8mb4 COLLATE = utf8mb4_general_ci COMMENT = '同步机制的行锁表' ROW_FORMAT = Dynamic;

-- ----------------------------
-- Records of qrtz_simprop_triggers
-- ----------------------------

-- ----------------------------
-- Table structure for qrtz_triggers
-- ----------------------------
DROP TABLE IF EXISTS `qrtz_triggers`;
CREATE TABLE `qrtz_triggers`  (
  `sched_name` varchar(120) CHARACTER SET utf8mb4 COLLATE utf8mb4_general_ci NOT NULL COMMENT '调度名称',
  `trigger_name` varchar(200) CHARACTER SET utf8mb4 COLLATE utf8mb4_general_ci NOT NULL COMMENT '触发器的名字',
  `trigger_group` varchar(200) CHARACTER SET utf8mb4 COLLATE utf8mb4_general_ci NOT NULL COMMENT '触发器所属组的名字',
  `job_name` varchar(200) CHARACTER SET utf8mb4 COLLATE utf8mb4_general_ci NOT NULL COMMENT 'qrtz_job_details表job_name的外键',
  `job_group` varchar(200) CHARACTER SET utf8mb4 COLLATE utf8mb4_general_ci NOT NULL COMMENT 'qrtz_job_details表job_group的外键',
  `description` varchar(250) CHARACTER SET utf8mb4 COLLATE utf8mb4_general_ci NULL DEFAULT NULL COMMENT '相关介绍',
  `next_fire_time` bigint NULL DEFAULT NULL COMMENT '上一次触发时间（毫秒）',
  `prev_fire_time` bigint NULL DEFAULT NULL COMMENT '下一次触发时间（默认为-1表示不触发）',
  `priority` int NULL DEFAULT NULL COMMENT '优先级',
  `trigger_state` varchar(16) CHARACTER SET utf8mb4 COLLATE utf8mb4_general_ci NOT NULL COMMENT '触发器状态',
  `trigger_type` varchar(8) CHARACTER SET utf8mb4 COLLATE utf8mb4_general_ci NOT NULL COMMENT '触发器的类型',
  `start_time` bigint NOT NULL COMMENT '开始时间',
  `end_time` bigint NULL DEFAULT NULL COMMENT '结束时间',
  `calendar_name` varchar(200) CHARACTER SET utf8mb4 COLLATE utf8mb4_general_ci NULL DEFAULT NULL COMMENT '日程表名称',
  `misfire_instr` smallint NULL DEFAULT NULL COMMENT '补偿执行的策略',
  `job_data` blob NULL COMMENT '存放持久化job对象',
  PRIMARY KEY (`sched_name`, `trigger_name`, `trigger_group`) USING BTREE,
  INDEX `sched_name`(`sched_name` ASC, `job_name` ASC, `job_group` ASC) USING BTREE,
  CONSTRAINT `qrtz_triggers_ibfk_1` FOREIGN KEY (`sched_name`, `job_name`, `job_group`) REFERENCES `qrtz_job_details` (`sched_name`, `job_name`, `job_group`) ON DELETE RESTRICT ON UPDATE RESTRICT
) ENGINE = InnoDB CHARACTER SET = utf8mb4 COLLATE = utf8mb4_general_ci COMMENT = '触发器详细信息表' ROW_FORMAT = Dynamic;

-- ----------------------------
-- Records of qrtz_triggers
-- ----------------------------

-- ----------------------------
-- Table structure for sys_config
-- ----------------------------
DROP TABLE IF EXISTS `sys_config`;
CREATE TABLE `sys_config`  (
  `config_id` int NOT NULL AUTO_INCREMENT COMMENT '参数主键',
  `config_name` varchar(100) CHARACTER SET utf8mb4 COLLATE utf8mb4_general_ci NULL DEFAULT '' COMMENT '参数名称',
  `config_key` varchar(100) CHARACTER SET utf8mb4 COLLATE utf8mb4_general_ci NULL DEFAULT '' COMMENT '参数键名',
  `config_value` varchar(500) CHARACTER SET utf8mb4 COLLATE utf8mb4_general_ci NULL DEFAULT '' COMMENT '参数键值',
  `config_type` char(1) CHARACTER SET utf8mb4 COLLATE utf8mb4_general_ci NULL DEFAULT 'N' COMMENT '系统内置（Y是 N否）',
  `create_by` varchar(64) CHARACTER SET utf8mb4 COLLATE utf8mb4_general_ci NULL DEFAULT '' COMMENT '创建者',
  `create_time` datetime NULL DEFAULT NULL COMMENT '创建时间',
  `update_by` varchar(64) CHARACTER SET utf8mb4 COLLATE utf8mb4_general_ci NULL DEFAULT '' COMMENT '更新者',
  `update_time` datetime NULL DEFAULT NULL COMMENT '更新时间',
  `remark` varchar(500) CHARACTER SET utf8mb4 COLLATE utf8mb4_general_ci NULL DEFAULT NULL COMMENT '备注',
  PRIMARY KEY (`config_id`) USING BTREE
) ENGINE = InnoDB AUTO_INCREMENT = 102 CHARACTER SET = utf8mb4 COLLATE = utf8mb4_general_ci COMMENT = '参数配置表' ROW_FORMAT = Dynamic;

-- ----------------------------
-- Records of sys_config
-- ----------------------------
INSERT INTO `sys_config` VALUES (3, '主框架页-侧边栏主题', 'sys.index.sideTheme', 'theme-dark', 'N', 'admin', '2024-04-10 15:08:50', 'admin', '2024-04-10 23:52:30', '深色主题theme-dark，浅色主题theme-light');
INSERT INTO `sys_config` VALUES (4, '账号自助-验证码开关', 'sys.account.captchaEnabled', 'true', 'Y', 'admin', '2024-04-10 15:08:50', '', NULL, '是否开启验证码功能（true开启，false关闭）');
INSERT INTO `sys_config` VALUES (5, '账号自助-是否开启用户注册功能', 'sys.account.registerUser', 'true', 'Y', 'admin', '2024-04-10 15:08:50', 'admin', '2024-04-13 00:19:45', '是否开启注册用户功能（true开启，false关闭）');
INSERT INTO `sys_config` VALUES (6, '用户登录-黑名单列表', 'sys.login.blackIPList', '', 'Y', 'admin', '2024-04-10 15:08:50', '', NULL, '设置登录IP黑名单限制，多个匹配项以;分隔，支持匹配（*通配、网段）');
INSERT INTO `sys_config` VALUES (101, '输入记录', 'record', 'JSON', 'Y', 'admin', '2024-04-10 23:53:17', '', NULL, '记录所有用户的输入值');

-- ----------------------------
-- Table structure for sys_dept
-- ----------------------------
DROP TABLE IF EXISTS `sys_dept`;
CREATE TABLE `sys_dept`  (
  `dept_id` bigint NOT NULL AUTO_INCREMENT COMMENT '部门id',
  `parent_id` bigint NULL DEFAULT 0 COMMENT '父部门id',
  `ancestors` varchar(50) CHARACTER SET utf8mb4 COLLATE utf8mb4_general_ci NULL DEFAULT '' COMMENT '祖级列表',
  `dept_name` varchar(30) CHARACTER SET utf8mb4 COLLATE utf8mb4_general_ci NULL DEFAULT '' COMMENT '部门名称',
  `order_num` int NULL DEFAULT 0 COMMENT '显示顺序',
  `leader` varchar(20) CHARACTER SET utf8mb4 COLLATE utf8mb4_general_ci NULL DEFAULT NULL COMMENT '负责人',
  `phone` varchar(11) CHARACTER SET utf8mb4 COLLATE utf8mb4_general_ci NULL DEFAULT NULL COMMENT '联系电话',
  `email` varchar(50) CHARACTER SET utf8mb4 COLLATE utf8mb4_general_ci NULL DEFAULT NULL COMMENT '邮箱',
  `status` char(1) CHARACTER SET utf8mb4 COLLATE utf8mb4_general_ci NULL DEFAULT '0' COMMENT '部门状态（0正常 1停用）',
  `del_flag` char(1) CHARACTER SET utf8mb4 COLLATE utf8mb4_general_ci NULL DEFAULT '0' COMMENT '删除标志（0代表存在 2代表删除）',
  `create_by` varchar(64) CHARACTER SET utf8mb4 COLLATE utf8mb4_general_ci NULL DEFAULT '' COMMENT '创建者',
  `create_time` datetime NULL DEFAULT NULL COMMENT '创建时间',
  `update_by` varchar(64) CHARACTER SET utf8mb4 COLLATE utf8mb4_general_ci NULL DEFAULT '' COMMENT '更新者',
  `update_time` datetime NULL DEFAULT NULL COMMENT '更新时间',
  PRIMARY KEY (`dept_id`) USING BTREE
) ENGINE = InnoDB AUTO_INCREMENT = 201 CHARACTER SET = utf8mb4 COLLATE = utf8mb4_general_ci COMMENT = '部门表' ROW_FORMAT = Dynamic;

-- ----------------------------
-- Records of sys_dept
-- ----------------------------
INSERT INTO `sys_dept` VALUES (100, 0, '0', 'AX', 0, 'ax', '176666666', 'ax@qq.com', '0', '0', 'admin', '2024-04-10 15:08:49', 'admin', '2024-04-14 21:09:36');
INSERT INTO `sys_dept` VALUES (101, 100, '0,100', '深圳总公司', 1, '若依', '15888888888', 'ry@qq.com', '0', '0', 'admin', '2024-04-10 15:08:49', '', NULL);
INSERT INTO `sys_dept` VALUES (102, 100, '0,100', '长沙分公司', 2, '若依', '15888888888', 'ry@qq.com', '0', '2', 'admin', '2024-04-10 15:08:49', '', NULL);
INSERT INTO `sys_dept` VALUES (103, 101, '0,100,101', '研发部门', 1, '若依', '15888888888', 'ry@qq.com', '0', '0', 'admin', '2024-04-10 15:08:49', '', NULL);
INSERT INTO `sys_dept` VALUES (104, 101, '0,100,101', '市场部门', 2, '若依', '15888888888', 'ry@qq.com', '0', '2', 'admin', '2024-04-10 15:08:49', '', NULL);
INSERT INTO `sys_dept` VALUES (105, 101, '0,100,101', '测试部门', 3, '若依', '15888888888', 'ry@qq.com', '0', '2', 'admin', '2024-04-10 15:08:49', '', NULL);
INSERT INTO `sys_dept` VALUES (106, 101, '0,100,101', '财务部门', 4, '若依', '15888888888', 'ry@qq.com', '0', '2', 'admin', '2024-04-10 15:08:49', '', NULL);
INSERT INTO `sys_dept` VALUES (107, 101, '0,100,101', '运维部门', 5, '若依', '15888888888', 'ry@qq.com', '0', '2', 'admin', '2024-04-10 15:08:49', '', NULL);
INSERT INTO `sys_dept` VALUES (108, 102, '0,100,102', '市场部门', 1, '若依', '15888888888', 'ry@qq.com', '0', '2', 'admin', '2024-04-10 15:08:49', '', NULL);
INSERT INTO `sys_dept` VALUES (109, 102, '0,100,102', '财务部门', 2, '若依', '15888888888', 'ry@qq.com', '0', '2', 'admin', '2024-04-10 15:08:49', '', NULL);
INSERT INTO `sys_dept` VALUES (200, 100, '0,100', '访客', 0, 'Win', '1333333333', NULL, '0', '0', 'admin', '2024-04-10 20:32:22', '', NULL);

-- ----------------------------
-- Table structure for sys_dict_data
-- ----------------------------
DROP TABLE IF EXISTS `sys_dict_data`;
CREATE TABLE `sys_dict_data`  (
  `dict_code` bigint NOT NULL AUTO_INCREMENT COMMENT '字典编码',
  `dict_sort` int NULL DEFAULT 0 COMMENT '字典排序',
  `dict_label` varchar(100) CHARACTER SET utf8mb4 COLLATE utf8mb4_general_ci NULL DEFAULT '' COMMENT '字典标签',
  `dict_value` varchar(100) CHARACTER SET utf8mb4 COLLATE utf8mb4_general_ci NULL DEFAULT '' COMMENT '字典键值',
  `dict_type` varchar(100) CHARACTER SET utf8mb4 COLLATE utf8mb4_general_ci NULL DEFAULT '' COMMENT '字典类型',
  `css_class` varchar(100) CHARACTER SET utf8mb4 COLLATE utf8mb4_general_ci NULL DEFAULT NULL COMMENT '样式属性（其他样式扩展）',
  `list_class` varchar(100) CHARACTER SET utf8mb4 COLLATE utf8mb4_general_ci NULL DEFAULT NULL COMMENT '表格回显样式',
  `is_default` char(1) CHARACTER SET utf8mb4 COLLATE utf8mb4_general_ci NULL DEFAULT 'N' COMMENT '是否默认（Y是 N否）',
  `status` char(1) CHARACTER SET utf8mb4 COLLATE utf8mb4_general_ci NULL DEFAULT '0' COMMENT '状态（0正常 1停用）',
  `create_by` varchar(64) CHARACTER SET utf8mb4 COLLATE utf8mb4_general_ci NULL DEFAULT '' COMMENT '创建者',
  `create_time` datetime NULL DEFAULT NULL COMMENT '创建时间',
  `update_by` varchar(64) CHARACTER SET utf8mb4 COLLATE utf8mb4_general_ci NULL DEFAULT '' COMMENT '更新者',
  `update_time` datetime NULL DEFAULT NULL COMMENT '更新时间',
  `remark` varchar(500) CHARACTER SET utf8mb4 COLLATE utf8mb4_general_ci NULL DEFAULT NULL COMMENT '备注',
  PRIMARY KEY (`dict_code`) USING BTREE
) ENGINE = InnoDB AUTO_INCREMENT = 102 CHARACTER SET = utf8mb4 COLLATE = utf8mb4_general_ci COMMENT = '字典数据表' ROW_FORMAT = Dynamic;

-- ----------------------------
-- Records of sys_dict_data
-- ----------------------------
INSERT INTO `sys_dict_data` VALUES (1, 1, '男', '0', 'sys_user_sex', '', '', 'Y', '0', 'admin', '2024-04-10 15:08:50', '', NULL, '性别男');
INSERT INTO `sys_dict_data` VALUES (2, 2, '女', '1', 'sys_user_sex', '', '', 'N', '0', 'admin', '2024-04-10 15:08:50', '', NULL, '性别女');
INSERT INTO `sys_dict_data` VALUES (3, 3, '未知', '2', 'sys_user_sex', '', '', 'N', '0', 'admin', '2024-04-10 15:08:50', '', NULL, '性别未知');
INSERT INTO `sys_dict_data` VALUES (4, 1, '显示', '0', 'sys_show_hide', '', 'primary', 'Y', '0', 'admin', '2024-04-10 15:08:50', '', NULL, '显示菜单');
INSERT INTO `sys_dict_data` VALUES (5, 2, '隐藏', '1', 'sys_show_hide', '', 'danger', 'N', '0', 'admin', '2024-04-10 15:08:50', '', NULL, '隐藏菜单');
INSERT INTO `sys_dict_data` VALUES (6, 1, '正常', '0', 'sys_normal_disable', '', 'primary', 'Y', '0', 'admin', '2024-04-10 15:08:50', '', NULL, '正常状态');
INSERT INTO `sys_dict_data` VALUES (7, 2, '停用', '1', 'sys_normal_disable', '', 'danger', 'N', '0', 'admin', '2024-04-10 15:08:50', '', NULL, '停用状态');
INSERT INTO `sys_dict_data` VALUES (8, 1, '正常', '0', 'sys_job_status', '', 'primary', 'Y', '0', 'admin', '2024-04-10 15:08:50', '', NULL, '正常状态');
INSERT INTO `sys_dict_data` VALUES (9, 2, '暂停', '1', 'sys_job_status', '', 'danger', 'N', '0', 'admin', '2024-04-10 15:08:50', '', NULL, '停用状态');
INSERT INTO `sys_dict_data` VALUES (10, 1, '默认', 'DEFAULT', 'sys_job_group', '', '', 'Y', '0', 'admin', '2024-04-10 15:08:50', '', NULL, '默认分组');
INSERT INTO `sys_dict_data` VALUES (11, 2, '系统', 'SYSTEM', 'sys_job_group', '', '', 'N', '0', 'admin', '2024-04-10 15:08:50', '', NULL, '系统分组');
INSERT INTO `sys_dict_data` VALUES (12, 1, '是', 'Y', 'sys_yes_no', '', 'primary', 'Y', '0', 'admin', '2024-04-10 15:08:50', '', NULL, '系统默认是');
INSERT INTO `sys_dict_data` VALUES (13, 2, '否', 'N', 'sys_yes_no', '', 'danger', 'N', '0', 'admin', '2024-04-10 15:08:50', '', NULL, '系统默认否');
INSERT INTO `sys_dict_data` VALUES (14, 1, '通知', '1', 'sys_notice_type', '', 'warning', 'Y', '0', 'admin', '2024-04-10 15:08:50', '', NULL, '通知');
INSERT INTO `sys_dict_data` VALUES (15, 2, '公告', '2', 'sys_notice_type', '', 'success', 'N', '0', 'admin', '2024-04-10 15:08:50', '', NULL, '公告');
INSERT INTO `sys_dict_data` VALUES (16, 1, '正常', '0', 'sys_notice_status', '', 'primary', 'Y', '0', 'admin', '2024-04-10 15:08:50', '', NULL, '正常状态');
INSERT INTO `sys_dict_data` VALUES (17, 2, '关闭', '1', 'sys_notice_status', '', 'danger', 'N', '0', 'admin', '2024-04-10 15:08:50', '', NULL, '关闭状态');
INSERT INTO `sys_dict_data` VALUES (18, 99, '其他', '0', 'sys_oper_type', '', 'info', 'N', '0', 'admin', '2024-04-10 15:08:50', '', NULL, '其他操作');
INSERT INTO `sys_dict_data` VALUES (19, 1, '新增', '1', 'sys_oper_type', '', 'info', 'N', '0', 'admin', '2024-04-10 15:08:50', '', NULL, '新增操作');
INSERT INTO `sys_dict_data` VALUES (20, 2, '修改', '2', 'sys_oper_type', '', 'info', 'N', '0', 'admin', '2024-04-10 15:08:50', '', NULL, '修改操作');
INSERT INTO `sys_dict_data` VALUES (21, 3, '删除', '3', 'sys_oper_type', '', 'danger', 'N', '0', 'admin', '2024-04-10 15:08:50', '', NULL, '删除操作');
INSERT INTO `sys_dict_data` VALUES (22, 4, '授权', '4', 'sys_oper_type', '', 'primary', 'N', '0', 'admin', '2024-04-10 15:08:50', '', NULL, '授权操作');
INSERT INTO `sys_dict_data` VALUES (23, 5, '导出', '5', 'sys_oper_type', '', 'warning', 'N', '0', 'admin', '2024-04-10 15:08:50', '', NULL, '导出操作');
INSERT INTO `sys_dict_data` VALUES (24, 6, '导入', '6', 'sys_oper_type', '', 'warning', 'N', '0', 'admin', '2024-04-10 15:08:50', '', NULL, '导入操作');
INSERT INTO `sys_dict_data` VALUES (25, 7, '强退', '7', 'sys_oper_type', '', 'danger', 'N', '0', 'admin', '2024-04-10 15:08:50', '', NULL, '强退操作');
INSERT INTO `sys_dict_data` VALUES (26, 8, '生成代码', '8', 'sys_oper_type', '', 'warning', 'N', '0', 'admin', '2024-04-10 15:08:50', '', NULL, '生成操作');
INSERT INTO `sys_dict_data` VALUES (27, 9, '清空数据', '9', 'sys_oper_type', '', 'danger', 'N', '0', 'admin', '2024-04-10 15:08:50', '', NULL, '清空操作');
INSERT INTO `sys_dict_data` VALUES (28, 1, '成功', '0', 'sys_common_status', '', 'primary', 'N', '0', 'admin', '2024-04-10 15:08:50', '', NULL, '正常状态');
INSERT INTO `sys_dict_data` VALUES (29, 2, '失败', '1', 'sys_common_status', '', 'danger', 'N', '0', 'admin', '2024-04-10 15:08:50', '', NULL, '停用状态');
INSERT INTO `sys_dict_data` VALUES (100, 1, '图片资源', 'image', 'website_type', '', NULL, '0', '0', 'admin', '2024-04-10 23:19:19', 'admin', '2024-04-10 23:19:44', '图片分类');
INSERT INTO `sys_dict_data` VALUES (101, 0, '设计资源', 'design', 'website_type', NULL, NULL, '0', '0', 'admin', '2024-04-11 15:28:57', '', NULL, '设计');

-- ----------------------------
-- Table structure for sys_dict_type
-- ----------------------------
DROP TABLE IF EXISTS `sys_dict_type`;
CREATE TABLE `sys_dict_type`  (
  `dict_id` bigint NOT NULL AUTO_INCREMENT COMMENT '字典主键',
  `dict_name` varchar(100) CHARACTER SET utf8mb4 COLLATE utf8mb4_general_ci NULL DEFAULT '' COMMENT '字典名称',
  `dict_type` varchar(100) CHARACTER SET utf8mb4 COLLATE utf8mb4_general_ci NULL DEFAULT '' COMMENT '字典类型',
  `status` char(1) CHARACTER SET utf8mb4 COLLATE utf8mb4_general_ci NULL DEFAULT '0' COMMENT '状态（0正常 1停用）',
  `create_by` varchar(64) CHARACTER SET utf8mb4 COLLATE utf8mb4_general_ci NULL DEFAULT '' COMMENT '创建者',
  `create_time` datetime NULL DEFAULT NULL COMMENT '创建时间',
  `update_by` varchar(64) CHARACTER SET utf8mb4 COLLATE utf8mb4_general_ci NULL DEFAULT '' COMMENT '更新者',
  `update_time` datetime NULL DEFAULT NULL COMMENT '更新时间',
  `remark` varchar(500) CHARACTER SET utf8mb4 COLLATE utf8mb4_general_ci NULL DEFAULT NULL COMMENT '备注',
  PRIMARY KEY (`dict_id`) USING BTREE,
  UNIQUE INDEX `dict_type`(`dict_type` ASC) USING BTREE
) ENGINE = InnoDB AUTO_INCREMENT = 102 CHARACTER SET = utf8mb4 COLLATE = utf8mb4_general_ci COMMENT = '字典类型表' ROW_FORMAT = Dynamic;

-- ----------------------------
-- Records of sys_dict_type
-- ----------------------------
INSERT INTO `sys_dict_type` VALUES (1, '用户性别', 'sys_user_sex', '0', 'admin', '2024-04-10 15:08:50', '', NULL, '用户性别列表');
INSERT INTO `sys_dict_type` VALUES (2, '菜单状态', 'sys_show_hide', '0', 'admin', '2024-04-10 15:08:50', '', NULL, '菜单状态列表');
INSERT INTO `sys_dict_type` VALUES (3, '系统开关', 'sys_normal_disable', '0', 'admin', '2024-04-10 15:08:50', '', NULL, '系统开关列表');
INSERT INTO `sys_dict_type` VALUES (4, '任务状态', 'sys_job_status', '0', 'admin', '2024-04-10 15:08:50', '', NULL, '任务状态列表');
INSERT INTO `sys_dict_type` VALUES (5, '任务分组', 'sys_job_group', '0', 'admin', '2024-04-10 15:08:50', '', NULL, '任务分组列表');
INSERT INTO `sys_dict_type` VALUES (6, '系统是否', 'sys_yes_no', '0', 'admin', '2024-04-10 15:08:50', '', NULL, '系统是否列表');
INSERT INTO `sys_dict_type` VALUES (7, '通知类型', 'sys_notice_type', '0', 'admin', '2024-04-10 15:08:50', '', NULL, '通知类型列表');
INSERT INTO `sys_dict_type` VALUES (8, '通知状态', 'sys_notice_status', '0', 'admin', '2024-04-10 15:08:50', '', NULL, '通知状态列表');
INSERT INTO `sys_dict_type` VALUES (9, '操作类型', 'sys_oper_type', '0', 'admin', '2024-04-10 15:08:50', '', NULL, '操作类型列表');
INSERT INTO `sys_dict_type` VALUES (10, '系统状态', 'sys_common_status', '0', 'admin', '2024-04-10 15:08:50', '', NULL, '登录状态列表');
INSERT INTO `sys_dict_type` VALUES (100, '网址分类', 'website_type', '0', 'admin', '2024-04-10 22:57:53', '', NULL, '网页分类列表');

-- ----------------------------
-- Table structure for sys_job
-- ----------------------------
DROP TABLE IF EXISTS `sys_job`;
CREATE TABLE `sys_job`  (
  `job_id` bigint NOT NULL AUTO_INCREMENT COMMENT '任务ID',
  `job_name` varchar(64) CHARACTER SET utf8mb4 COLLATE utf8mb4_general_ci NOT NULL DEFAULT '' COMMENT '任务名称',
  `job_group` varchar(64) CHARACTER SET utf8mb4 COLLATE utf8mb4_general_ci NOT NULL DEFAULT 'DEFAULT' COMMENT '任务组名',
  `invoke_target` varchar(500) CHARACTER SET utf8mb4 COLLATE utf8mb4_general_ci NOT NULL COMMENT '调用目标字符串',
  `cron_expression` varchar(255) CHARACTER SET utf8mb4 COLLATE utf8mb4_general_ci NULL DEFAULT '' COMMENT 'cron执行表达式',
  `misfire_policy` varchar(20) CHARACTER SET utf8mb4 COLLATE utf8mb4_general_ci NULL DEFAULT '3' COMMENT '计划执行错误策略（1立即执行 2执行一次 3放弃执行）',
  `concurrent` char(1) CHARACTER SET utf8mb4 COLLATE utf8mb4_general_ci NULL DEFAULT '1' COMMENT '是否并发执行（0允许 1禁止）',
  `status` char(1) CHARACTER SET utf8mb4 COLLATE utf8mb4_general_ci NULL DEFAULT '0' COMMENT '状态（0正常 1暂停）',
  `create_by` varchar(64) CHARACTER SET utf8mb4 COLLATE utf8mb4_general_ci NULL DEFAULT '' COMMENT '创建者',
  `create_time` datetime NULL DEFAULT NULL COMMENT '创建时间',
  `update_by` varchar(64) CHARACTER SET utf8mb4 COLLATE utf8mb4_general_ci NULL DEFAULT '' COMMENT '更新者',
  `update_time` datetime NULL DEFAULT NULL COMMENT '更新时间',
  `remark` varchar(500) CHARACTER SET utf8mb4 COLLATE utf8mb4_general_ci NULL DEFAULT '' COMMENT '备注信息',
  PRIMARY KEY (`job_id`, `job_name`, `job_group`) USING BTREE
) ENGINE = InnoDB AUTO_INCREMENT = 100 CHARACTER SET = utf8mb4 COLLATE = utf8mb4_general_ci COMMENT = '定时任务调度表' ROW_FORMAT = Dynamic;

-- ----------------------------
-- Records of sys_job
-- ----------------------------
INSERT INTO `sys_job` VALUES (1, '系统默认（无参）', 'DEFAULT', 'ryTask.ryNoParams', '0/10 * * * * ?', '3', '1', '1', 'admin', '2024-04-10 15:08:50', '', NULL, '');
INSERT INTO `sys_job` VALUES (2, '系统默认（有参）', 'DEFAULT', 'ryTask.ryParams(\'ry\')', '0/15 * * * * ?', '3', '1', '1', 'admin', '2024-04-10 15:08:50', '', NULL, '');
INSERT INTO `sys_job` VALUES (3, '系统默认（多参）', 'DEFAULT', 'ryTask.ryMultipleParams(\'ry\', true, 2000L, 316.50D, 100)', '0/20 * * * * ?', '3', '1', '1', 'admin', '2024-04-10 15:08:50', '', NULL, '');

-- ----------------------------
-- Table structure for sys_job_log
-- ----------------------------
DROP TABLE IF EXISTS `sys_job_log`;
CREATE TABLE `sys_job_log`  (
  `job_log_id` bigint NOT NULL AUTO_INCREMENT COMMENT '任务日志ID',
  `job_name` varchar(64) CHARACTER SET utf8mb4 COLLATE utf8mb4_general_ci NOT NULL COMMENT '任务名称',
  `job_group` varchar(64) CHARACTER SET utf8mb4 COLLATE utf8mb4_general_ci NOT NULL COMMENT '任务组名',
  `invoke_target` varchar(500) CHARACTER SET utf8mb4 COLLATE utf8mb4_general_ci NOT NULL COMMENT '调用目标字符串',
  `job_message` varchar(500) CHARACTER SET utf8mb4 COLLATE utf8mb4_general_ci NULL DEFAULT NULL COMMENT '日志信息',
  `status` char(1) CHARACTER SET utf8mb4 COLLATE utf8mb4_general_ci NULL DEFAULT '0' COMMENT '执行状态（0正常 1失败）',
  `exception_info` varchar(2000) CHARACTER SET utf8mb4 COLLATE utf8mb4_general_ci NULL DEFAULT '' COMMENT '异常信息',
  `create_time` datetime NULL DEFAULT NULL COMMENT '创建时间',
  PRIMARY KEY (`job_log_id`) USING BTREE
) ENGINE = InnoDB AUTO_INCREMENT = 1 CHARACTER SET = utf8mb4 COLLATE = utf8mb4_general_ci COMMENT = '定时任务调度日志表' ROW_FORMAT = Dynamic;

-- ----------------------------
-- Records of sys_job_log
-- ----------------------------

-- ----------------------------
-- Table structure for sys_logininfor
-- ----------------------------
DROP TABLE IF EXISTS `sys_logininfor`;
CREATE TABLE `sys_logininfor`  (
  `info_id` bigint NOT NULL AUTO_INCREMENT COMMENT '访问ID',
  `user_name` varchar(50) CHARACTER SET utf8mb4 COLLATE utf8mb4_general_ci NULL DEFAULT '' COMMENT '用户账号',
  `ipaddr` varchar(128) CHARACTER SET utf8mb4 COLLATE utf8mb4_general_ci NULL DEFAULT '' COMMENT '登录IP地址',
  `login_location` varchar(255) CHARACTER SET utf8mb4 COLLATE utf8mb4_general_ci NULL DEFAULT '' COMMENT '登录地点',
  `browser` varchar(50) CHARACTER SET utf8mb4 COLLATE utf8mb4_general_ci NULL DEFAULT '' COMMENT '浏览器类型',
  `os` varchar(50) CHARACTER SET utf8mb4 COLLATE utf8mb4_general_ci NULL DEFAULT '' COMMENT '操作系统',
  `status` char(1) CHARACTER SET utf8mb4 COLLATE utf8mb4_general_ci NULL DEFAULT '0' COMMENT '登录状态（0成功 1失败）',
  `msg` varchar(255) CHARACTER SET utf8mb4 COLLATE utf8mb4_general_ci NULL DEFAULT '' COMMENT '提示消息',
  `login_time` datetime NULL DEFAULT NULL COMMENT '访问时间',
  PRIMARY KEY (`info_id`) USING BTREE,
  INDEX `idx_sys_logininfor_s`(`status` ASC) USING BTREE,
  INDEX `idx_sys_logininfor_lt`(`login_time` ASC) USING BTREE
) ENGINE = InnoDB AUTO_INCREMENT = 200 CHARACTER SET = utf8mb4 COLLATE = utf8mb4_general_ci COMMENT = '系统访问记录' ROW_FORMAT = Dynamic;

-- ----------------------------
-- Records of sys_logininfor
-- ----------------------------
INSERT INTO `sys_logininfor` VALUES (100, 'admin', '127.0.0.1', '内网IP', 'Chrome 12', 'Windows 10', '0', '登录成功', '2024-04-10 16:50:30');
INSERT INTO `sys_logininfor` VALUES (101, 'admin', '127.0.0.1', '内网IP', 'Chrome 12', 'Windows 10', '1', '验证码已失效', '2024-04-10 17:55:12');
INSERT INTO `sys_logininfor` VALUES (102, 'admin', '127.0.0.1', '内网IP', 'Chrome 12', 'Windows 10', '0', '登录成功', '2024-04-10 17:55:14');
INSERT INTO `sys_logininfor` VALUES (103, 'admin', '127.0.0.1', '内网IP', 'Chrome 12', 'Windows 10', '0', '退出成功', '2024-04-10 17:57:37');
INSERT INTO `sys_logininfor` VALUES (104, 'admin', '127.0.0.1', '内网IP', 'Chrome 12', 'Windows 10', '0', '登录成功', '2024-04-10 17:58:03');
INSERT INTO `sys_logininfor` VALUES (105, 'admin', '127.0.0.1', '内网IP', 'Chrome 12', 'Windows 10', '1', '验证码已失效', '2024-04-10 18:17:13');
INSERT INTO `sys_logininfor` VALUES (106, 'admin', '127.0.0.1', '内网IP', 'Chrome 12', 'Windows 10', '0', '登录成功', '2024-04-10 18:17:16');
INSERT INTO `sys_logininfor` VALUES (107, 'admin', '127.0.0.1', '内网IP', 'Chrome 12', 'Windows 10', '0', '登录成功', '2024-04-10 19:51:39');
INSERT INTO `sys_logininfor` VALUES (108, 'admin', '127.0.0.1', '内网IP', 'Chrome 12', 'Windows 10', '0', '退出成功', '2024-04-10 21:00:03');
INSERT INTO `sys_logininfor` VALUES (109, 'admin', '127.0.0.1', '内网IP', 'Chrome 12', 'Windows 10', '0', '登录成功', '2024-04-10 21:00:06');
INSERT INTO `sys_logininfor` VALUES (110, 'ry', '127.0.0.1', '内网IP', 'Chrome 12', 'Windows 10', '0', '登录成功', '2024-04-10 21:00:34');
INSERT INTO `sys_logininfor` VALUES (111, 'ry', '127.0.0.1', '内网IP', 'Chrome 12', 'Windows 10', '0', '退出成功', '2024-04-10 21:58:30');
INSERT INTO `sys_logininfor` VALUES (112, 'ry', '127.0.0.1', '内网IP', 'Chrome 12', 'Windows 10', '0', '登录成功', '2024-04-10 21:58:35');
INSERT INTO `sys_logininfor` VALUES (113, 'admin', '127.0.0.1', '内网IP', 'Chrome 12', 'Windows 10', '1', '验证码错误', '2024-04-11 08:27:19');
INSERT INTO `sys_logininfor` VALUES (114, 'admin', '127.0.0.1', '内网IP', 'Chrome 12', 'Windows 10', '0', '登录成功', '2024-04-11 08:27:21');
INSERT INTO `sys_logininfor` VALUES (115, 'admin', '127.0.0.1', '内网IP', 'Chrome 12', 'Windows 10', '0', '登录成功', '2024-04-11 09:06:56');
INSERT INTO `sys_logininfor` VALUES (116, 'admin', '127.0.0.1', '内网IP', 'Chrome 12', 'Windows 10', '0', '登录成功', '2024-04-11 11:33:50');
INSERT INTO `sys_logininfor` VALUES (117, 'admin', '127.0.0.1', '内网IP', 'Chrome 12', 'Windows 10', '0', '登录成功', '2024-04-11 13:36:14');
INSERT INTO `sys_logininfor` VALUES (118, 'admin', '127.0.0.1', '内网IP', 'Chrome 12', 'Windows 10', '0', '登录成功', '2024-04-11 14:05:38');
INSERT INTO `sys_logininfor` VALUES (119, 'admin', '127.0.0.1', '内网IP', 'Chrome 12', 'Windows 10', '0', '登录成功', '2024-04-11 16:55:02');
INSERT INTO `sys_logininfor` VALUES (120, 'admin', '127.0.0.1', '内网IP', 'Chrome 12', 'Windows 10', '0', '登录成功', '2024-04-11 18:22:15');
INSERT INTO `sys_logininfor` VALUES (121, 'admin', '127.0.0.1', '内网IP', 'Chrome 12', 'Windows 10', '0', '登录成功', '2024-04-11 18:46:18');
INSERT INTO `sys_logininfor` VALUES (122, 'admin', '127.0.0.1', '内网IP', 'Chrome 12', 'Windows 10', '0', '登录成功', '2024-04-11 19:51:38');
INSERT INTO `sys_logininfor` VALUES (123, 'admin', '127.0.0.1', '内网IP', 'Chrome 12', 'Windows 10', '0', '退出成功', '2024-04-11 19:51:42');
INSERT INTO `sys_logininfor` VALUES (124, 'Annis', '127.0.0.1', '内网IP', 'Chrome 12', 'Windows 10', '0', '登录成功', '2024-04-11 19:51:48');
INSERT INTO `sys_logininfor` VALUES (125, 'admin', '127.0.0.1', '内网IP', 'Chrome 12', 'Windows 10', '0', '登录成功', '2024-04-11 20:43:52');
INSERT INTO `sys_logininfor` VALUES (126, 'admin', '127.0.0.1', '内网IP', 'Chrome 12', 'Windows 10', '0', '退出成功', '2024-04-11 20:43:56');
INSERT INTO `sys_logininfor` VALUES (127, 'Annis', '127.0.0.1', '内网IP', 'Chrome 12', 'Windows 10', '0', '登录成功', '2024-04-11 20:44:00');
INSERT INTO `sys_logininfor` VALUES (128, 'Annis', '127.0.0.1', '内网IP', 'Chrome 12', 'Windows 10', '0', '退出成功', '2024-04-11 20:45:40');
INSERT INTO `sys_logininfor` VALUES (129, 'Annis', '127.0.0.1', '内网IP', 'Chrome 12', 'Windows 10', '0', '登录成功', '2024-04-11 20:45:47');
INSERT INTO `sys_logininfor` VALUES (130, 'Annis', '127.0.0.1', '内网IP', 'Chrome 12', 'Windows 10', '0', '退出成功', '2024-04-11 20:54:06');
INSERT INTO `sys_logininfor` VALUES (131, 'admin', '127.0.0.1', '内网IP', 'Chrome 12', 'Windows 10', '0', '登录成功', '2024-04-11 20:54:09');
INSERT INTO `sys_logininfor` VALUES (132, 'admin', '127.0.0.1', '内网IP', 'Chrome 12', 'Windows 10', '0', '退出成功', '2024-04-11 20:54:13');
INSERT INTO `sys_logininfor` VALUES (133, 'Annis', '127.0.0.1', '内网IP', 'Chrome 12', 'Windows 10', '0', '登录成功', '2024-04-11 20:54:17');
INSERT INTO `sys_logininfor` VALUES (134, 'admin', '127.0.0.1', '内网IP', 'Chrome 12', 'Windows 10', '0', '登录成功', '2024-04-11 21:40:05');
INSERT INTO `sys_logininfor` VALUES (135, 'Annis', '127.0.0.1', '内网IP', 'Chrome 12', 'Windows 10', '0', '登录成功', '2024-04-11 22:07:45');
INSERT INTO `sys_logininfor` VALUES (136, 'admin', '127.0.0.1', '内网IP', 'Chrome 12', 'Windows 10', '0', '登录成功', '2024-04-11 22:14:47');
INSERT INTO `sys_logininfor` VALUES (137, 'admin', '127.0.0.1', '内网IP', 'Chrome 12', 'Windows 10', '1', '验证码错误', '2024-04-12 00:34:26');
INSERT INTO `sys_logininfor` VALUES (138, 'admin', '127.0.0.1', '内网IP', 'Chrome 12', 'Windows 10', '0', '登录成功', '2024-04-12 00:34:28');
INSERT INTO `sys_logininfor` VALUES (139, 'admin', '127.0.0.1', '内网IP', 'Chrome 12', 'Windows 10', '1', '验证码已失效', '2024-04-12 09:35:55');
INSERT INTO `sys_logininfor` VALUES (140, 'admin', '127.0.0.1', '内网IP', 'Chrome 12', 'Windows 10', '0', '登录成功', '2024-04-12 09:35:58');
INSERT INTO `sys_logininfor` VALUES (141, 'admin', '127.0.0.1', '内网IP', 'Chrome 12', 'Windows 10', '1', '验证码已失效', '2024-04-12 10:27:22');
INSERT INTO `sys_logininfor` VALUES (142, 'admin', '127.0.0.1', '内网IP', 'Chrome 12', 'Windows 10', '0', '登录成功', '2024-04-12 10:27:24');
INSERT INTO `sys_logininfor` VALUES (143, 'admin', '127.0.0.1', '内网IP', 'Chrome 12', 'Windows 10', '0', '登录成功', '2024-04-12 10:46:24');
INSERT INTO `sys_logininfor` VALUES (144, 'admin', '127.0.0.1', '内网IP', 'Chrome 12', 'Windows 10', '1', '验证码错误', '2024-04-12 12:54:45');
INSERT INTO `sys_logininfor` VALUES (145, 'admin', '127.0.0.1', '内网IP', 'Chrome 12', 'Windows 10', '0', '登录成功', '2024-04-12 12:54:47');
INSERT INTO `sys_logininfor` VALUES (146, 'admin', '127.0.0.1', '内网IP', 'Chrome 12', 'Windows 10', '0', '登录成功', '2024-04-12 13:37:27');
INSERT INTO `sys_logininfor` VALUES (147, 'admin', '127.0.0.1', '内网IP', 'Chrome 12', 'Windows 10', '0', '登录成功', '2024-04-12 17:56:30');
INSERT INTO `sys_logininfor` VALUES (148, 'admin', '127.0.0.1', '内网IP', 'Chrome 12', 'Windows 10', '0', '登录成功', '2024-04-12 18:15:31');
INSERT INTO `sys_logininfor` VALUES (149, 'admin', '127.0.0.1', '内网IP', 'Chrome 12', 'Windows 10', '0', '登录成功', '2024-04-12 18:58:06');
INSERT INTO `sys_logininfor` VALUES (150, 'admin', '127.0.0.1', '内网IP', 'Chrome 12', 'Windows 10', '0', '登录成功', '2024-04-12 19:59:16');
INSERT INTO `sys_logininfor` VALUES (151, 'admin', '127.0.0.1', '内网IP', 'Chrome 12', 'Windows 10', '0', '登录成功', '2024-04-12 20:48:25');
INSERT INTO `sys_logininfor` VALUES (152, 'admin', '127.0.0.1', '内网IP', 'Chrome 12', 'Windows 10', '0', '登录成功', '2024-04-12 23:17:26');
INSERT INTO `sys_logininfor` VALUES (153, 'admin', '127.0.0.1', '内网IP', 'Chrome 12', 'Windows 10', '0', '退出成功', '2024-04-13 00:16:17');
INSERT INTO `sys_logininfor` VALUES (154, 'admin', '127.0.0.1', '内网IP', 'Chrome 12', 'Windows 10', '0', '登录成功', '2024-04-13 00:19:21');
INSERT INTO `sys_logininfor` VALUES (155, 'admin', '127.0.0.1', '内网IP', 'Chrome 12', 'Windows 10', '0', '退出成功', '2024-04-13 00:20:01');
INSERT INTO `sys_logininfor` VALUES (156, 'admin', '127.0.0.1', '内网IP', 'Chrome 12', 'Windows 10', '0', '登录成功', '2024-04-13 00:23:35');
INSERT INTO `sys_logininfor` VALUES (157, 'admin', '127.0.0.1', '内网IP', 'Chrome 12', 'Windows 10', '0', '退出成功', '2024-04-13 00:24:20');
INSERT INTO `sys_logininfor` VALUES (158, 'admin', '127.0.0.1', '内网IP', 'Chrome 12', 'Windows 10', '0', '登录成功', '2024-04-13 08:42:30');
INSERT INTO `sys_logininfor` VALUES (159, 'admin', '127.0.0.1', '内网IP', 'Chrome 12', 'Windows 10', '0', '登录成功', '2024-04-13 09:58:09');
INSERT INTO `sys_logininfor` VALUES (160, 'admin', '127.0.0.1', '内网IP', 'Chrome 12', 'Windows 10', '0', '登录成功', '2024-04-13 11:03:02');
INSERT INTO `sys_logininfor` VALUES (161, 'admin', '127.0.0.1', '内网IP', 'Chrome 12', 'Windows 10', '0', '登录成功', '2024-04-13 13:36:51');
INSERT INTO `sys_logininfor` VALUES (162, 'admin', '127.0.0.1', '内网IP', 'Chrome 12', 'Windows 10', '0', '登录成功', '2024-04-13 16:29:29');
INSERT INTO `sys_logininfor` VALUES (163, 'admin', '127.0.0.1', '内网IP', 'Chrome 12', 'Windows 10', '0', '登录成功', '2024-04-13 18:26:32');
INSERT INTO `sys_logininfor` VALUES (164, 'admin', '127.0.0.1', '内网IP', 'Chrome 12', 'Windows 10', '0', '退出成功', '2024-04-13 18:30:40');
INSERT INTO `sys_logininfor` VALUES (165, 'admin', '127.0.0.1', '内网IP', 'Chrome 12', 'Windows 10', '1', '验证码已失效', '2024-04-13 18:40:33');
INSERT INTO `sys_logininfor` VALUES (166, 'admin', '127.0.0.1', '内网IP', 'Chrome 12', 'Windows 10', '0', '登录成功', '2024-04-13 19:02:49');
INSERT INTO `sys_logininfor` VALUES (167, 'admin', '127.0.0.1', '内网IP', 'Chrome 12', 'Windows 10', '0', '退出成功', '2024-04-13 19:06:43');
INSERT INTO `sys_logininfor` VALUES (168, 'test23', '127.0.0.1', '内网IP', 'Chrome 12', 'Windows 10', '0', '注册成功', '2024-04-13 19:10:32');
INSERT INTO `sys_logininfor` VALUES (169, 'admin', '127.0.0.1', '内网IP', 'Chrome 12', 'Windows 10', '0', '登录成功', '2024-04-13 19:11:54');
INSERT INTO `sys_logininfor` VALUES (170, '123456', '127.0.0.1', '内网IP', 'Chrome 12', 'Windows 10', '0', '注册成功', '2024-04-13 19:20:07');
INSERT INTO `sys_logininfor` VALUES (171, 'sadfasd', '127.0.0.1', '内网IP', 'Chrome 12', 'Windows 10', '0', '注册成功', '2024-04-13 19:23:43');
INSERT INTO `sys_logininfor` VALUES (172, 'sadfasd', '127.0.0.1', '内网IP', 'Chrome 12', 'Windows 10', '0', '登录成功', '2024-04-13 19:24:08');
INSERT INTO `sys_logininfor` VALUES (173, 'cabcab', '127.0.0.1', '内网IP', 'Chrome 12', 'Windows 10', '0', '注册成功', '2024-04-13 20:42:44');
INSERT INTO `sys_logininfor` VALUES (174, 'cabcab', '127.0.0.1', '内网IP', 'Chrome 12', 'Windows 10', '1', '验证码错误', '2024-04-13 20:42:47');
INSERT INTO `sys_logininfor` VALUES (175, 'cabcab', '127.0.0.1', '内网IP', 'Chrome 12', 'Windows 10', '0', '登录成功', '2024-04-13 20:42:54');
INSERT INTO `sys_logininfor` VALUES (176, 'admin', '127.0.0.1', '内网IP', 'Chrome 12', 'Windows 10', '0', '登录成功', '2024-04-13 21:13:30');
INSERT INTO `sys_logininfor` VALUES (177, 'admin', '192.168.1.124', '内网IP', 'Chrome 12', 'Windows 10', '0', '登录成功', '2024-04-13 21:31:57');
INSERT INTO `sys_logininfor` VALUES (178, 'admin', '192.168.1.124', '内网IP', 'Chrome 12', 'Windows 10', '0', '退出成功', '2024-04-13 21:32:03');
INSERT INTO `sys_logininfor` VALUES (179, 'sadfasd', '192.168.1.124', '内网IP', 'Chrome 12', 'Windows 10', '0', '登录成功', '2024-04-13 21:32:46');
INSERT INTO `sys_logininfor` VALUES (180, 'sadfasd', '192.168.1.124', '内网IP', 'Chrome 12', 'Windows 10', '0', '退出成功', '2024-04-13 21:42:29');
INSERT INTO `sys_logininfor` VALUES (181, 'sadfasd', '192.168.1.124', '内网IP', 'Chrome 12', 'Windows 10', '0', '登录成功', '2024-04-13 21:42:34');
INSERT INTO `sys_logininfor` VALUES (182, 'sadfasd', '192.168.1.124', '内网IP', 'Chrome 12', 'Windows 10', '0', '退出成功', '2024-04-13 21:43:26');
INSERT INTO `sys_logininfor` VALUES (183, 'sadfasd', '192.168.1.124', '内网IP', 'Chrome 12', 'Windows 10', '0', '登录成功', '2024-04-13 21:43:42');
INSERT INTO `sys_logininfor` VALUES (184, 'sadfasd', '192.168.1.124', '内网IP', 'Chrome 12', 'Windows 10', '0', '登录成功', '2024-04-13 21:46:07');
INSERT INTO `sys_logininfor` VALUES (185, 'admin', '192.168.1.124', '内网IP', 'Chrome 12', 'Windows 10', '0', '登录成功', '2024-04-13 21:46:24');
INSERT INTO `sys_logininfor` VALUES (186, 'sadfasd', '192.168.1.124', '内网IP', 'Chrome 12', 'Windows 10', '0', '登录成功', '2024-04-13 21:46:32');
INSERT INTO `sys_logininfor` VALUES (187, 'admin', '192.168.1.124', '内网IP', 'Chrome 12', 'Windows 10', '0', '登录成功', '2024-04-13 22:57:53');
INSERT INTO `sys_logininfor` VALUES (188, 'admin', '192.168.1.124', '内网IP', 'Chrome 12', 'Windows 10', '1', '验证码错误', '2024-04-14 09:33:52');
INSERT INTO `sys_logininfor` VALUES (189, 'admin', '192.168.1.124', '内网IP', 'Chrome 12', 'Windows 10', '1', '验证码错误', '2024-04-14 09:33:54');
INSERT INTO `sys_logininfor` VALUES (190, 'admin', '192.168.1.124', '内网IP', 'Chrome 12', 'Windows 10', '0', '登录成功', '2024-04-14 09:33:56');
INSERT INTO `sys_logininfor` VALUES (191, 'admin', '192.168.1.124', '内网IP', 'Chrome 12', 'Windows 10', '0', '登录成功', '2024-04-14 10:42:58');
INSERT INTO `sys_logininfor` VALUES (192, 'admin', '192.168.1.124', '内网IP', 'Chrome 12', 'Windows 10', '0', '登录成功', '2024-04-14 12:30:20');
INSERT INTO `sys_logininfor` VALUES (193, 'admin', '192.168.1.124', '内网IP', 'Chrome 12', 'Windows 10', '0', '登录成功', '2024-04-14 14:46:05');
INSERT INTO `sys_logininfor` VALUES (194, 'admin', '192.168.1.124', '内网IP', 'Chrome 12', 'Windows 10', '0', '登录成功', '2024-04-14 17:42:30');
INSERT INTO `sys_logininfor` VALUES (195, 'admin', '192.168.1.124', '内网IP', 'Chrome 12', 'Windows 10', '0', '登录成功', '2024-04-14 19:05:21');
INSERT INTO `sys_logininfor` VALUES (196, 'admin', '127.0.0.1', '内网IP', 'Chrome 12', 'Windows 10', '0', '登录成功', '2024-04-15 08:54:01');
INSERT INTO `sys_logininfor` VALUES (197, 'sadfasd', '127.0.0.1', '内网IP', 'Chrome 12', 'Windows 10', '0', '登录成功', '2024-04-15 10:18:49');
INSERT INTO `sys_logininfor` VALUES (198, 'admin', '127.0.0.1', '内网IP', 'Chrome 12', 'Windows 10', '0', '登录成功', '2024-04-15 10:22:36');
INSERT INTO `sys_logininfor` VALUES (199, 'sadfasd', '127.0.0.1', '内网IP', 'Chrome 12', 'Windows 10', '0', '登录成功', '2024-04-15 10:30:55');

-- ----------------------------
-- Table structure for sys_menu
-- ----------------------------
DROP TABLE IF EXISTS `sys_menu`;
CREATE TABLE `sys_menu`  (
  `menu_id` bigint NOT NULL AUTO_INCREMENT COMMENT '菜单ID',
  `menu_name` varchar(50) CHARACTER SET utf8mb4 COLLATE utf8mb4_general_ci NOT NULL COMMENT '菜单名称',
  `parent_id` bigint NULL DEFAULT 0 COMMENT '父菜单ID',
  `order_num` int NULL DEFAULT 0 COMMENT '显示顺序',
  `path` varchar(200) CHARACTER SET utf8mb4 COLLATE utf8mb4_general_ci NULL DEFAULT '' COMMENT '路由地址',
  `component` varchar(255) CHARACTER SET utf8mb4 COLLATE utf8mb4_general_ci NULL DEFAULT NULL COMMENT '组件路径',
  `query` varchar(255) CHARACTER SET utf8mb4 COLLATE utf8mb4_general_ci NULL DEFAULT NULL COMMENT '路由参数',
  `is_frame` int NULL DEFAULT 1 COMMENT '是否为外链（0是 1否）',
  `is_cache` int NULL DEFAULT 0 COMMENT '是否缓存（0缓存 1不缓存）',
  `menu_type` char(1) CHARACTER SET utf8mb4 COLLATE utf8mb4_general_ci NULL DEFAULT '' COMMENT '菜单类型（M目录 C菜单 F按钮）',
  `visible` char(1) CHARACTER SET utf8mb4 COLLATE utf8mb4_general_ci NULL DEFAULT '0' COMMENT '菜单状态（0显示 1隐藏）',
  `status` char(1) CHARACTER SET utf8mb4 COLLATE utf8mb4_general_ci NULL DEFAULT '0' COMMENT '菜单状态（0正常 1停用）',
  `perms` varchar(100) CHARACTER SET utf8mb4 COLLATE utf8mb4_general_ci NULL DEFAULT NULL COMMENT '权限标识',
  `icon` varchar(100) CHARACTER SET utf8mb4 COLLATE utf8mb4_general_ci NULL DEFAULT '#' COMMENT '菜单图标',
  `create_by` varchar(64) CHARACTER SET utf8mb4 COLLATE utf8mb4_general_ci NULL DEFAULT '' COMMENT '创建者',
  `create_time` datetime NULL DEFAULT NULL COMMENT '创建时间',
  `update_by` varchar(64) CHARACTER SET utf8mb4 COLLATE utf8mb4_general_ci NULL DEFAULT '' COMMENT '更新者',
  `update_time` datetime NULL DEFAULT NULL COMMENT '更新时间',
  `remark` varchar(500) CHARACTER SET utf8mb4 COLLATE utf8mb4_general_ci NULL DEFAULT '' COMMENT '备注',
  PRIMARY KEY (`menu_id`) USING BTREE
) ENGINE = InnoDB AUTO_INCREMENT = 2075 CHARACTER SET = utf8mb4 COLLATE = utf8mb4_general_ci COMMENT = '菜单权限表' ROW_FORMAT = Dynamic;

-- ----------------------------
-- Records of sys_menu
-- ----------------------------
INSERT INTO `sys_menu` VALUES (1, '系统管理', 0, 1, 'system', NULL, '', 1, 0, 'M', '0', '0', '', 'system', 'admin', '2024-04-10 15:08:49', '', NULL, '系统管理目录');
INSERT INTO `sys_menu` VALUES (2, '系统监控', 0, 2, 'monitor', NULL, '', 1, 0, 'M', '0', '0', '', 'monitor', 'admin', '2024-04-10 15:08:49', '', NULL, '系统监控目录');
INSERT INTO `sys_menu` VALUES (100, '用户管理', 1, 1, 'user', 'system/user/index', '', 1, 0, 'C', '0', '0', 'system:user:list', 'user', 'admin', '2024-04-10 15:08:49', '', NULL, '用户管理菜单');
INSERT INTO `sys_menu` VALUES (101, '身份管理', 1, 0, 'role', 'system/role/index', '', 1, 0, 'C', '0', '0', 'system:role:list', 'peoples', 'admin', '2024-04-10 15:08:49', 'admin', '2024-04-11 15:32:47', '角色管理菜单');
INSERT INTO `sys_menu` VALUES (102, '菜单管理', 1, 3, 'menu', 'system/menu/index', '', 1, 0, 'C', '0', '0', 'system:menu:list', 'tree-table', 'admin', '2024-04-10 15:08:49', '', NULL, '菜单管理菜单');
INSERT INTO `sys_menu` VALUES (103, '部门管理', 1, 4, 'dept', 'system/dept/index', '', 1, 0, 'C', '0', '0', 'system:dept:list', 'tree', 'admin', '2024-04-10 15:08:49', '', NULL, '部门管理菜单');
INSERT INTO `sys_menu` VALUES (104, '岗位管理', 1, 5, 'post', 'system/post/index', '', 1, 0, 'C', '0', '0', 'system:post:list', 'post', 'admin', '2024-04-10 15:08:49', '', NULL, '岗位管理菜单');
INSERT INTO `sys_menu` VALUES (105, '字典管理', 1, 6, 'dict', 'system/dict/index', '', 1, 0, 'C', '0', '0', 'system:dict:list', 'dict', 'admin', '2024-04-10 15:08:49', '', NULL, '字典管理菜单');
INSERT INTO `sys_menu` VALUES (106, '参数设置', 1, 7, 'config', 'system/config/index', '', 1, 0, 'C', '0', '0', 'system:config:list', 'edit', 'admin', '2024-04-10 15:08:49', '', NULL, '参数设置菜单');
INSERT INTO `sys_menu` VALUES (107, '通知公告', 1, 8, 'notice', 'system/notice/index', '', 1, 0, 'C', '0', '0', 'system:notice:list', 'message', 'admin', '2024-04-10 15:08:49', '', NULL, '通知公告菜单');
INSERT INTO `sys_menu` VALUES (108, '日志管理', 1, 9, 'log', '', '', 1, 0, 'M', '0', '0', '', 'log', 'admin', '2024-04-10 15:08:49', '', NULL, '日志管理菜单');
INSERT INTO `sys_menu` VALUES (109, '在线用户', 2, 1, 'online', 'monitor/online/index', '', 1, 0, 'C', '0', '0', 'monitor:online:list', 'online', 'admin', '2024-04-10 15:08:49', '', NULL, '在线用户菜单');
INSERT INTO `sys_menu` VALUES (110, '定时任务', 2, 2, 'job', 'monitor/job/index', '', 1, 0, 'C', '0', '0', 'monitor:job:list', 'job', 'admin', '2024-04-10 15:08:49', '', NULL, '定时任务菜单');
INSERT INTO `sys_menu` VALUES (111, '数据监控', 2, 3, 'druid', 'monitor/druid/index', '', 1, 0, 'C', '0', '0', 'monitor:druid:list', 'druid', 'admin', '2024-04-10 15:08:49', '', NULL, '数据监控菜单');
INSERT INTO `sys_menu` VALUES (112, '服务监控', 2, 4, 'server', 'monitor/server/index', '', 1, 0, 'C', '0', '0', 'monitor:server:list', 'server', 'admin', '2024-04-10 15:08:49', '', NULL, '服务监控菜单');
INSERT INTO `sys_menu` VALUES (113, '缓存监控', 2, 5, 'cache', 'monitor/cache/index', '', 1, 0, 'C', '0', '0', 'monitor:cache:list', 'redis', 'admin', '2024-04-10 15:08:49', '', NULL, '缓存监控菜单');
INSERT INTO `sys_menu` VALUES (114, '缓存列表', 2, 6, 'cacheList', 'monitor/cache/list', '', 1, 0, 'C', '0', '0', 'monitor:cache:list', 'redis-list', 'admin', '2024-04-10 15:08:49', '', NULL, '缓存列表菜单');
INSERT INTO `sys_menu` VALUES (116, '代码生成', 1, 2, 'gen', 'tool/gen/index', '', 1, 0, 'C', '0', '0', 'tool:gen:list', 'code', 'admin', '2024-04-10 15:08:49', 'admin', '2024-04-11 11:34:31', '代码生成菜单');
INSERT INTO `sys_menu` VALUES (500, '操作日志', 108, 1, 'operlog', 'monitor/operlog/index', '', 1, 0, 'C', '0', '0', 'monitor:operlog:list', 'form', 'admin', '2024-04-10 15:08:49', '', NULL, '操作日志菜单');
INSERT INTO `sys_menu` VALUES (501, '登录日志', 108, 2, 'logininfor', 'monitor/logininfor/index', '', 1, 0, 'C', '0', '0', 'monitor:logininfor:list', 'logininfor', 'admin', '2024-04-10 15:08:49', '', NULL, '登录日志菜单');
INSERT INTO `sys_menu` VALUES (1000, '用户查询', 100, 1, '', '', '', 1, 0, 'F', '0', '0', 'system:user:query', '#', 'admin', '2024-04-10 15:08:49', '', NULL, '');
INSERT INTO `sys_menu` VALUES (1001, '用户新增', 100, 2, '', '', '', 1, 0, 'F', '0', '0', 'system:user:add', '#', 'admin', '2024-04-10 15:08:49', '', NULL, '');
INSERT INTO `sys_menu` VALUES (1002, '用户修改', 100, 3, '', '', '', 1, 0, 'F', '0', '0', 'system:user:edit', '#', 'admin', '2024-04-10 15:08:49', '', NULL, '');
INSERT INTO `sys_menu` VALUES (1003, '用户删除', 100, 4, '', '', '', 1, 0, 'F', '0', '0', 'system:user:remove', '#', 'admin', '2024-04-10 15:08:49', '', NULL, '');
INSERT INTO `sys_menu` VALUES (1004, '用户导出', 100, 5, '', '', '', 1, 0, 'F', '0', '0', 'system:user:export', '#', 'admin', '2024-04-10 15:08:49', '', NULL, '');
INSERT INTO `sys_menu` VALUES (1005, '用户导入', 100, 6, '', '', '', 1, 0, 'F', '0', '0', 'system:user:import', '#', 'admin', '2024-04-10 15:08:49', '', NULL, '');
INSERT INTO `sys_menu` VALUES (1006, '重置密码', 100, 7, '', '', '', 1, 0, 'F', '0', '0', 'system:user:resetPwd', '#', 'admin', '2024-04-10 15:08:49', '', NULL, '');
INSERT INTO `sys_menu` VALUES (1007, '身份查询', 101, 1, '', '', '', 1, 0, 'F', '0', '0', 'system:role:query', '#', 'admin', '2024-04-10 15:08:49', 'admin', '2024-04-10 20:29:52', '');
INSERT INTO `sys_menu` VALUES (1008, '身份新增', 101, 2, '', '', '', 1, 0, 'F', '0', '0', 'system:role:add', '#', 'admin', '2024-04-10 15:08:49', 'admin', '2024-04-10 20:30:01', '');
INSERT INTO `sys_menu` VALUES (1009, '身份修改', 101, 3, '', '', '', 1, 0, 'F', '0', '0', 'system:role:edit', '#', 'admin', '2024-04-10 15:08:49', 'admin', '2024-04-10 20:30:05', '');
INSERT INTO `sys_menu` VALUES (1010, '身份删除', 101, 4, '', '', '', 1, 0, 'F', '0', '0', 'system:role:remove', '#', 'admin', '2024-04-10 15:08:49', 'admin', '2024-04-10 20:30:09', '');
INSERT INTO `sys_menu` VALUES (1011, '身份导出', 101, 5, '', '', '', 1, 0, 'F', '0', '0', 'system:role:export', '#', 'admin', '2024-04-10 15:08:49', 'admin', '2024-04-10 20:30:14', '');
INSERT INTO `sys_menu` VALUES (1012, '菜单查询', 102, 1, '', '', '', 1, 0, 'F', '0', '0', 'system:menu:query', '#', 'admin', '2024-04-10 15:08:49', '', NULL, '');
INSERT INTO `sys_menu` VALUES (1013, '菜单新增', 102, 2, '', '', '', 1, 0, 'F', '0', '0', 'system:menu:add', '#', 'admin', '2024-04-10 15:08:49', '', NULL, '');
INSERT INTO `sys_menu` VALUES (1014, '菜单修改', 102, 3, '', '', '', 1, 0, 'F', '0', '0', 'system:menu:edit', '#', 'admin', '2024-04-10 15:08:49', '', NULL, '');
INSERT INTO `sys_menu` VALUES (1015, '菜单删除', 102, 4, '', '', '', 1, 0, 'F', '0', '0', 'system:menu:remove', '#', 'admin', '2024-04-10 15:08:49', '', NULL, '');
INSERT INTO `sys_menu` VALUES (1016, '部门查询', 103, 1, '', '', '', 1, 0, 'F', '0', '0', 'system:dept:query', '#', 'admin', '2024-04-10 15:08:49', '', NULL, '');
INSERT INTO `sys_menu` VALUES (1017, '部门新增', 103, 2, '', '', '', 1, 0, 'F', '0', '0', 'system:dept:add', '#', 'admin', '2024-04-10 15:08:49', '', NULL, '');
INSERT INTO `sys_menu` VALUES (1018, '部门修改', 103, 3, '', '', '', 1, 0, 'F', '0', '0', 'system:dept:edit', '#', 'admin', '2024-04-10 15:08:49', '', NULL, '');
INSERT INTO `sys_menu` VALUES (1019, '部门删除', 103, 4, '', '', '', 1, 0, 'F', '0', '0', 'system:dept:remove', '#', 'admin', '2024-04-10 15:08:49', '', NULL, '');
INSERT INTO `sys_menu` VALUES (1020, '岗位查询', 104, 1, '', '', '', 1, 0, 'F', '0', '0', 'system:post:query', '#', 'admin', '2024-04-10 15:08:49', '', NULL, '');
INSERT INTO `sys_menu` VALUES (1021, '岗位新增', 104, 2, '', '', '', 1, 0, 'F', '0', '0', 'system:post:add', '#', 'admin', '2024-04-10 15:08:49', '', NULL, '');
INSERT INTO `sys_menu` VALUES (1022, '岗位修改', 104, 3, '', '', '', 1, 0, 'F', '0', '0', 'system:post:edit', '#', 'admin', '2024-04-10 15:08:49', '', NULL, '');
INSERT INTO `sys_menu` VALUES (1023, '岗位删除', 104, 4, '', '', '', 1, 0, 'F', '0', '0', 'system:post:remove', '#', 'admin', '2024-04-10 15:08:49', '', NULL, '');
INSERT INTO `sys_menu` VALUES (1024, '岗位导出', 104, 5, '', '', '', 1, 0, 'F', '0', '0', 'system:post:export', '#', 'admin', '2024-04-10 15:08:49', '', NULL, '');
INSERT INTO `sys_menu` VALUES (1025, '字典查询', 105, 1, '#', '', '', 1, 0, 'F', '0', '0', 'system:dict:query', '#', 'admin', '2024-04-10 15:08:49', '', NULL, '');
INSERT INTO `sys_menu` VALUES (1026, '字典新增', 105, 2, '#', '', '', 1, 0, 'F', '0', '0', 'system:dict:add', '#', 'admin', '2024-04-10 15:08:49', '', NULL, '');
INSERT INTO `sys_menu` VALUES (1027, '字典修改', 105, 3, '#', '', '', 1, 0, 'F', '0', '0', 'system:dict:edit', '#', 'admin', '2024-04-10 15:08:49', '', NULL, '');
INSERT INTO `sys_menu` VALUES (1028, '字典删除', 105, 4, '#', '', '', 1, 0, 'F', '0', '0', 'system:dict:remove', '#', 'admin', '2024-04-10 15:08:49', '', NULL, '');
INSERT INTO `sys_menu` VALUES (1029, '字典导出', 105, 5, '#', '', '', 1, 0, 'F', '0', '0', 'system:dict:export', '#', 'admin', '2024-04-10 15:08:49', '', NULL, '');
INSERT INTO `sys_menu` VALUES (1030, '参数查询', 106, 1, '#', '', '', 1, 0, 'F', '0', '0', 'system:config:query', '#', 'admin', '2024-04-10 15:08:49', '', NULL, '');
INSERT INTO `sys_menu` VALUES (1031, '参数新增', 106, 2, '#', '', '', 1, 0, 'F', '0', '0', 'system:config:add', '#', 'admin', '2024-04-10 15:08:49', '', NULL, '');
INSERT INTO `sys_menu` VALUES (1032, '参数修改', 106, 3, '#', '', '', 1, 0, 'F', '0', '0', 'system:config:edit', '#', 'admin', '2024-04-10 15:08:49', '', NULL, '');
INSERT INTO `sys_menu` VALUES (1033, '参数删除', 106, 4, '#', '', '', 1, 0, 'F', '0', '0', 'system:config:remove', '#', 'admin', '2024-04-10 15:08:49', '', NULL, '');
INSERT INTO `sys_menu` VALUES (1034, '参数导出', 106, 5, '#', '', '', 1, 0, 'F', '0', '0', 'system:config:export', '#', 'admin', '2024-04-10 15:08:49', '', NULL, '');
INSERT INTO `sys_menu` VALUES (1035, '公告查询', 107, 1, '#', '', '', 1, 0, 'F', '0', '0', 'system:notice:query', '#', 'admin', '2024-04-10 15:08:49', '', NULL, '');
INSERT INTO `sys_menu` VALUES (1036, '公告新增', 107, 2, '#', '', '', 1, 0, 'F', '0', '0', 'system:notice:add', '#', 'admin', '2024-04-10 15:08:49', '', NULL, '');
INSERT INTO `sys_menu` VALUES (1037, '公告修改', 107, 3, '#', '', '', 1, 0, 'F', '0', '0', 'system:notice:edit', '#', 'admin', '2024-04-10 15:08:49', '', NULL, '');
INSERT INTO `sys_menu` VALUES (1038, '公告删除', 107, 4, '#', '', '', 1, 0, 'F', '0', '0', 'system:notice:remove', '#', 'admin', '2024-04-10 15:08:49', '', NULL, '');
INSERT INTO `sys_menu` VALUES (1039, '操作查询', 500, 1, '#', '', '', 1, 0, 'F', '0', '0', 'monitor:operlog:query', '#', 'admin', '2024-04-10 15:08:49', '', NULL, '');
INSERT INTO `sys_menu` VALUES (1040, '操作删除', 500, 2, '#', '', '', 1, 0, 'F', '0', '0', 'monitor:operlog:remove', '#', 'admin', '2024-04-10 15:08:49', '', NULL, '');
INSERT INTO `sys_menu` VALUES (1041, '日志导出', 500, 3, '#', '', '', 1, 0, 'F', '0', '0', 'monitor:operlog:export', '#', 'admin', '2024-04-10 15:08:49', '', NULL, '');
INSERT INTO `sys_menu` VALUES (1042, '登录查询', 501, 1, '#', '', '', 1, 0, 'F', '0', '0', 'monitor:logininfor:query', '#', 'admin', '2024-04-10 15:08:49', '', NULL, '');
INSERT INTO `sys_menu` VALUES (1043, '登录删除', 501, 2, '#', '', '', 1, 0, 'F', '0', '0', 'monitor:logininfor:remove', '#', 'admin', '2024-04-10 15:08:49', '', NULL, '');
INSERT INTO `sys_menu` VALUES (1044, '日志导出', 501, 3, '#', '', '', 1, 0, 'F', '0', '0', 'monitor:logininfor:export', '#', 'admin', '2024-04-10 15:08:49', '', NULL, '');
INSERT INTO `sys_menu` VALUES (1045, '账户解锁', 501, 4, '#', '', '', 1, 0, 'F', '0', '0', 'monitor:logininfor:unlock', '#', 'admin', '2024-04-10 15:08:49', '', NULL, '');
INSERT INTO `sys_menu` VALUES (1046, '在线查询', 109, 1, '#', '', '', 1, 0, 'F', '0', '0', 'monitor:online:query', '#', 'admin', '2024-04-10 15:08:49', '', NULL, '');
INSERT INTO `sys_menu` VALUES (1047, '批量强退', 109, 2, '#', '', '', 1, 0, 'F', '0', '0', 'monitor:online:batchLogout', '#', 'admin', '2024-04-10 15:08:49', '', NULL, '');
INSERT INTO `sys_menu` VALUES (1048, '单条强退', 109, 3, '#', '', '', 1, 0, 'F', '0', '0', 'monitor:online:forceLogout', '#', 'admin', '2024-04-10 15:08:49', '', NULL, '');
INSERT INTO `sys_menu` VALUES (1049, '任务查询', 110, 1, '#', '', '', 1, 0, 'F', '0', '0', 'monitor:job:query', '#', 'admin', '2024-04-10 15:08:49', '', NULL, '');
INSERT INTO `sys_menu` VALUES (1050, '任务新增', 110, 2, '#', '', '', 1, 0, 'F', '0', '0', 'monitor:job:add', '#', 'admin', '2024-04-10 15:08:49', '', NULL, '');
INSERT INTO `sys_menu` VALUES (1051, '任务修改', 110, 3, '#', '', '', 1, 0, 'F', '0', '0', 'monitor:job:edit', '#', 'admin', '2024-04-10 15:08:49', '', NULL, '');
INSERT INTO `sys_menu` VALUES (1052, '任务删除', 110, 4, '#', '', '', 1, 0, 'F', '0', '0', 'monitor:job:remove', '#', 'admin', '2024-04-10 15:08:49', '', NULL, '');
INSERT INTO `sys_menu` VALUES (1053, '状态修改', 110, 5, '#', '', '', 1, 0, 'F', '0', '0', 'monitor:job:changeStatus', '#', 'admin', '2024-04-10 15:08:49', '', NULL, '');
INSERT INTO `sys_menu` VALUES (1054, '任务导出', 110, 6, '#', '', '', 1, 0, 'F', '0', '0', 'monitor:job:export', '#', 'admin', '2024-04-10 15:08:49', '', NULL, '');
INSERT INTO `sys_menu` VALUES (1055, '生成查询', 116, 1, '#', '', '', 1, 0, 'F', '0', '0', 'tool:gen:query', '#', 'admin', '2024-04-10 15:08:49', '', NULL, '');
INSERT INTO `sys_menu` VALUES (1056, '生成修改', 116, 2, '#', '', '', 1, 0, 'F', '0', '0', 'tool:gen:edit', '#', 'admin', '2024-04-10 15:08:49', '', NULL, '');
INSERT INTO `sys_menu` VALUES (1057, '生成删除', 116, 3, '#', '', '', 1, 0, 'F', '0', '0', 'tool:gen:remove', '#', 'admin', '2024-04-10 15:08:49', '', NULL, '');
INSERT INTO `sys_menu` VALUES (1058, '导入代码', 116, 4, '#', '', '', 1, 0, 'F', '0', '0', 'tool:gen:import', '#', 'admin', '2024-04-10 15:08:49', '', NULL, '');
INSERT INTO `sys_menu` VALUES (1059, '预览代码', 116, 5, '#', '', '', 1, 0, 'F', '0', '0', 'tool:gen:preview', '#', 'admin', '2024-04-10 15:08:49', '', NULL, '');
INSERT INTO `sys_menu` VALUES (1060, '生成代码', 116, 6, '#', '', '', 1, 0, 'F', '0', '0', 'tool:gen:code', '#', 'admin', '2024-04-10 15:08:49', '', NULL, '');
INSERT INTO `sys_menu` VALUES (2069, '网页收藏', 0, 1, 'website', 'system/website/index', NULL, 1, 0, 'C', '0', '0', 'system:website:list', '#', 'admin', '2024-04-11 15:45:16', '', NULL, '网页收藏菜单');
INSERT INTO `sys_menu` VALUES (2070, '网页收藏查询', 2069, 1, '#', '', NULL, 1, 0, 'F', '0', '0', 'system:website:query', '#', 'admin', '2024-04-11 15:45:16', '', NULL, '');
INSERT INTO `sys_menu` VALUES (2071, '网页收藏新增', 2069, 2, '#', '', NULL, 1, 0, 'F', '0', '0', 'system:website:add', '#', 'admin', '2024-04-11 15:45:16', '', NULL, '');
INSERT INTO `sys_menu` VALUES (2072, '网页收藏修改', 2069, 3, '#', '', NULL, 1, 0, 'F', '0', '0', 'system:website:edit', '#', 'admin', '2024-04-11 15:45:16', '', NULL, '');
INSERT INTO `sys_menu` VALUES (2073, '网页收藏删除', 2069, 4, '#', '', NULL, 1, 0, 'F', '0', '0', 'system:website:remove', '#', 'admin', '2024-04-11 15:45:16', '', NULL, '');
INSERT INTO `sys_menu` VALUES (2074, '网页收藏导出', 2069, 5, '#', '', NULL, 1, 0, 'F', '0', '0', 'system:website:export', '#', 'admin', '2024-04-11 15:45:16', '', NULL, '');

-- ----------------------------
-- Table structure for sys_notice
-- ----------------------------
DROP TABLE IF EXISTS `sys_notice`;
CREATE TABLE `sys_notice`  (
  `notice_id` int NOT NULL AUTO_INCREMENT COMMENT '公告ID',
  `notice_title` varchar(50) CHARACTER SET utf8mb4 COLLATE utf8mb4_general_ci NOT NULL COMMENT '公告标题',
  `notice_type` char(1) CHARACTER SET utf8mb4 COLLATE utf8mb4_general_ci NOT NULL COMMENT '公告类型（1通知 2公告）',
  `notice_content` longblob NULL COMMENT '公告内容',
  `status` char(1) CHARACTER SET utf8mb4 COLLATE utf8mb4_general_ci NULL DEFAULT '0' COMMENT '公告状态（0正常 1关闭）',
  `create_by` varchar(64) CHARACTER SET utf8mb4 COLLATE utf8mb4_general_ci NULL DEFAULT '' COMMENT '创建者',
  `create_time` datetime NULL DEFAULT NULL COMMENT '创建时间',
  `update_by` varchar(64) CHARACTER SET utf8mb4 COLLATE utf8mb4_general_ci NULL DEFAULT '' COMMENT '更新者',
  `update_time` datetime NULL DEFAULT NULL COMMENT '更新时间',
  `remark` varchar(255) CHARACTER SET utf8mb4 COLLATE utf8mb4_general_ci NULL DEFAULT NULL COMMENT '备注',
  PRIMARY KEY (`notice_id`) USING BTREE
) ENGINE = InnoDB AUTO_INCREMENT = 16 CHARACTER SET = utf8mb4 COLLATE = utf8mb4_general_ci COMMENT = '通知公告表' ROW_FORMAT = Dynamic;

-- ----------------------------
-- Records of sys_notice
-- ----------------------------
INSERT INTO `sys_notice` VALUES (10, '系统通知', '1', 0x3C703EE5B0B1E698AFE7AE80E58D95E79A84E9809AE79FA5E58685E5AEB93C2F703E, '1', 'admin', '2024-04-11 13:49:11', 'cabcab', '2024-04-13 20:43:36', NULL);
INSERT INTO `sys_notice` VALUES (11, '系统公告', '2', 0x3C703EE585ACE5918A3C2F703E, '0', 'admin', '2024-04-11 13:50:14', '', NULL, NULL);
INSERT INTO `sys_notice` VALUES (12, '新的公告', '1', 0x3C703EE68980E69C89E58685E5AEB9E983BDE5858DE8B4B9E4BA863C2F703E, '0', 'admin', '2024-04-11 14:16:54', '', NULL, NULL);
INSERT INTO `sys_notice` VALUES (13, '测试标题', '1', 0x3C703EE6B58BE8AF953C2F703E, '0', 'admin', '2024-04-11 14:32:34', '', NULL, NULL);
INSERT INTO `sys_notice` VALUES (15, 'test', '1', 0x3C703E746573743C2F703E, '0', 'sadfasd', '2024-04-15 10:27:21', '', NULL, NULL);

-- ----------------------------
-- Table structure for sys_oper_log
-- ----------------------------
DROP TABLE IF EXISTS `sys_oper_log`;
CREATE TABLE `sys_oper_log`  (
  `oper_id` bigint NOT NULL AUTO_INCREMENT COMMENT '日志主键',
  `title` varchar(50) CHARACTER SET utf8mb4 COLLATE utf8mb4_general_ci NULL DEFAULT '' COMMENT '模块标题',
  `business_type` int NULL DEFAULT 0 COMMENT '业务类型（0其它 1新增 2修改 3删除）',
  `method` varchar(100) CHARACTER SET utf8mb4 COLLATE utf8mb4_general_ci NULL DEFAULT '' COMMENT '方法名称',
  `request_method` varchar(10) CHARACTER SET utf8mb4 COLLATE utf8mb4_general_ci NULL DEFAULT '' COMMENT '请求方式',
  `operator_type` int NULL DEFAULT 0 COMMENT '操作类别（0其它 1后台用户 2手机端用户）',
  `oper_name` varchar(50) CHARACTER SET utf8mb4 COLLATE utf8mb4_general_ci NULL DEFAULT '' COMMENT '操作人员',
  `dept_name` varchar(50) CHARACTER SET utf8mb4 COLLATE utf8mb4_general_ci NULL DEFAULT '' COMMENT '部门名称',
  `oper_url` varchar(255) CHARACTER SET utf8mb4 COLLATE utf8mb4_general_ci NULL DEFAULT '' COMMENT '请求URL',
  `oper_ip` varchar(128) CHARACTER SET utf8mb4 COLLATE utf8mb4_general_ci NULL DEFAULT '' COMMENT '主机地址',
  `oper_location` varchar(255) CHARACTER SET utf8mb4 COLLATE utf8mb4_general_ci NULL DEFAULT '' COMMENT '操作地点',
  `oper_param` varchar(2000) CHARACTER SET utf8mb4 COLLATE utf8mb4_general_ci NULL DEFAULT '' COMMENT '请求参数',
  `json_result` varchar(2000) CHARACTER SET utf8mb4 COLLATE utf8mb4_general_ci NULL DEFAULT '' COMMENT '返回参数',
  `status` int NULL DEFAULT 0 COMMENT '操作状态（0正常 1异常）',
  `error_msg` varchar(2000) CHARACTER SET utf8mb4 COLLATE utf8mb4_general_ci NULL DEFAULT '' COMMENT '错误消息',
  `oper_time` datetime NULL DEFAULT NULL COMMENT '操作时间',
  `cost_time` bigint NULL DEFAULT 0 COMMENT '消耗时间',
  PRIMARY KEY (`oper_id`) USING BTREE,
  INDEX `idx_sys_oper_log_bt`(`business_type` ASC) USING BTREE,
  INDEX `idx_sys_oper_log_s`(`status` ASC) USING BTREE,
  INDEX `idx_sys_oper_log_ot`(`oper_time` ASC) USING BTREE
) ENGINE = InnoDB AUTO_INCREMENT = 343 CHARACTER SET = utf8mb4 COLLATE = utf8mb4_general_ci COMMENT = '操作日志记录' ROW_FORMAT = Dynamic;

-- ----------------------------
-- Records of sys_oper_log
-- ----------------------------
INSERT INTO `sys_oper_log` VALUES (1, '操作日志', 9, 'com.ruoyi.web.controller.monitor.SysOperlogController.clean()', 'DELETE', 1, 'admin', '研发部门', '/monitor/operlog/clean', '127.0.0.1', '内网IP', '{}', '{\"msg\":\"操作成功\",\"code\":200}', 0, NULL, '2024-04-11 14:36:44', 191);
INSERT INTO `sys_oper_log` VALUES (2, '用户管理', 2, 'com.ruoyi.web.controller.system.SysUserController.edit()', 'PUT', 1, 'admin', '研发部门', '/system/user', '127.0.0.1', '内网IP', '{\"admin\":false,\"avatar\":\"\",\"createBy\":\"admin\",\"createTime\":\"2024-04-10 19:03:08\",\"delFlag\":\"0\",\"dept\":{\"ancestors\":\"0,100\",\"children\":[],\"deptId\":200,\"deptName\":\"访客\",\"leader\":\"Win\",\"orderNum\":0,\"params\":{},\"parentId\":100,\"status\":\"0\"},\"deptId\":200,\"email\":\"11111111111@123.com\",\"loginIp\":\"\",\"nickName\":\"Annis\",\"params\":{},\"phonenumber\":\"11111111111\",\"postIds\":[1],\"remark\":\"小爱同学\",\"roleIds\":[100],\"roles\":[{\"admin\":false,\"dataScope\":\"1\",\"deptCheckStrictly\":false,\"flag\":false,\"menuCheckStrictly\":false,\"params\":{},\"roleId\":100,\"roleKey\":\"visitor\",\"roleName\":\"访客\",\"roleSort\":3,\"status\":\"0\"}],\"sex\":\"1\",\"status\":\"0\",\"updateBy\":\"admin\",\"userId\":100,\"userName\":\"Annis\"}', '{\"msg\":\"操作成功\",\"code\":200}', 0, NULL, '2024-04-11 14:52:51', 551);
INSERT INTO `sys_oper_log` VALUES (3, '角色管理', 2, 'com.ruoyi.web.controller.system.SysRoleController.edit()', 'PUT', 1, 'admin', '研发部门', '/system/role', '127.0.0.1', '内网IP', '{\"admin\":false,\"createTime\":\"2024-04-10 20:31:02\",\"dataScope\":\"1\",\"delFlag\":\"0\",\"deptCheckStrictly\":false,\"flag\":false,\"menuCheckStrictly\":false,\"menuIds\":[1012,1013,1014,1015,102],\"params\":{},\"remark\":\"访客，只能访问公开的数据\",\"roleId\":100,\"roleKey\":\"visitor\",\"roleName\":\"访客\",\"roleSort\":3,\"status\":\"0\",\"updateBy\":\"admin\"}', '{\"msg\":\"操作成功\",\"code\":200}', 0, NULL, '2024-04-11 15:25:45', 410);
INSERT INTO `sys_oper_log` VALUES (4, '字典数据', 1, 'com.ruoyi.web.controller.system.SysDictDataController.add()', 'POST', 1, 'admin', '研发部门', '/system/dict/data', '127.0.0.1', '内网IP', '{\"createBy\":\"admin\",\"cssClass\":\"\",\"default\":false,\"dictLabel\":\"设计资源\",\"dictType\":\"website_type\",\"dictValue\":\"design\",\"isDefault\":\"0\",\"listClass\":\"\",\"params\":{},\"remark\":\"设计\",\"status\":\"0\"}', '{\"msg\":\"操作成功\",\"code\":200}', 0, NULL, '2024-04-11 15:28:58', 114);
INSERT INTO `sys_oper_log` VALUES (5, '菜单管理', 2, 'com.ruoyi.web.controller.system.SysMenuController.edit()', 'PUT', 1, 'admin', '研发部门', '/system/menu', '127.0.0.1', '内网IP', '{\"children\":[],\"component\":\"system/role/index\",\"createTime\":\"2024-04-10 15:08:49\",\"icon\":\"peoples\",\"isCache\":\"0\",\"isFrame\":\"1\",\"menuId\":101,\"menuName\":\"身份管理\",\"menuType\":\"C\",\"orderNum\":0,\"params\":{},\"parentId\":1,\"path\":\"role\",\"perms\":\"system:role:list\",\"query\":\"\",\"status\":\"0\",\"updateBy\":\"admin\",\"visible\":\"0\"}', '{\"msg\":\"操作成功\",\"code\":200}', 0, NULL, '2024-04-11 15:32:48', 112);
INSERT INTO `sys_oper_log` VALUES (6, '角色管理', 2, 'com.ruoyi.web.controller.system.SysRoleController.dataScope()', 'PUT', 1, 'admin', '研发部门', '/system/role/dataScope', '127.0.0.1', '内网IP', '{\"admin\":false,\"createTime\":\"2024-04-10 20:31:02\",\"dataScope\":\"5\",\"delFlag\":\"0\",\"deptCheckStrictly\":false,\"deptIds\":[200],\"flag\":false,\"menuCheckStrictly\":false,\"menuIds\":[102,1012,1013,1014,1015],\"params\":{},\"remark\":\"访客，只能访问公开的数据\",\"roleId\":100,\"roleKey\":\"visitor\",\"roleName\":\"访客\",\"roleSort\":3,\"status\":\"0\"}', '{\"msg\":\"操作成功\",\"code\":200}', 0, NULL, '2024-04-11 15:33:31', 296);
INSERT INTO `sys_oper_log` VALUES (7, '代码生成', 6, 'com.ruoyi.generator.controller.GenController.importTableSave()', 'POST', 1, 'admin', '研发部门', '/tool/gen/importTable', '127.0.0.1', '内网IP', '{\"tables\":\"sys_website\"}', '{\"msg\":\"操作成功\",\"code\":200}', 0, NULL, '2024-04-11 15:37:01', 790);
INSERT INTO `sys_oper_log` VALUES (8, '代码生成', 2, 'com.ruoyi.generator.controller.GenController.editSave()', 'PUT', 1, 'admin', '研发部门', '/tool/gen', '127.0.0.1', '内网IP', '{\"businessName\":\"website\",\"className\":\"SysWebsite\",\"columns\":[{\"capJavaField\":\"WebsiteId\",\"columnComment\":\"网页ID\",\"columnId\":1,\"columnName\":\"website_id\",\"columnType\":\"int\",\"dictType\":\"\",\"edit\":false,\"htmlType\":\"input\",\"increment\":false,\"insert\":true,\"isIncrement\":\"0\",\"isInsert\":\"1\",\"isPk\":\"1\",\"isRequired\":\"0\",\"javaField\":\"websiteId\",\"javaType\":\"Long\",\"list\":false,\"params\":{},\"pk\":true,\"query\":false,\"queryType\":\"EQ\",\"required\":false,\"sort\":1,\"superColumn\":false,\"tableId\":1,\"usableColumn\":false},{\"capJavaField\":\"Name\",\"columnComment\":\"网页名称\",\"columnId\":2,\"columnName\":\"name\",\"columnType\":\"varchar(255)\",\"dictType\":\"\",\"edit\":true,\"htmlType\":\"input\",\"increment\":false,\"insert\":true,\"isEdit\":\"1\",\"isIncrement\":\"0\",\"isInsert\":\"1\",\"isList\":\"1\",\"isPk\":\"0\",\"isQuery\":\"1\",\"isRequired\":\"0\",\"javaField\":\"name\",\"javaType\":\"String\",\"list\":true,\"params\":{},\"pk\":false,\"query\":true,\"queryType\":\"LIKE\",\"required\":false,\"sort\":2,\"superColumn\":false,\"tableId\":1,\"usableColumn\":false},{\"capJavaField\":\"Url\",\"columnComment\":\"网页URL\",\"columnId\":3,\"columnName\":\"url\",\"columnType\":\"varchar(255)\",\"dictType\":\"\",\"edit\":true,\"htmlType\":\"input\",\"increment\":false,\"insert\":true,\"isEdit\":\"1\",\"isIncrement\":\"0\",\"isInsert\":\"1\",\"isList\":\"1\",\"isPk\":\"0\",\"isQuery\":\"1\",\"isRequired\":\"0\",\"javaField\":\"url\",\"javaType\":\"String\",\"list\":true,\"params\":{},\"pk\":false,\"query\":true,\"queryType\":\"EQ\",\"required\":false,\"sort\":3,\"superColumn\":false,\"tableId\":1,\"usableColumn\":false},{\"capJavaField\":\"CreateTime\",\"columnComment\":\"创建时间\",\"columnId\":4,\"columnName\":\"create_time\",\"columnType\":\"datetime\",\"dictType\":\"\",\"edit\":false,\"htmlType\":\"datetime\",\"increment\":false,\"insert\":true,\"isIncrement\":\"0\",\"isInsert\":\"1\",\"isPk\":\"0\",\"isRequired\":\"0\",\"javaField\":\"createTime\",\"javaType\":\"Date\",\"list\":false,\"params\":{},\"pk\":false,\"query\":false,\"queryType\":\"EQ\",\"required\":false,\"sort\":4,\"superColumn\":true,\"tableId\":1,\"usableColumn\":false},{\"capJavaField\":\"Desc\",\"columnComment\":\"网页描述\",\"columnId\":5,\"columnName\":\"desc\",\"columnType\":\"varchar(255)\",\"dictType\"', '{\"msg\":\"操作成功\",\"code\":200}', 0, NULL, '2024-04-11 15:39:22', 709);
INSERT INTO `sys_oper_log` VALUES (9, '代码生成', 8, 'com.ruoyi.generator.controller.GenController.batchGenCode()', 'GET', 1, 'admin', '研发部门', '/tool/gen/batchGenCode', '127.0.0.1', '内网IP', '{\"tables\":\"sys_website\"}', NULL, 0, NULL, '2024-04-11 15:39:25', 345);
INSERT INTO `sys_oper_log` VALUES (10, '代码生成', 2, 'com.ruoyi.generator.controller.GenController.editSave()', 'PUT', 1, 'admin', '研发部门', '/tool/gen', '127.0.0.1', '内网IP', '{\"businessName\":\"website\",\"className\":\"SysWebsite\",\"columns\":[{\"capJavaField\":\"WebsiteId\",\"columnComment\":\"网页ID\",\"columnId\":1,\"columnName\":\"website_id\",\"columnType\":\"int\",\"dictType\":\"\",\"edit\":false,\"htmlType\":\"input\",\"increment\":false,\"insert\":false,\"isIncrement\":\"0\",\"isInsert\":\"0\",\"isPk\":\"1\",\"isRequired\":\"0\",\"javaField\":\"websiteId\",\"javaType\":\"Long\",\"list\":false,\"params\":{},\"pk\":true,\"query\":false,\"queryType\":\"EQ\",\"required\":false,\"sort\":1,\"superColumn\":false,\"tableId\":1,\"usableColumn\":false},{\"capJavaField\":\"Name\",\"columnComment\":\"网页名称\",\"columnId\":2,\"columnName\":\"name\",\"columnType\":\"varchar(255)\",\"dictType\":\"\",\"edit\":true,\"htmlType\":\"input\",\"increment\":false,\"insert\":true,\"isEdit\":\"1\",\"isIncrement\":\"0\",\"isInsert\":\"1\",\"isList\":\"1\",\"isPk\":\"0\",\"isQuery\":\"1\",\"isRequired\":\"0\",\"javaField\":\"name\",\"javaType\":\"String\",\"list\":true,\"params\":{},\"pk\":false,\"query\":true,\"queryType\":\"LIKE\",\"required\":false,\"sort\":2,\"superColumn\":false,\"tableId\":1,\"usableColumn\":false},{\"capJavaField\":\"Url\",\"columnComment\":\"网页URL\",\"columnId\":3,\"columnName\":\"url\",\"columnType\":\"varchar(255)\",\"dictType\":\"\",\"edit\":true,\"htmlType\":\"input\",\"increment\":false,\"insert\":true,\"isEdit\":\"1\",\"isIncrement\":\"0\",\"isInsert\":\"1\",\"isList\":\"1\",\"isPk\":\"0\",\"isQuery\":\"1\",\"isRequired\":\"0\",\"javaField\":\"url\",\"javaType\":\"String\",\"list\":true,\"params\":{},\"pk\":false,\"query\":true,\"queryType\":\"EQ\",\"required\":false,\"sort\":3,\"superColumn\":false,\"tableId\":1,\"usableColumn\":false},{\"capJavaField\":\"CreateTime\",\"columnComment\":\"创建时间\",\"columnId\":4,\"columnName\":\"create_time\",\"columnType\":\"datetime\",\"dictType\":\"\",\"edit\":false,\"htmlType\":\"datetime\",\"increment\":false,\"insert\":false,\"isIncrement\":\"0\",\"isInsert\":\"0\",\"isPk\":\"0\",\"isRequired\":\"0\",\"javaField\":\"createTime\",\"javaType\":\"Date\",\"list\":false,\"params\":{},\"pk\":false,\"query\":false,\"queryType\":\"EQ\",\"required\":false,\"sort\":4,\"superColumn\":true,\"tableId\":1,\"usableColumn\":false},{\"capJavaField\":\"Desc\",\"columnComment\":\"网页描述\",\"columnId\":5,\"columnName\":\"desc\",\"columnType\":\"varchar(255)\",\"dictTyp', '{\"msg\":\"操作成功\",\"code\":200}', 0, NULL, '2024-04-11 15:55:09', 698);
INSERT INTO `sys_oper_log` VALUES (11, '代码生成', 2, 'com.ruoyi.generator.controller.GenController.editSave()', 'PUT', 1, 'admin', '研发部门', '/tool/gen', '127.0.0.1', '内网IP', '{\"businessName\":\"website\",\"className\":\"SysWebsite\",\"columns\":[{\"capJavaField\":\"WebsiteId\",\"columnComment\":\"网页ID\",\"columnId\":1,\"columnName\":\"website_id\",\"columnType\":\"int\",\"dictType\":\"\",\"edit\":false,\"htmlType\":\"input\",\"increment\":false,\"insert\":false,\"isIncrement\":\"0\",\"isInsert\":\"0\",\"isPk\":\"1\",\"isRequired\":\"0\",\"javaField\":\"websiteId\",\"javaType\":\"Long\",\"list\":false,\"params\":{},\"pk\":true,\"query\":false,\"queryType\":\"EQ\",\"required\":false,\"sort\":1,\"superColumn\":false,\"tableId\":1,\"usableColumn\":false},{\"capJavaField\":\"Name\",\"columnComment\":\"网页名称\",\"columnId\":2,\"columnName\":\"name\",\"columnType\":\"varchar(255)\",\"dictType\":\"\",\"edit\":true,\"htmlType\":\"input\",\"increment\":false,\"insert\":true,\"isEdit\":\"1\",\"isIncrement\":\"0\",\"isInsert\":\"1\",\"isList\":\"1\",\"isPk\":\"0\",\"isQuery\":\"1\",\"isRequired\":\"1\",\"javaField\":\"name\",\"javaType\":\"String\",\"list\":true,\"params\":{},\"pk\":false,\"query\":true,\"queryType\":\"LIKE\",\"required\":true,\"sort\":2,\"superColumn\":false,\"tableId\":1,\"usableColumn\":false},{\"capJavaField\":\"Url\",\"columnComment\":\"网页URL\",\"columnId\":3,\"columnName\":\"url\",\"columnType\":\"varchar(255)\",\"dictType\":\"\",\"edit\":true,\"htmlType\":\"input\",\"increment\":false,\"insert\":true,\"isEdit\":\"1\",\"isIncrement\":\"0\",\"isInsert\":\"1\",\"isList\":\"1\",\"isPk\":\"0\",\"isQuery\":\"1\",\"isRequired\":\"0\",\"javaField\":\"url\",\"javaType\":\"String\",\"list\":true,\"params\":{},\"pk\":false,\"query\":true,\"queryType\":\"EQ\",\"required\":false,\"sort\":3,\"superColumn\":false,\"tableId\":1,\"usableColumn\":false},{\"capJavaField\":\"CreateTime\",\"columnComment\":\"创建时间\",\"columnId\":4,\"columnName\":\"create_time\",\"columnType\":\"datetime\",\"dictType\":\"\",\"edit\":false,\"htmlType\":\"datetime\",\"increment\":false,\"insert\":false,\"isIncrement\":\"0\",\"isInsert\":\"0\",\"isPk\":\"0\",\"isRequired\":\"0\",\"javaField\":\"createTime\",\"javaType\":\"Date\",\"list\":false,\"params\":{},\"pk\":false,\"query\":false,\"queryType\":\"EQ\",\"required\":false,\"sort\":4,\"superColumn\":true,\"tableId\":1,\"usableColumn\":false},{\"capJavaField\":\"Desc\",\"columnComment\":\"网页描述\",\"columnId\":5,\"columnName\":\"desc\",\"columnType\":\"varchar(255)\",\"dictType', '{\"msg\":\"操作成功\",\"code\":200}', 0, NULL, '2024-04-11 17:19:33', 631);
INSERT INTO `sys_oper_log` VALUES (12, '代码生成', 8, 'com.ruoyi.generator.controller.GenController.batchGenCode()', 'GET', 1, 'admin', '研发部门', '/tool/gen/batchGenCode', '127.0.0.1', '内网IP', '{\"tables\":\"sys_website\"}', NULL, 0, NULL, '2024-04-11 17:19:37', 454);
INSERT INTO `sys_oper_log` VALUES (13, '代码生成', 8, 'com.ruoyi.generator.controller.GenController.batchGenCode()', 'GET', 1, 'admin', '研发部门', '/tool/gen/batchGenCode', '127.0.0.1', '内网IP', '{\"tables\":\"sys_website\"}', NULL, 1, 'Encountered \"<EOF>\" at vm/win/data/form.ts.vm[line 29, column 1]\r\nWas expecting one of:\r\n    \"\\u001c\" ...\r\n    \"\\u001c\" ...\r\n    \"||\" ...\r\n    \"|\" ...\r\n    \"(\" ...\r\n    \")\" ...\r\n    <ESCAPE_DIRECTIVE> ...\r\n    \"]]#\" ...\r\n    <WHITESPACE> ...\r\n    <NEWLINE> ...\r\n    <SUFFIX> ...\r\n    <STRING_LITERAL> ...\r\n    <INTEGER_LITERAL> ...\r\n    <FLOATING_POINT_LITERAL> ...\r\n    <DOT> ...\r\n    \"{\" ...\r\n    \"}\" ...\r\n    \"\\\\\\\\\" ...\r\n    \"\\\\\" ...\r\n    <TEXT> ...\r\n    <INLINE_TEXT> ...\r\n    <EMPTY_INDEX> ...\r\n    \"{\" ...\r\n    \"\\u001c\" ...\r\n    ', '2024-04-11 17:32:01', 76);
INSERT INTO `sys_oper_log` VALUES (14, '代码生成', 8, 'com.ruoyi.generator.controller.GenController.batchGenCode()', 'GET', 1, 'admin', '研发部门', '/tool/gen/batchGenCode', '127.0.0.1', '内网IP', '{\"tables\":\"sys_website\"}', NULL, 1, 'Encountered \"<EOF>\" at vm/win/data/form.ts.vm[line 28, column 1]\r\nWas expecting one of:\r\n    \"\\u001c\" ...\r\n    \"\\u001c\" ...\r\n    \"||\" ...\r\n    \"|\" ...\r\n    \"(\" ...\r\n    \")\" ...\r\n    <ESCAPE_DIRECTIVE> ...\r\n    \"]]#\" ...\r\n    <WHITESPACE> ...\r\n    <NEWLINE> ...\r\n    <SUFFIX> ...\r\n    <STRING_LITERAL> ...\r\n    <INTEGER_LITERAL> ...\r\n    <FLOATING_POINT_LITERAL> ...\r\n    <DOT> ...\r\n    \"{\" ...\r\n    \"}\" ...\r\n    \"\\\\\\\\\" ...\r\n    \"\\\\\" ...\r\n    <TEXT> ...\r\n    <INLINE_TEXT> ...\r\n    <EMPTY_INDEX> ...\r\n    \"{\" ...\r\n    \"\\u001c\" ...\r\n    ', '2024-04-11 17:33:20', 67);
INSERT INTO `sys_oper_log` VALUES (15, '代码生成', 8, 'com.ruoyi.generator.controller.GenController.batchGenCode()', 'GET', 1, 'admin', '研发部门', '/tool/gen/batchGenCode', '127.0.0.1', '内网IP', '{\"tables\":\"sys_website\"}', NULL, 1, 'Expected argument 1 of #foreach to be a reference at vm/win/data/form.ts.vm[line 22, column 9]\r\n', '2024-04-11 17:35:04', 62);
INSERT INTO `sys_oper_log` VALUES (16, '代码生成', 8, 'com.ruoyi.generator.controller.GenController.batchGenCode()', 'GET', 1, 'admin', '研发部门', '/tool/gen/batchGenCode', '127.0.0.1', '内网IP', '{\"tables\":\"sys_website\"}', NULL, 0, NULL, '2024-04-11 17:37:35', 67);
INSERT INTO `sys_oper_log` VALUES (17, '代码生成', 2, 'com.ruoyi.generator.controller.GenController.editSave()', 'PUT', 1, 'admin', '研发部门', '/tool/gen', '127.0.0.1', '内网IP', '{\"businessName\":\"website\",\"className\":\"SysWebsite\",\"columns\":[{\"capJavaField\":\"WebsiteId\",\"columnComment\":\"网页ID\",\"columnId\":1,\"columnName\":\"website_id\",\"columnType\":\"int\",\"dictType\":\"\",\"edit\":false,\"htmlType\":\"input\",\"increment\":false,\"insert\":false,\"isIncrement\":\"0\",\"isInsert\":\"0\",\"isPk\":\"1\",\"isRequired\":\"0\",\"javaField\":\"websiteId\",\"javaType\":\"Long\",\"list\":false,\"params\":{},\"pk\":true,\"query\":false,\"queryType\":\"EQ\",\"required\":false,\"sort\":1,\"superColumn\":false,\"tableId\":1,\"usableColumn\":false},{\"capJavaField\":\"Name\",\"columnComment\":\"网页名称\",\"columnId\":2,\"columnName\":\"name\",\"columnType\":\"varchar(255)\",\"dictType\":\"\",\"edit\":true,\"htmlType\":\"input\",\"increment\":false,\"insert\":true,\"isEdit\":\"1\",\"isIncrement\":\"0\",\"isInsert\":\"1\",\"isList\":\"1\",\"isPk\":\"0\",\"isQuery\":\"1\",\"isRequired\":\"1\",\"javaField\":\"name\",\"javaType\":\"String\",\"list\":true,\"params\":{},\"pk\":false,\"query\":true,\"queryType\":\"LIKE\",\"required\":true,\"sort\":2,\"superColumn\":false,\"tableId\":1,\"usableColumn\":false},{\"capJavaField\":\"Url\",\"columnComment\":\"网页URL\",\"columnId\":3,\"columnName\":\"url\",\"columnType\":\"varchar(255)\",\"dictType\":\"\",\"edit\":true,\"htmlType\":\"input\",\"increment\":false,\"insert\":true,\"isEdit\":\"1\",\"isIncrement\":\"0\",\"isInsert\":\"1\",\"isList\":\"1\",\"isPk\":\"0\",\"isQuery\":\"1\",\"isRequired\":\"0\",\"javaField\":\"url\",\"javaType\":\"String\",\"list\":true,\"params\":{},\"pk\":false,\"query\":true,\"queryType\":\"EQ\",\"required\":false,\"sort\":3,\"superColumn\":false,\"tableId\":1,\"usableColumn\":false},{\"capJavaField\":\"CreateTime\",\"columnComment\":\"创建时间\",\"columnId\":4,\"columnName\":\"create_time\",\"columnType\":\"datetime\",\"dictType\":\"\",\"edit\":false,\"htmlType\":\"datetime\",\"increment\":false,\"insert\":false,\"isIncrement\":\"0\",\"isInsert\":\"0\",\"isPk\":\"0\",\"isRequired\":\"0\",\"javaField\":\"createTime\",\"javaType\":\"Date\",\"list\":false,\"params\":{},\"pk\":false,\"query\":false,\"queryType\":\"EQ\",\"required\":false,\"sort\":4,\"superColumn\":true,\"tableId\":1,\"usableColumn\":false},{\"capJavaField\":\"Desc\",\"columnComment\":\"网页描述\",\"columnId\":5,\"columnName\":\"desc\",\"columnType\":\"varchar(255)\",\"dictType', '{\"msg\":\"操作成功\",\"code\":200}', 0, NULL, '2024-04-11 17:52:30', 654);
INSERT INTO `sys_oper_log` VALUES (18, '代码生成', 8, 'com.ruoyi.generator.controller.GenController.batchGenCode()', 'GET', 1, 'admin', '研发部门', '/tool/gen/batchGenCode', '127.0.0.1', '内网IP', '{\"tables\":\"sys_website\"}', NULL, 0, NULL, '2024-04-11 17:54:13', 62);
INSERT INTO `sys_oper_log` VALUES (19, '网页收藏', 1, 'com.ruoyi.system.controller.SysWebsiteController.add()', 'POST', 1, 'admin', '研发部门', '/system/website', '127.0.0.1', '内网IP', '{\"createTime\":\"2024-04-11 17:58:59\",\"desc\":\"test\",\"name\":\"test\",\"params\":{},\"type\":\"\",\"url\":\"test\",\"websiteId\":0}', NULL, 1, '\r\n### Error updating database.  Cause: java.sql.SQLSyntaxErrorException: You have an error in your SQL syntax; check the manual that corresponds to your MySQL server version for the right syntax to use near \'desc,\n            type ) \n         values ( 0,\n            \'test\',\n            \'\' at line 6\r\n### The error may exist in file [G:\\git\\1panel-plus\\java\\ruoyi-system\\target\\classes\\mapper\\system\\SysWebsiteMapper.xml]\r\n### The error may involve com.ruoyi.system.mapper.SysWebsiteMapper.insertSysWebsite-Inline\r\n### The error occurred while setting parameters\r\n### SQL: insert into sys_website          ( website_id,             name,             url,             create_time,             desc,             type )           values ( ?,             ?,             ?,             ?,             ?,             ? )\r\n### Cause: java.sql.SQLSyntaxErrorException: You have an error in your SQL syntax; check the manual that corresponds to your MySQL server version for the right syntax to use near \'desc,\n            type ) \n         values ( 0,\n            \'test\',\n            \'\' at line 6\n; bad SQL grammar []; nested exception is java.sql.SQLSyntaxErrorException: You have an error in your SQL syntax; check the manual that corresponds to your MySQL server version for the right syntax to use near \'desc,\n            type ) \n         values ( 0,\n            \'test\',\n            \'\' at line 6', '2024-04-11 17:59:00', 201);
INSERT INTO `sys_oper_log` VALUES (20, '网页收藏', 1, 'com.ruoyi.system.controller.SysWebsiteController.add()', 'POST', 1, 'admin', '研发部门', '/system/website', '127.0.0.1', '内网IP', '{\"createTime\":\"2024-04-11 18:00:05\",\"desc\":\"3\",\"name\":\"1\",\"params\":{},\"type\":\"\",\"url\":\"2\",\"websiteId\":0}', NULL, 1, '\r\n### Error updating database.  Cause: java.sql.SQLSyntaxErrorException: You have an error in your SQL syntax; check the manual that corresponds to your MySQL server version for the right syntax to use near \'desc,\n            type ) \n         values ( 0,\n            \'1\',\n            \'2\',\' at line 6\r\n### The error may exist in file [G:\\git\\1panel-plus\\java\\ruoyi-system\\target\\classes\\mapper\\system\\SysWebsiteMapper.xml]\r\n### The error may involve com.ruoyi.system.mapper.SysWebsiteMapper.insertSysWebsite-Inline\r\n### The error occurred while setting parameters\r\n### SQL: insert into sys_website          ( website_id,             name,             url,             create_time,             desc,             type )           values ( ?,             ?,             ?,             ?,             ?,             ? )\r\n### Cause: java.sql.SQLSyntaxErrorException: You have an error in your SQL syntax; check the manual that corresponds to your MySQL server version for the right syntax to use near \'desc,\n            type ) \n         values ( 0,\n            \'1\',\n            \'2\',\' at line 6\n; bad SQL grammar []; nested exception is java.sql.SQLSyntaxErrorException: You have an error in your SQL syntax; check the manual that corresponds to your MySQL server version for the right syntax to use near \'desc,\n            type ) \n         values ( 0,\n            \'1\',\n            \'2\',\' at line 6', '2024-04-11 18:00:07', 97);
INSERT INTO `sys_oper_log` VALUES (21, '网页收藏', 1, 'com.ruoyi.system.controller.SysWebsiteController.add()', 'POST', 1, 'admin', '研发部门', '/system/website', '127.0.0.1', '内网IP', '{\"createTime\":\"2024-04-11 18:01:54\",\"desc\":\"1312312312sadas\",\"name\":\"dasdas\",\"params\":{},\"type\":\"\",\"url\":\"dasd\",\"websiteId\":0}', NULL, 1, '\r\n### Error updating database.  Cause: java.sql.SQLSyntaxErrorException: You have an error in your SQL syntax; check the manual that corresponds to your MySQL server version for the right syntax to use near \'desc,\n            type ) \n         values ( 0,\n            \'dasdas\',\n           \' at line 6\r\n### The error may exist in file [G:\\git\\1panel-plus\\java\\ruoyi-system\\target\\classes\\mapper\\system\\SysWebsiteMapper.xml]\r\n### The error may involve com.ruoyi.system.mapper.SysWebsiteMapper.insertSysWebsite-Inline\r\n### The error occurred while setting parameters\r\n### SQL: insert into sys_website          ( website_id,             name,             url,             create_time,             desc,             type )           values ( ?,             ?,             ?,             ?,             ?,             ? )\r\n### Cause: java.sql.SQLSyntaxErrorException: You have an error in your SQL syntax; check the manual that corresponds to your MySQL server version for the right syntax to use near \'desc,\n            type ) \n         values ( 0,\n            \'dasdas\',\n           \' at line 6\n; bad SQL grammar []; nested exception is java.sql.SQLSyntaxErrorException: You have an error in your SQL syntax; check the manual that corresponds to your MySQL server version for the right syntax to use near \'desc,\n            type ) \n         values ( 0,\n            \'dasdas\',\n           \' at line 6', '2024-04-11 18:01:56', 72);
INSERT INTO `sys_oper_log` VALUES (22, '代码生成', 8, 'com.ruoyi.generator.controller.GenController.batchGenCode()', 'GET', 1, 'admin', '研发部门', '/tool/gen/batchGenCode', '127.0.0.1', '内网IP', '{\"tables\":\"sys_website\"}', NULL, 0, NULL, '2024-04-11 18:43:44', 417);
INSERT INTO `sys_oper_log` VALUES (23, '代码生成', 8, 'com.ruoyi.generator.controller.GenController.batchGenCode()', 'GET', 1, 'admin', '研发部门', '/tool/gen/batchGenCode', '127.0.0.1', '内网IP', '{\"tables\":\"sys_website\"}', NULL, 0, NULL, '2024-04-11 18:54:01', 322);
INSERT INTO `sys_oper_log` VALUES (24, '网页收藏', 1, 'com.ruoyi.system.controller.SysWebsiteController.add()', 'POST', 1, 'admin', '研发部门', '/system/website', '127.0.0.1', '内网IP', '{\"createTime\":\"2024-04-11 18:55:39\",\"desc\":\"3\",\"name\":\"1\",\"params\":{},\"type\":\"\",\"url\":\"2\",\"websiteId\":0}', NULL, 1, '\r\n### Error updating database.  Cause: java.sql.SQLSyntaxErrorException: You have an error in your SQL syntax; check the manual that corresponds to your MySQL server version for the right syntax to use near \'desc,\n            type ) \n         values ( 0,\n            \'1\',\n            \'2\',\' at line 6\r\n### The error may exist in file [E:\\git\\win\\java\\ruoyi-system\\target\\classes\\mapper\\system\\SysWebsiteMapper.xml]\r\n### The error may involve com.ruoyi.system.mapper.SysWebsiteMapper.insertSysWebsite-Inline\r\n### The error occurred while setting parameters\r\n### SQL: insert into sys_website          ( website_id,             name,             url,             create_time,             desc,             type )           values ( ?,             ?,             ?,             ?,             ?,             ? )\r\n### Cause: java.sql.SQLSyntaxErrorException: You have an error in your SQL syntax; check the manual that corresponds to your MySQL server version for the right syntax to use near \'desc,\n            type ) \n         values ( 0,\n            \'1\',\n            \'2\',\' at line 6\n; bad SQL grammar []; nested exception is java.sql.SQLSyntaxErrorException: You have an error in your SQL syntax; check the manual that corresponds to your MySQL server version for the right syntax to use near \'desc,\n            type ) \n         values ( 0,\n            \'1\',\n            \'2\',\' at line 6', '2024-04-11 18:55:34', 170);
INSERT INTO `sys_oper_log` VALUES (25, '网页收藏', 1, 'com.ruoyi.system.controller.SysWebsiteController.add()', 'POST', 1, 'admin', '研发部门', '/system/website', '127.0.0.1', '内网IP', '{\"createTime\":\"2024-04-11 19:08:33\",\"desc\":\"1\",\"name\":\"1\",\"params\":{},\"type\":\"\",\"url\":\"1\",\"websiteId\":0}', NULL, 1, '\r\n### Error updating database.  Cause: java.sql.SQLSyntaxErrorException: You have an error in your SQL syntax; check the manual that corresponds to your MySQL server version for the right syntax to use near \'desc,\n            type ) \n         values ( 0,\n            \'1\',\n            \'1\',\' at line 6\r\n### The error may exist in file [E:\\git\\win\\java\\ruoyi-system\\target\\classes\\mapper\\system\\SysWebsiteMapper.xml]\r\n### The error may involve com.ruoyi.system.mapper.SysWebsiteMapper.insertSysWebsite-Inline\r\n### The error occurred while setting parameters\r\n### SQL: insert into sys_website          ( website_id,             name,             url,             create_time,             desc,             type )           values ( ?,             ?,             ?,             ?,             ?,             ? )\r\n### Cause: java.sql.SQLSyntaxErrorException: You have an error in your SQL syntax; check the manual that corresponds to your MySQL server version for the right syntax to use near \'desc,\n            type ) \n         values ( 0,\n            \'1\',\n            \'1\',\' at line 6\n; bad SQL grammar []; nested exception is java.sql.SQLSyntaxErrorException: You have an error in your SQL syntax; check the manual that corresponds to your MySQL server version for the right syntax to use near \'desc,\n            type ) \n         values ( 0,\n            \'1\',\n            \'1\',\' at line 6', '2024-04-11 19:08:27', 83);
INSERT INTO `sys_oper_log` VALUES (26, '代码生成', 2, 'com.ruoyi.generator.controller.GenController.synchDb()', 'GET', 1, 'admin', '研发部门', '/tool/gen/synchDb/sys_website', '127.0.0.1', '内网IP', '{}', '{\"msg\":\"操作成功\",\"code\":200}', 0, NULL, '2024-04-11 19:09:42', 858);
INSERT INTO `sys_oper_log` VALUES (27, '代码生成', 2, 'com.ruoyi.generator.controller.GenController.synchDb()', 'GET', 1, 'admin', '研发部门', '/tool/gen/synchDb/sys_website', '127.0.0.1', '内网IP', '{}', '{\"msg\":\"操作成功\",\"code\":200}', 0, NULL, '2024-04-11 19:09:48', 784);
INSERT INTO `sys_oper_log` VALUES (28, '代码生成', 8, 'com.ruoyi.generator.controller.GenController.batchGenCode()', 'GET', 1, 'admin', '研发部门', '/tool/gen/batchGenCode', '127.0.0.1', '内网IP', '{\"tables\":\"sys_website\"}', NULL, 0, NULL, '2024-04-11 19:09:58', 111);
INSERT INTO `sys_oper_log` VALUES (29, '代码生成', 8, 'com.ruoyi.generator.controller.GenController.batchGenCode()', 'GET', 1, 'admin', '研发部门', '/tool/gen/batchGenCode', '127.0.0.1', '内网IP', '{\"tables\":\"sys_website\"}', NULL, 0, NULL, '2024-04-11 19:12:13', 323);
INSERT INTO `sys_oper_log` VALUES (30, '网页收藏', 1, 'com.ruoyi.system.controller.SysWebsiteController.add()', 'POST', 1, 'admin', '研发部门', '/system/website', '127.0.0.1', '内网IP', '{\"createTime\":\"2024-04-11 19:13:32\",\"description\":\"1\",\"name\":\"1\",\"params\":{},\"type\":\"\",\"url\":\"1\",\"websiteId\":0}', '{\"msg\":\"操作成功\",\"code\":200}', 0, NULL, '2024-04-11 19:13:27', 105);
INSERT INTO `sys_oper_log` VALUES (31, '代码生成', 8, 'com.ruoyi.generator.controller.GenController.batchGenCode()', 'GET', 1, 'admin', '研发部门', '/tool/gen/batchGenCode', '127.0.0.1', '内网IP', '{\"tables\":\"sys_website\"}', NULL, 0, NULL, '2024-04-11 19:22:51', 151);
INSERT INTO `sys_oper_log` VALUES (32, '代码生成', 8, 'com.ruoyi.generator.controller.GenController.batchGenCode()', 'GET', 1, 'admin', '研发部门', '/tool/gen/batchGenCode', '127.0.0.1', '内网IP', '{\"tables\":\"sys_website\"}', NULL, 1, 'Encountered \"=\" at vm/win/table/table.vue.vm[line 16, column 30]\r\nWas expecting one of:\r\n    \"[\" ...\r\n    \"{\" ...\r\n    \"(\" ...\r\n    <WHITESPACE> ...\r\n    <NEWLINE> ...\r\n    <STRING_LITERAL> ...\r\n    \"true\" ...\r\n    \"false\" ...\r\n    \"-\" ...\r\n    <LOGICAL_NOT> ...\r\n    <INTEGER_LITERAL> ...\r\n    <FLOATING_POINT_LITERAL> ...\r\n    <IDENTIFIER> ...\r\n    <OLD_IDENTIFIER> ...\r\n    \"{\" ...\r\n    ', '2024-04-11 19:23:42', 137);
INSERT INTO `sys_oper_log` VALUES (33, '代码生成', 8, 'com.ruoyi.generator.controller.GenController.batchGenCode()', 'GET', 1, 'admin', '研发部门', '/tool/gen/batchGenCode', '127.0.0.1', '内网IP', '{\"tables\":\"sys_website\"}', NULL, 0, NULL, '2024-04-11 19:24:10', 113);
INSERT INTO `sys_oper_log` VALUES (34, '代码生成', 8, 'com.ruoyi.generator.controller.GenController.batchGenCode()', 'GET', 1, 'admin', '研发部门', '/tool/gen/batchGenCode', '127.0.0.1', '内网IP', '{\"tables\":\"sys_website\"}', NULL, 0, NULL, '2024-04-11 19:29:21', 104);
INSERT INTO `sys_oper_log` VALUES (35, '网页收藏', 3, 'com.ruoyi.system.controller.SysWebsiteController.remove()', 'DELETE', 1, 'admin', '研发部门', '/system/website/1', '127.0.0.1', '内网IP', '{}', '{\"msg\":\"操作成功\",\"code\":200}', 0, NULL, '2024-04-11 19:33:44', 131);
INSERT INTO `sys_oper_log` VALUES (36, '网页收藏', 1, 'com.ruoyi.system.controller.SysWebsiteController.add()', 'POST', 1, 'admin', '研发部门', '/system/website', '127.0.0.1', '内网IP', '{\"createTime\":\"2024-04-11 19:34:00\",\"description\":\"213\",\"name\":\"123\",\"params\":{},\"type\":\"\",\"url\":\"312\",\"websiteId\":0}', '{\"msg\":\"操作成功\",\"code\":200}', 0, NULL, '2024-04-11 19:33:55', 106);
INSERT INTO `sys_oper_log` VALUES (37, '网页收藏', 2, 'com.ruoyi.system.controller.SysWebsiteController.edit()', 'PUT', 1, 'admin', '研发部门', '/system/website', '127.0.0.1', '内网IP', '{\"description\":\"123\",\"name\":\"23\",\"params\":{},\"type\":\"\",\"updateTime\":\"2024-04-11 19:34:08\",\"url\":\"231\",\"websiteId\":1}', '{\"msg\":\"操作失败\",\"code\":500}', 0, NULL, '2024-04-11 19:34:03', 82);
INSERT INTO `sys_oper_log` VALUES (38, '网页收藏', 1, 'com.ruoyi.system.controller.SysWebsiteController.add()', 'POST', 1, 'admin', '研发部门', '/system/website', '127.0.0.1', '内网IP', '{\"createTime\":\"2024-04-11 19:34:16\",\"description\":\"312\",\"name\":\"321\",\"params\":{},\"type\":\"\",\"url\":\"312\"}', '{\"msg\":\"操作成功\",\"code\":200}', 0, NULL, '2024-04-11 19:34:11', 82);
INSERT INTO `sys_oper_log` VALUES (39, '网页收藏', 1, 'com.ruoyi.system.controller.SysWebsiteController.add()', 'POST', 1, 'admin', '研发部门', '/system/website', '127.0.0.1', '内网IP', '{\"createTime\":\"2024-04-11 19:34:22\",\"description\":\"123\",\"name\":\"231\",\"params\":{},\"type\":\"\",\"url\":\"312\",\"websiteId\":0}', '{\"msg\":\"操作成功\",\"code\":200}', 0, NULL, '2024-04-11 19:34:16', 81);
INSERT INTO `sys_oper_log` VALUES (40, '网页收藏', 1, 'com.ruoyi.system.controller.SysWebsiteController.add()', 'POST', 1, 'admin', '研发部门', '/system/website', '127.0.0.1', '内网IP', '{\"createTime\":\"2024-04-11 19:34:24\",\"description\":\"\",\"name\":\"\",\"params\":{},\"type\":\"\",\"url\":\"\",\"websiteId\":0}', '{\"msg\":\"操作成功\",\"code\":200}', 0, NULL, '2024-04-11 19:34:18', 89);
INSERT INTO `sys_oper_log` VALUES (41, '网页收藏', 1, 'com.ruoyi.system.controller.SysWebsiteController.add()', 'POST', 1, 'admin', '研发部门', '/system/website', '127.0.0.1', '内网IP', '{\"createTime\":\"2024-04-11 19:34:27\",\"description\":\"\",\"name\":\"\",\"params\":{},\"type\":\"\",\"url\":\"\",\"websiteId\":0}', '{\"msg\":\"操作成功\",\"code\":200}', 0, NULL, '2024-04-11 19:34:21', 80);
INSERT INTO `sys_oper_log` VALUES (42, '网页收藏', 3, 'com.ruoyi.system.controller.SysWebsiteController.remove()', 'DELETE', 1, 'admin', '研发部门', '/system/website/2', '127.0.0.1', '内网IP', '{}', '{\"msg\":\"操作成功\",\"code\":200}', 0, NULL, '2024-04-11 19:34:26', 97);
INSERT INTO `sys_oper_log` VALUES (43, '网页收藏', 3, 'com.ruoyi.system.controller.SysWebsiteController.remove()', 'DELETE', 1, 'admin', '研发部门', '/system/website/3', '127.0.0.1', '内网IP', '{}', '{\"msg\":\"操作成功\",\"code\":200}', 0, NULL, '2024-04-11 19:34:37', 81);
INSERT INTO `sys_oper_log` VALUES (44, '代码生成', 8, 'com.ruoyi.generator.controller.GenController.batchGenCode()', 'GET', 1, 'admin', '研发部门', '/tool/gen/batchGenCode', '127.0.0.1', '内网IP', '{\"tables\":\"sys_website\"}', NULL, 0, NULL, '2024-04-11 19:42:11', 101);
INSERT INTO `sys_oper_log` VALUES (45, '网页收藏', 1, 'com.ruoyi.system.controller.SysWebsiteController.add()', 'POST', 1, 'admin', '研发部门', '/system/website', '127.0.0.1', '内网IP', '{\"createTime\":\"2024-04-11 19:43:53\",\"description\":\"\",\"name\":\"\",\"params\":{},\"type\":\"\",\"url\":\"\",\"websiteId\":0}', '{\"msg\":\"操作成功\",\"code\":200}', 0, NULL, '2024-04-11 19:43:47', 98);
INSERT INTO `sys_oper_log` VALUES (46, '网页收藏', 1, 'com.ruoyi.system.controller.SysWebsiteController.add()', 'POST', 1, 'admin', '研发部门', '/system/website', '127.0.0.1', '内网IP', '{\"createTime\":\"2024-04-11 19:43:55\",\"description\":\"\",\"name\":\"\",\"params\":{},\"type\":\"\",\"url\":\"\",\"websiteId\":0}', '{\"msg\":\"操作成功\",\"code\":200}', 0, NULL, '2024-04-11 19:43:49', 114);
INSERT INTO `sys_oper_log` VALUES (47, '网页收藏', 1, 'com.ruoyi.system.controller.SysWebsiteController.add()', 'POST', 1, 'admin', '研发部门', '/system/website', '127.0.0.1', '内网IP', '{\"createTime\":\"2024-04-11 19:43:57\",\"description\":\"\",\"name\":\"\",\"params\":{},\"type\":\"\",\"url\":\"\",\"websiteId\":0}', '{\"msg\":\"操作成功\",\"code\":200}', 0, NULL, '2024-04-11 19:43:51', 79);
INSERT INTO `sys_oper_log` VALUES (48, '网页收藏', 3, 'com.ruoyi.system.controller.SysWebsiteController.remove()', 'DELETE', 1, 'admin', '研发部门', '/system/website/4,5,8,9', '127.0.0.1', '内网IP', '{}', '{\"msg\":\"操作成功\",\"code\":200}', 0, NULL, '2024-04-11 19:43:58', 112);
INSERT INTO `sys_oper_log` VALUES (49, '网页收藏', 1, 'com.ruoyi.system.controller.SysWebsiteController.add()', 'POST', 1, 'admin', '研发部门', '/system/website', '127.0.0.1', '内网IP', '{\"createTime\":\"2024-04-11 19:44:52\",\"description\":\"\",\"name\":\"\",\"params\":{},\"type\":\"\",\"url\":\"\",\"websiteId\":0}', '{\"msg\":\"操作成功\",\"code\":200}', 0, NULL, '2024-04-11 19:44:46', 81);
INSERT INTO `sys_oper_log` VALUES (50, '网页收藏', 3, 'com.ruoyi.system.controller.SysWebsiteController.remove()', 'DELETE', 1, 'admin', '研发部门', '/system/website/10', '127.0.0.1', '内网IP', '{}', '{\"msg\":\"操作成功\",\"code\":200}', 0, NULL, '2024-04-11 19:44:50', 103);
INSERT INTO `sys_oper_log` VALUES (51, '网页收藏', 1, 'com.ruoyi.system.controller.SysWebsiteController.add()', 'POST', 1, 'admin', '研发部门', '/system/website', '127.0.0.1', '内网IP', '{\"createTime\":\"2024-04-11 19:45:03\",\"description\":\"\",\"name\":\"\",\"params\":{},\"type\":\"\",\"url\":\"dasd\",\"websiteId\":0}', '{\"msg\":\"操作成功\",\"code\":200}', 0, NULL, '2024-04-11 19:44:57', 94);
INSERT INTO `sys_oper_log` VALUES (52, '网页收藏', 1, 'com.ruoyi.system.controller.SysWebsiteController.add()', 'POST', 1, 'admin', '研发部门', '/system/website', '127.0.0.1', '内网IP', '{\"createTime\":\"2024-04-11 19:45:06\",\"description\":\"\",\"name\":\"\",\"params\":{},\"type\":\"\",\"url\":\"\",\"websiteId\":0}', '{\"msg\":\"操作成功\",\"code\":200}', 0, NULL, '2024-04-11 19:45:00', 95);
INSERT INTO `sys_oper_log` VALUES (53, '网页收藏', 1, 'com.ruoyi.system.controller.SysWebsiteController.add()', 'POST', 1, 'admin', '研发部门', '/system/website', '127.0.0.1', '内网IP', '{\"createTime\":\"2024-04-11 19:45:08\",\"description\":\"\",\"name\":\"\",\"params\":{},\"type\":\"\",\"url\":\"\",\"websiteId\":0}', '{\"msg\":\"操作成功\",\"code\":200}', 0, NULL, '2024-04-11 19:45:02', 81);
INSERT INTO `sys_oper_log` VALUES (54, '网页收藏', 3, 'com.ruoyi.system.controller.SysWebsiteController.remove()', 'DELETE', 1, 'admin', '研发部门', '/system/website/13,11,12', '127.0.0.1', '内网IP', '{}', '{\"msg\":\"操作成功\",\"code\":200}', 0, NULL, '2024-04-11 19:45:08', 83);
INSERT INTO `sys_oper_log` VALUES (55, '代码生成', 8, 'com.ruoyi.generator.controller.GenController.batchGenCode()', 'GET', 1, 'admin', '研发部门', '/tool/gen/batchGenCode', '127.0.0.1', '内网IP', '{\"tables\":\"sys_website\"}', NULL, 1, 'Encountered \"<EOF>\" at vm/win/data/column.ts.vm[line 14, column 1]\r\nWas expecting one of:\r\n    \"\\u001c\" ...\r\n    \"\\u001c\" ...\r\n    \"||\" ...\r\n    \"|\" ...\r\n    \"(\" ...\r\n    \")\" ...\r\n    <ESCAPE_DIRECTIVE> ...\r\n    \"]]#\" ...\r\n    <WHITESPACE> ...\r\n    <NEWLINE> ...\r\n    <SUFFIX> ...\r\n    <STRING_LITERAL> ...\r\n    <INTEGER_LITERAL> ...\r\n    <FLOATING_POINT_LITERAL> ...\r\n    <DOT> ...\r\n    \"{\" ...\r\n    \"}\" ...\r\n    \"\\\\\\\\\" ...\r\n    \"\\\\\" ...\r\n    <TEXT> ...\r\n    <INLINE_TEXT> ...\r\n    <EMPTY_INDEX> ...\r\n    \"{\" ...\r\n    \"\\u001c\" ...\r\n    ', '2024-04-11 19:46:39', 79);
INSERT INTO `sys_oper_log` VALUES (56, '代码生成', 8, 'com.ruoyi.generator.controller.GenController.batchGenCode()', 'GET', 1, 'admin', '研发部门', '/tool/gen/batchGenCode', '127.0.0.1', '内网IP', '{\"tables\":\"sys_website\"}', NULL, 0, NULL, '2024-04-11 19:47:22', 97);
INSERT INTO `sys_oper_log` VALUES (57, '代码生成', 2, 'com.ruoyi.generator.controller.GenController.editSave()', 'PUT', 1, 'admin', '研发部门', '/tool/gen', '127.0.0.1', '内网IP', '{\"businessName\":\"website\",\"className\":\"SysWebsite\",\"columns\":[{\"capJavaField\":\"WebsiteId\",\"columnComment\":\"网页ID\",\"columnId\":1,\"columnName\":\"website_id\",\"columnType\":\"int\",\"dictType\":\"\",\"edit\":false,\"htmlType\":\"input\",\"increment\":false,\"insert\":false,\"isIncrement\":\"0\",\"isInsert\":\"0\",\"isPk\":\"1\",\"isRequired\":\"0\",\"javaField\":\"websiteId\",\"javaType\":\"Long\",\"list\":false,\"params\":{},\"pk\":true,\"query\":false,\"queryType\":\"EQ\",\"required\":false,\"sort\":1,\"superColumn\":false,\"tableId\":1,\"usableColumn\":false},{\"capJavaField\":\"Name\",\"columnComment\":\"网页名称\",\"columnId\":2,\"columnName\":\"name\",\"columnType\":\"varchar(255)\",\"dictType\":\"\",\"edit\":true,\"htmlType\":\"input\",\"increment\":false,\"insert\":true,\"isEdit\":\"1\",\"isIncrement\":\"0\",\"isInsert\":\"1\",\"isList\":\"1\",\"isPk\":\"0\",\"isQuery\":\"1\",\"isRequired\":\"1\",\"javaField\":\"name\",\"javaType\":\"String\",\"list\":true,\"params\":{},\"pk\":false,\"query\":true,\"queryType\":\"LIKE\",\"required\":true,\"sort\":2,\"superColumn\":false,\"tableId\":1,\"usableColumn\":false},{\"capJavaField\":\"Url\",\"columnComment\":\"网页URL\",\"columnId\":3,\"columnName\":\"url\",\"columnType\":\"varchar(255)\",\"dictType\":\"\",\"edit\":true,\"htmlType\":\"input\",\"increment\":false,\"insert\":true,\"isEdit\":\"1\",\"isIncrement\":\"0\",\"isInsert\":\"1\",\"isList\":\"1\",\"isPk\":\"0\",\"isQuery\":\"1\",\"isRequired\":\"0\",\"javaField\":\"url\",\"javaType\":\"String\",\"list\":true,\"params\":{},\"pk\":false,\"query\":true,\"queryType\":\"EQ\",\"required\":false,\"sort\":3,\"superColumn\":false,\"tableId\":1,\"usableColumn\":false},{\"capJavaField\":\"CreateTime\",\"columnComment\":\"创建时间\",\"columnId\":4,\"columnName\":\"create_time\",\"columnType\":\"datetime\",\"dictType\":\"\",\"edit\":false,\"htmlType\":\"datetime\",\"increment\":false,\"insert\":false,\"isIncrement\":\"0\",\"isInsert\":\"0\",\"isPk\":\"0\",\"isRequired\":\"0\",\"javaField\":\"createTime\",\"javaType\":\"Date\",\"list\":false,\"params\":{},\"pk\":false,\"query\":false,\"queryType\":\"EQ\",\"required\":false,\"sort\":4,\"superColumn\":true,\"tableId\":1,\"usableColumn\":false},{\"capJavaField\":\"Description\",\"columnComment\":\"网页描述\",\"columnId\":8,\"columnName\":\"description\",\"columnType\":\"varchar(2', '{\"msg\":\"操作成功\",\"code\":200}', 0, NULL, '2024-04-11 19:48:39', 785);
INSERT INTO `sys_oper_log` VALUES (58, '代码生成', 8, 'com.ruoyi.generator.controller.GenController.batchGenCode()', 'GET', 1, 'admin', '研发部门', '/tool/gen/batchGenCode', '127.0.0.1', '内网IP', '{\"tables\":\"sys_website\"}', NULL, 0, NULL, '2024-04-11 19:48:50', 70);
INSERT INTO `sys_oper_log` VALUES (59, '角色管理', 2, 'com.ruoyi.web.controller.system.SysRoleController.edit()', 'PUT', 1, 'admin', '研发部门', '/system/role', '127.0.0.1', '内网IP', '{\"admin\":false,\"createTime\":\"2024-04-10 20:31:02\",\"dataScope\":\"5\",\"delFlag\":\"0\",\"deptCheckStrictly\":false,\"flag\":false,\"menuCheckStrictly\":false,\"menuIds\":[102,1012,1013,1014,1015,2069],\"params\":{},\"remark\":\"访客，只能访问公开的数据\",\"roleId\":100,\"roleKey\":\"visitor\",\"roleName\":\"访客\",\"roleSort\":3,\"status\":\"0\",\"updateBy\":\"admin\"}', '{\"msg\":\"操作成功\",\"code\":200}', 0, NULL, '2024-04-11 19:50:16', 444);
INSERT INTO `sys_oper_log` VALUES (60, '用户管理', 2, 'com.ruoyi.web.controller.system.SysUserController.resetPwd()', 'PUT', 1, 'admin', '研发部门', '/system/user/resetPwd', '127.0.0.1', '内网IP', '{\"admin\":false,\"params\":{},\"updateBy\":\"admin\",\"userId\":100}', '{\"msg\":\"操作成功\",\"code\":200}', 0, NULL, '2024-04-11 19:50:50', 253);
INSERT INTO `sys_oper_log` VALUES (61, '用户管理', 2, 'com.ruoyi.web.controller.system.SysUserController.resetPwd()', 'PUT', 1, 'admin', '研发部门', '/system/user/resetPwd', '127.0.0.1', '内网IP', '{\"admin\":false,\"params\":{},\"updateBy\":\"admin\",\"userId\":100}', '{\"msg\":\"操作成功\",\"code\":200}', 0, NULL, '2024-04-11 19:51:13', 148);
INSERT INTO `sys_oper_log` VALUES (62, '角色管理', 2, 'com.ruoyi.web.controller.system.SysRoleController.edit()', 'PUT', 1, 'admin', '研发部门', '/system/role', '127.0.0.1', '内网IP', '{\"admin\":false,\"createTime\":\"2024-04-10 20:31:02\",\"dataScope\":\"5\",\"delFlag\":\"0\",\"deptCheckStrictly\":false,\"flag\":false,\"menuCheckStrictly\":false,\"menuIds\":[102,1012,1013,1014,1015,2069,2070,2071,2072,2073,2074,1],\"params\":{},\"remark\":\"访客，只能访问公开的数据\",\"roleId\":100,\"roleKey\":\"visitor\",\"roleName\":\"访客\",\"roleSort\":3,\"status\":\"0\",\"updateBy\":\"admin\"}', '{\"msg\":\"操作成功\",\"code\":200}', 0, NULL, '2024-04-11 19:52:30', 446);
INSERT INTO `sys_oper_log` VALUES (63, '角色管理', 2, 'com.ruoyi.web.controller.system.SysRoleController.edit()', 'PUT', 1, 'admin', '研发部门', '/system/role', '127.0.0.1', '内网IP', '{\"admin\":false,\"createTime\":\"2024-04-10 20:31:02\",\"dataScope\":\"5\",\"delFlag\":\"0\",\"deptCheckStrictly\":false,\"flag\":false,\"menuCheckStrictly\":false,\"menuIds\":[2069,2070,2071,2072,2073,2074],\"params\":{},\"remark\":\"访客，只能访问公开的数据\",\"roleId\":100,\"roleKey\":\"visitor\",\"roleName\":\"访客\",\"roleSort\":3,\"status\":\"0\",\"updateBy\":\"admin\"}', '{\"msg\":\"操作成功\",\"code\":200}', 0, NULL, '2024-04-11 19:52:50', 476);
INSERT INTO `sys_oper_log` VALUES (64, '用户管理', 2, 'com.ruoyi.web.controller.system.SysUserController.edit()', 'PUT', 1, 'admin', '研发部门', '/system/user', '127.0.0.1', '内网IP', '{\"admin\":false,\"avatar\":\"\",\"createBy\":\"admin\",\"createTime\":\"2024-04-10 19:03:08\",\"delFlag\":\"0\",\"dept\":{\"ancestors\":\"0,100\",\"children\":[],\"deptId\":200,\"deptName\":\"访客\",\"leader\":\"Win\",\"orderNum\":0,\"params\":{},\"parentId\":100,\"status\":\"0\"},\"deptId\":200,\"email\":\"11111111111@123.com\",\"loginDate\":\"2024-04-11 19:51:55\",\"loginIp\":\"127.0.0.1\",\"nickName\":\"Annis\",\"params\":{},\"phonenumber\":\"11111111111\",\"postIds\":[1],\"remark\":\"小爱同学\",\"roleIds\":[100],\"roles\":[{\"admin\":false,\"dataScope\":\"5\",\"deptCheckStrictly\":false,\"flag\":false,\"menuCheckStrictly\":false,\"params\":{},\"roleId\":100,\"roleKey\":\"visitor\",\"roleName\":\"访客\",\"roleSort\":3,\"status\":\"0\"}],\"sex\":\"1\",\"status\":\"0\",\"updateBy\":\"admin\",\"userId\":100,\"userName\":\"Annis\"}', '{\"msg\":\"操作成功\",\"code\":200}', 0, NULL, '2024-04-11 19:54:37', 701);
INSERT INTO `sys_oper_log` VALUES (65, '角色管理', 2, 'com.ruoyi.web.controller.system.SysRoleController.edit()', 'PUT', 1, 'admin', '研发部门', '/system/role', '127.0.0.1', '内网IP', '{\"admin\":false,\"createTime\":\"2024-04-10 20:31:02\",\"dataScope\":\"5\",\"delFlag\":\"0\",\"deptCheckStrictly\":false,\"flag\":false,\"menuCheckStrictly\":false,\"menuIds\":[],\"params\":{},\"remark\":\"访客，只能访问公开的数据\",\"roleId\":100,\"roleKey\":\"visitor\",\"roleName\":\"访客\",\"roleSort\":3,\"status\":\"0\",\"updateBy\":\"admin\"}', '{\"msg\":\"操作成功\",\"code\":200}', 0, NULL, '2024-04-11 19:55:14', 380);
INSERT INTO `sys_oper_log` VALUES (66, '角色管理', 4, 'com.ruoyi.web.controller.system.SysRoleController.selectAuthUserAll()', 'PUT', 1, 'admin', '研发部门', '/system/role/authUser/selectAll', '127.0.0.1', '内网IP', '', NULL, 1, '', '2024-04-11 19:55:39', 1);
INSERT INTO `sys_oper_log` VALUES (67, '角色管理', 4, 'com.ruoyi.web.controller.system.SysRoleController.selectAuthUserAll()', 'PUT', 1, 'admin', '研发部门', '/system/role/authUser/selectAll', '127.0.0.1', '内网IP', '', NULL, 1, '', '2024-04-11 19:56:03', 0);
INSERT INTO `sys_oper_log` VALUES (68, '角色管理', 4, 'com.ruoyi.web.controller.system.SysRoleController.selectAuthUserAll()', 'PUT', 1, 'admin', '研发部门', '/system/role/authUser/selectAll', '127.0.0.1', '内网IP', '', NULL, 1, '', '2024-04-11 19:58:52', 0);
INSERT INTO `sys_oper_log` VALUES (69, '角色管理', 4, 'com.ruoyi.web.controller.system.SysRoleController.selectAuthUserAll()', 'PUT', 1, 'admin', '研发部门', '/system/role/authUser/selectAll', '127.0.0.1', '内网IP', '', NULL, 1, '', '2024-04-11 19:59:18', 0);
INSERT INTO `sys_oper_log` VALUES (70, '角色管理', 4, 'com.ruoyi.web.controller.system.SysRoleController.selectAuthUserAll()', 'PUT', 1, 'admin', '研发部门', '/system/role/authUser/selectAll', '127.0.0.1', '内网IP', '{\"roleId\":\"100\",\"userIds100\":\"\"}', NULL, 1, '', '2024-04-11 20:01:30', 0);
INSERT INTO `sys_oper_log` VALUES (71, '角色管理', 4, 'com.ruoyi.web.controller.system.SysRoleController.selectAuthUserAll()', 'PUT', 1, 'admin', '研发部门', '/system/role/authUser/selectAll', '127.0.0.1', '内网IP', '{\"roleId\":\"100\",\"userIds100\":\"\"}', NULL, 1, '', '2024-04-11 20:01:52', 0);
INSERT INTO `sys_oper_log` VALUES (72, '角色管理', 4, 'com.ruoyi.web.controller.system.SysRoleController.selectAuthUserAll()', 'PUT', 1, 'admin', '研发部门', '/system/role/authUser/selectAll', '127.0.0.1', '内网IP', '{\"roleId\":\"100\",\"userIds100\":\"\"}', NULL, 1, '', '2024-04-11 20:01:55', 0);
INSERT INTO `sys_oper_log` VALUES (73, '角色管理', 4, 'com.ruoyi.web.controller.system.SysRoleController.selectAuthUserAll()', 'PUT', 1, 'admin', '研发部门', '/system/role/authUser/selectAll', '127.0.0.1', '内网IP', '{\"roleId\":\"100\",\"userIds100\":\"\"}', NULL, 1, '', '2024-04-11 20:02:03', 0);
INSERT INTO `sys_oper_log` VALUES (74, '角色管理', 4, 'com.ruoyi.web.controller.system.SysRoleController.selectAuthUserAll()', 'PUT', 1, 'admin', '研发部门', '/system/role/authUser/selectAll', '127.0.0.1', '内网IP', '{\"roleId\":\"100\",\"userIds100\":\"\"}', NULL, 1, '', '2024-04-11 20:02:21', 1);
INSERT INTO `sys_oper_log` VALUES (75, '角色管理', 4, 'com.ruoyi.web.controller.system.SysRoleController.selectAuthUserAll()', 'PUT', 1, 'admin', '研发部门', '/system/role/authUser/selectAll', '127.0.0.1', '内网IP', '{\"roleId\":\"100\",\"userIds\":\"100\"}', NULL, 1, '\r\n### Error updating database.  Cause: java.sql.SQLIntegrityConstraintViolationException: Duplicate entry \'100-100\' for key \'sys_user_role.PRIMARY\'\r\n### The error may exist in file [E:\\git\\win\\java\\ruoyi-system\\target\\classes\\mapper\\system\\SysUserRoleMapper.xml]\r\n### The error may involve defaultParameterMap\r\n### The error occurred while setting parameters\r\n### SQL: insert into sys_user_role(user_id, role_id) values         (?,?)\r\n### Cause: java.sql.SQLIntegrityConstraintViolationException: Duplicate entry \'100-100\' for key \'sys_user_role.PRIMARY\'\n; Duplicate entry \'100-100\' for key \'sys_user_role.PRIMARY\'; nested exception is java.sql.SQLIntegrityConstraintViolationException: Duplicate entry \'100-100\' for key \'sys_user_role.PRIMARY\'', '2024-04-11 20:02:37', 143);
INSERT INTO `sys_oper_log` VALUES (76, '角色管理', 4, 'com.ruoyi.web.controller.system.SysRoleController.selectAuthUserAll()', 'PUT', 1, 'admin', '研发部门', '/system/role/authUser/selectAll', '127.0.0.1', '内网IP', '{\"roleId\":\"100\",\"userIds\":\"100\"}', NULL, 1, '\r\n### Error updating database.  Cause: java.sql.SQLIntegrityConstraintViolationException: Duplicate entry \'100-100\' for key \'sys_user_role.PRIMARY\'\r\n### The error may exist in file [E:\\git\\win\\java\\ruoyi-system\\target\\classes\\mapper\\system\\SysUserRoleMapper.xml]\r\n### The error may involve defaultParameterMap\r\n### The error occurred while setting parameters\r\n### SQL: insert into sys_user_role(user_id, role_id) values         (?,?)\r\n### Cause: java.sql.SQLIntegrityConstraintViolationException: Duplicate entry \'100-100\' for key \'sys_user_role.PRIMARY\'\n; Duplicate entry \'100-100\' for key \'sys_user_role.PRIMARY\'; nested exception is java.sql.SQLIntegrityConstraintViolationException: Duplicate entry \'100-100\' for key \'sys_user_role.PRIMARY\'', '2024-04-11 20:29:50', 323);
INSERT INTO `sys_oper_log` VALUES (77, '角色管理', 4, 'com.ruoyi.web.controller.system.SysRoleController.selectAuthUserAll()', 'PUT', 1, 'admin', '研发部门', '/system/role/authUser/selectAll', '127.0.0.1', '内网IP', '{\"roleId\":\"100\",\"userIds\":\"100\"}', NULL, 1, '\r\n### Error updating database.  Cause: java.sql.SQLIntegrityConstraintViolationException: Duplicate entry \'100-100\' for key \'sys_user_role.PRIMARY\'\r\n### The error may exist in file [E:\\git\\win\\java\\ruoyi-system\\target\\classes\\mapper\\system\\SysUserRoleMapper.xml]\r\n### The error may involve defaultParameterMap\r\n### The error occurred while setting parameters\r\n### SQL: insert into sys_user_role(user_id, role_id) values         (?,?)\r\n### Cause: java.sql.SQLIntegrityConstraintViolationException: Duplicate entry \'100-100\' for key \'sys_user_role.PRIMARY\'\n; Duplicate entry \'100-100\' for key \'sys_user_role.PRIMARY\'; nested exception is java.sql.SQLIntegrityConstraintViolationException: Duplicate entry \'100-100\' for key \'sys_user_role.PRIMARY\'', '2024-04-11 20:30:18', 74);
INSERT INTO `sys_oper_log` VALUES (78, '角色管理', 4, 'com.ruoyi.web.controller.system.SysRoleController.cancelAuthUserAll()', 'PUT', 1, 'admin', '研发部门', '/system/role/authUser/cancelAll', '127.0.0.1', '内网IP', '{\"roleId\":\"100\",\"userIds\":\"100\"}', '{\"msg\":\"操作成功\",\"code\":200}', 0, NULL, '2024-04-11 20:30:52', 94);
INSERT INTO `sys_oper_log` VALUES (79, '角色管理', 4, 'com.ruoyi.web.controller.system.SysRoleController.cancelAuthUserAll()', 'PUT', 1, 'admin', '研发部门', '/system/role/authUser/cancelAll', '127.0.0.1', '内网IP', '{\"roleId\":\"100\",\"userIds\":\"2\"}', '{\"msg\":\"操作成功\",\"code\":200}', 0, NULL, '2024-04-11 20:32:36', 88);
INSERT INTO `sys_oper_log` VALUES (80, '角色管理', 4, 'com.ruoyi.web.controller.system.SysRoleController.selectAuthUserAll()', 'PUT', 1, 'admin', '研发部门', '/system/role/authUser/selectAll', '127.0.0.1', '内网IP', '{\"roleId\":\"100\",\"userIds\":\"100\"}', '{\"msg\":\"操作成功\",\"code\":200}', 0, NULL, '2024-04-11 20:34:04', 83);
INSERT INTO `sys_oper_log` VALUES (81, '角色管理', 4, 'com.ruoyi.web.controller.system.SysRoleController.selectAuthUserAll()', 'PUT', 1, 'admin', '研发部门', '/system/role/authUser/selectAll', '127.0.0.1', '内网IP', '{\"roleId\":\"100\",\"userIds\":\"2\"}', '{\"msg\":\"操作成功\",\"code\":200}', 0, NULL, '2024-04-11 20:34:59', 127);
INSERT INTO `sys_oper_log` VALUES (82, '角色管理', 4, 'com.ruoyi.web.controller.system.SysRoleController.cancelAuthUserAll()', 'PUT', 1, 'admin', '研发部门', '/system/role/authUser/cancelAll', '127.0.0.1', '内网IP', '{\"roleId\":\"100\",\"userIds\":\"100\"}', '{\"msg\":\"操作成功\",\"code\":200}', 0, NULL, '2024-04-11 20:38:56', 87);
INSERT INTO `sys_oper_log` VALUES (83, '角色管理', 4, 'com.ruoyi.web.controller.system.SysRoleController.cancelAuthUserAll()', 'PUT', 1, 'admin', '研发部门', '/system/role/authUser/cancelAll', '127.0.0.1', '内网IP', '{\"roleId\":\"100\",\"userIds\":\"2\"}', '{\"msg\":\"操作成功\",\"code\":200}', 0, NULL, '2024-04-11 20:38:59', 87);
INSERT INTO `sys_oper_log` VALUES (84, '角色管理', 4, 'com.ruoyi.web.controller.system.SysRoleController.selectAuthUserAll()', 'PUT', 1, 'admin', '研发部门', '/system/role/authUser/selectAll', '127.0.0.1', '内网IP', '{\"roleId\":\"100\",\"userIds\":\"\"}', NULL, 1, '\r\n### Error updating database.  Cause: java.sql.SQLSyntaxErrorException: You have an error in your SQL syntax; check the manual that corresponds to your MySQL server version for the right syntax to use near \'\' at line 1\r\n### The error may exist in file [E:\\git\\win\\java\\ruoyi-system\\target\\classes\\mapper\\system\\SysUserRoleMapper.xml]\r\n### The error may involve defaultParameterMap\r\n### The error occurred while setting parameters\r\n### SQL: insert into sys_user_role(user_id, role_id) values\r\n### Cause: java.sql.SQLSyntaxErrorException: You have an error in your SQL syntax; check the manual that corresponds to your MySQL server version for the right syntax to use near \'\' at line 1\n; bad SQL grammar []; nested exception is java.sql.SQLSyntaxErrorException: You have an error in your SQL syntax; check the manual that corresponds to your MySQL server version for the right syntax to use near \'\' at line 1', '2024-04-11 20:40:41', 104);
INSERT INTO `sys_oper_log` VALUES (85, '角色管理', 4, 'com.ruoyi.web.controller.system.SysRoleController.selectAuthUserAll()', 'PUT', 1, 'admin', '研发部门', '/system/role/authUser/selectAll', '127.0.0.1', '内网IP', '{\"roleId\":\"100\",\"userIds\":\"2,100\"}', '{\"msg\":\"操作成功\",\"code\":200}', 0, NULL, '2024-04-11 20:40:53', 84);
INSERT INTO `sys_oper_log` VALUES (86, '角色管理', 4, 'com.ruoyi.web.controller.system.SysRoleController.cancelAuthUserAll()', 'PUT', 1, 'admin', '研发部门', '/system/role/authUser/cancelAll', '127.0.0.1', '内网IP', '{\"roleId\":\"100\",\"userIds\":\"2,100\"}', '{\"msg\":\"操作成功\",\"code\":200}', 0, NULL, '2024-04-11 20:40:59', 94);
INSERT INTO `sys_oper_log` VALUES (87, '角色管理', 4, 'com.ruoyi.web.controller.system.SysRoleController.selectAuthUserAll()', 'PUT', 1, 'admin', '研发部门', '/system/role/authUser/selectAll', '127.0.0.1', '内网IP', '{\"roleId\":\"100\",\"userIds\":\"2,100\"}', '{\"msg\":\"操作成功\",\"code\":200}', 0, NULL, '2024-04-11 20:42:14', 94);
INSERT INTO `sys_oper_log` VALUES (88, '角色管理', 4, 'com.ruoyi.web.controller.system.SysRoleController.selectAuthUserAll()', 'PUT', 1, 'admin', '研发部门', '/system/role/authUser/selectAll', '127.0.0.1', '内网IP', '{\"roleId\":\"100\",\"userIds\":\"2,100\"}', NULL, 1, '\r\n### Error updating database.  Cause: java.sql.SQLIntegrityConstraintViolationException: Duplicate entry \'2-100\' for key \'sys_user_role.PRIMARY\'\r\n### The error may exist in file [E:\\git\\win\\java\\ruoyi-system\\target\\classes\\mapper\\system\\SysUserRoleMapper.xml]\r\n### The error may involve defaultParameterMap\r\n### The error occurred while setting parameters\r\n### SQL: insert into sys_user_role(user_id, role_id) values         (?,?)    ,     (?,?)\r\n### Cause: java.sql.SQLIntegrityConstraintViolationException: Duplicate entry \'2-100\' for key \'sys_user_role.PRIMARY\'\n; Duplicate entry \'2-100\' for key \'sys_user_role.PRIMARY\'; nested exception is java.sql.SQLIntegrityConstraintViolationException: Duplicate entry \'2-100\' for key \'sys_user_role.PRIMARY\'', '2024-04-11 20:42:15', 83);
INSERT INTO `sys_oper_log` VALUES (89, '角色管理', 4, 'com.ruoyi.web.controller.system.SysRoleController.cancelAuthUserAll()', 'PUT', 1, 'admin', '研发部门', '/system/role/authUser/cancelAll', '127.0.0.1', '内网IP', '{\"roleId\":\"100\",\"userIds\":\"2,100\"}', '{\"msg\":\"操作成功\",\"code\":200}', 0, NULL, '2024-04-11 20:43:12', 95);
INSERT INTO `sys_oper_log` VALUES (90, '角色管理', 4, 'com.ruoyi.web.controller.system.SysRoleController.selectAuthUserAll()', 'PUT', 1, 'admin', '研发部门', '/system/role/authUser/selectAll', '127.0.0.1', '内网IP', '{\"roleId\":\"100\",\"userIds\":\"2,100\"}', '{\"msg\":\"操作成功\",\"code\":200}', 0, NULL, '2024-04-11 20:43:26', 106);
INSERT INTO `sys_oper_log` VALUES (91, '角色管理', 2, 'com.ruoyi.web.controller.system.SysRoleController.dataScope()', 'PUT', 1, 'admin', '研发部门', '/system/role/dataScope', '127.0.0.1', '内网IP', '{\"admin\":false,\"createTime\":\"2024-04-10 20:31:02\",\"dataScope\":\"1\",\"delFlag\":\"0\",\"deptCheckStrictly\":false,\"deptIds\":[200],\"flag\":false,\"menuCheckStrictly\":false,\"params\":{},\"remark\":\"访客，只能访问公开的数据\",\"roleId\":100,\"roleKey\":\"visitor\",\"roleName\":\"访客\",\"roleSort\":3,\"status\":\"0\"}', '{\"msg\":\"操作成功\",\"code\":200}', 0, NULL, '2024-04-11 20:44:28', 377);
INSERT INTO `sys_oper_log` VALUES (92, '角色管理', 2, 'com.ruoyi.web.controller.system.SysRoleController.edit()', 'PUT', 1, 'admin', '研发部门', '/system/role', '127.0.0.1', '内网IP', '{\"admin\":false,\"createTime\":\"2024-04-10 20:31:02\",\"dataScope\":\"1\",\"delFlag\":\"0\",\"deptCheckStrictly\":false,\"flag\":false,\"menuCheckStrictly\":false,\"menuIds\":[2069,2070,2071,2072,2073],\"params\":{},\"remark\":\"访客，只能访问公开的数据\",\"roleId\":100,\"roleKey\":\"visitor\",\"roleName\":\"访客\",\"roleSort\":3,\"status\":\"0\",\"updateBy\":\"admin\"}', '{\"msg\":\"操作成功\",\"code\":200}', 0, NULL, '2024-04-11 20:44:43', 435);
INSERT INTO `sys_oper_log` VALUES (93, '网页收藏', 1, 'com.ruoyi.system.controller.SysWebsiteController.add()', 'POST', 1, 'Annis', '访客', '/system/website', '127.0.0.1', '内网IP', '{\"createTime\":\"2024-04-11 20:45:57\",\"description\":\"\",\"name\":\"\",\"params\":{},\"type\":\"\",\"url\":\"\",\"websiteId\":0}', '{\"msg\":\"操作成功\",\"code\":200}', 0, NULL, '2024-04-11 20:45:52', 96);
INSERT INTO `sys_oper_log` VALUES (94, '网页收藏', 3, 'com.ruoyi.system.controller.SysWebsiteController.remove()', 'DELETE', 1, 'Annis', '访客', '/system/website/14', '127.0.0.1', '内网IP', '{}', '{\"msg\":\"操作成功\",\"code\":200}', 0, NULL, '2024-04-11 20:46:55', 126);
INSERT INTO `sys_oper_log` VALUES (95, '角色管理', 2, 'com.ruoyi.web.controller.system.SysRoleController.dataScope()', 'PUT', 1, 'admin', '研发部门', '/system/role/dataScope', '127.0.0.1', '内网IP', '{\"admin\":false,\"createTime\":\"2024-04-10 20:31:02\",\"dataScope\":\"3\",\"delFlag\":\"0\",\"deptCheckStrictly\":false,\"deptIds\":[200],\"flag\":false,\"menuCheckStrictly\":false,\"menuIds\":[2069,2070,2071,2072,2073],\"params\":{},\"remark\":\"访客，只能访问公开的数据\",\"roleId\":100,\"roleKey\":\"visitor\",\"roleName\":\"访客\",\"roleSort\":3,\"status\":\"0\"}', '{\"msg\":\"操作成功\",\"code\":200}', 0, NULL, '2024-04-11 20:52:36', 392);
INSERT INTO `sys_oper_log` VALUES (96, '角色管理', 2, 'com.ruoyi.web.controller.system.SysRoleController.dataScope()', 'PUT', 1, 'admin', '研发部门', '/system/role/dataScope', '127.0.0.1', '内网IP', '{\"admin\":false,\"createTime\":\"2024-04-10 20:31:02\",\"dataScope\":\"3\",\"delFlag\":\"0\",\"deptCheckStrictly\":false,\"deptIds\":[200],\"flag\":false,\"menuCheckStrictly\":false,\"menuIds\":[2069,2070,2071,2072,2073],\"params\":{},\"remark\":\"访客，只能访问公开的数据\",\"roleId\":100,\"roleKey\":\"visitor\",\"roleName\":\"访客\",\"roleSort\":3,\"status\":\"0\"}', '{\"msg\":\"操作成功\",\"code\":200}', 0, NULL, '2024-04-11 20:52:56', 381);
INSERT INTO `sys_oper_log` VALUES (97, '角色管理', 4, 'com.ruoyi.web.controller.system.SysRoleController.cancelAuthUserAll()', 'PUT', 1, 'admin', '研发部门', '/system/role/authUser/cancelAll', '127.0.0.1', '内网IP', '{\"roleId\":\"2\",\"userIds\":\"2\"}', '{\"msg\":\"操作成功\",\"code\":200}', 0, NULL, '2024-04-11 20:53:04', 86);
INSERT INTO `sys_oper_log` VALUES (98, '角色管理', 2, 'com.ruoyi.web.controller.system.SysRoleController.edit()', 'PUT', 1, 'admin', '研发部门', '/system/role', '127.0.0.1', '内网IP', '{\"admin\":false,\"createTime\":\"2024-04-10 20:31:02\",\"dataScope\":\"3\",\"delFlag\":\"0\",\"deptCheckStrictly\":false,\"deptIds\":[200],\"flag\":false,\"menuCheckStrictly\":false,\"menuIds\":[2069,2070,2071,2072,2073,2074,107,1035,1036,1037,1038,1],\"params\":{},\"remark\":\"访客，只能访问公开的数据\",\"roleId\":100,\"roleKey\":\"visitor\",\"roleName\":\"访客\",\"roleSort\":3,\"status\":\"0\",\"updateBy\":\"admin\"}', '{\"msg\":\"操作成功\",\"code\":200}', 0, NULL, '2024-04-11 20:53:42', 460);
INSERT INTO `sys_oper_log` VALUES (99, '网页收藏', 1, 'com.ruoyi.system.controller.SysWebsiteController.add()', 'POST', 1, 'admin', '研发部门', '/system/website', '127.0.0.1', '内网IP', '{\"createTime\":\"2024-04-11 22:45:22\",\"description\":\"123\",\"name\":\"123\",\"params\":{},\"type\":\"\",\"url\":\"3123\",\"websiteId\":0}', '{\"msg\":\"操作成功\",\"code\":200}', 0, NULL, '2024-04-11 22:45:21', 119);
INSERT INTO `sys_oper_log` VALUES (100, '网页收藏', 1, 'com.ruoyi.system.controller.SysWebsiteController.add()', 'POST', 1, 'admin', '研发部门', '/system/website', '127.0.0.1', '内网IP', '{\"createTime\":\"2024-04-11 23:05:59\",\"description\":\"1\",\"name\":\"1\",\"params\":{},\"type\":\"\",\"url\":\"1\",\"websiteId\":0}', '{\"msg\":\"操作成功\",\"code\":200}', 0, NULL, '2024-04-11 23:05:58', 128);
INSERT INTO `sys_oper_log` VALUES (101, '网页收藏', 1, 'com.ruoyi.system.controller.SysWebsiteController.add()', 'POST', 1, 'admin', '研发部门', '/system/website', '127.0.0.1', '内网IP', '{\"createTime\":\"2024-04-11 23:42:59\",\"description\":\"11111111111111111111111111111111111111111111111111111111111111111111111111111\",\"name\":\"\",\"params\":{},\"type\":\"\",\"url\":\"\",\"websiteId\":0}', '{\"msg\":\"操作成功\",\"code\":200}', 0, NULL, '2024-04-11 23:42:58', 122);
INSERT INTO `sys_oper_log` VALUES (102, '代码生成', 2, 'com.ruoyi.generator.controller.GenController.editSave()', 'PUT', 1, 'admin', '研发部门', '/tool/gen', '127.0.0.1', '内网IP', '{\"businessName\":\"website\",\"className\":\"SysWebsite\",\"columns\":[{\"capJavaField\":\"WebsiteId\",\"columnComment\":\"网页ID\",\"columnId\":1,\"columnName\":\"website_id\",\"columnType\":\"int\",\"dictType\":\"\",\"edit\":false,\"htmlType\":\"input\",\"increment\":false,\"insert\":false,\"isIncrement\":\"0\",\"isInsert\":\"0\",\"isPk\":\"1\",\"isRequired\":\"0\",\"javaField\":\"websiteId\",\"javaType\":\"Long\",\"list\":false,\"params\":{},\"pk\":true,\"query\":false,\"queryType\":\"EQ\",\"required\":false,\"sort\":1,\"superColumn\":false,\"tableId\":1,\"usableColumn\":false},{\"capJavaField\":\"Name\",\"columnComment\":\"网页名称\",\"columnId\":2,\"columnName\":\"name\",\"columnType\":\"varchar(255)\",\"dictType\":\"\",\"edit\":true,\"htmlType\":\"input\",\"increment\":false,\"insert\":true,\"isEdit\":\"1\",\"isIncrement\":\"0\",\"isInsert\":\"1\",\"isList\":\"1\",\"isPk\":\"0\",\"isQuery\":\"1\",\"isRequired\":\"1\",\"javaField\":\"name\",\"javaType\":\"String\",\"list\":true,\"params\":{},\"pk\":false,\"query\":true,\"queryType\":\"LIKE\",\"required\":true,\"sort\":2,\"superColumn\":false,\"tableId\":1,\"usableColumn\":false},{\"capJavaField\":\"Url\",\"columnComment\":\"网页URL\",\"columnId\":3,\"columnName\":\"url\",\"columnType\":\"varchar(255)\",\"dictType\":\"\",\"edit\":true,\"htmlType\":\"input\",\"increment\":false,\"insert\":true,\"isEdit\":\"1\",\"isIncrement\":\"0\",\"isInsert\":\"1\",\"isList\":\"1\",\"isPk\":\"0\",\"isQuery\":\"1\",\"isRequired\":\"0\",\"javaField\":\"url\",\"javaType\":\"String\",\"list\":true,\"params\":{},\"pk\":false,\"query\":true,\"queryType\":\"EQ\",\"required\":false,\"sort\":3,\"superColumn\":false,\"tableId\":1,\"usableColumn\":false},{\"capJavaField\":\"CreateTime\",\"columnComment\":\"创建时间\",\"columnId\":4,\"columnName\":\"create_time\",\"columnType\":\"datetime\",\"dictType\":\"\",\"edit\":false,\"htmlType\":\"datetime\",\"increment\":false,\"insert\":false,\"isIncrement\":\"0\",\"isInsert\":\"0\",\"isPk\":\"0\",\"isRequired\":\"0\",\"javaField\":\"createTime\",\"javaType\":\"Date\",\"list\":false,\"params\":{},\"pk\":false,\"query\":false,\"queryType\":\"EQ\",\"required\":false,\"sort\":4,\"superColumn\":true,\"tableId\":1,\"usableColumn\":false},{\"capJavaField\":\"Description\",\"columnComment\":\"网页描述\",\"columnId\":8,\"columnName\":\"description\",\"columnType\":\"varchar(2', '{\"msg\":\"操作成功\",\"code\":200}', 0, NULL, '2024-04-12 10:35:23', 668);
INSERT INTO `sys_oper_log` VALUES (103, '网页收藏', 3, 'com.ruoyi.system.controller.SysWebsiteController.remove()', 'DELETE', 1, 'admin', '研发部门', '/system/website/6', '127.0.0.1', '内网IP', '{}', '{\"msg\":\"操作成功\",\"code\":200}', 0, NULL, '2024-04-12 11:51:39', 89);
INSERT INTO `sys_oper_log` VALUES (104, '网页收藏', 3, 'com.ruoyi.system.controller.SysWebsiteController.remove()', 'DELETE', 1, 'admin', '研发部门', '/system/website/17', '127.0.0.1', '内网IP', '{}', '{\"msg\":\"操作成功\",\"code\":200}', 0, NULL, '2024-04-12 11:52:03', 75);
INSERT INTO `sys_oper_log` VALUES (105, '网页收藏', 1, 'com.ruoyi.system.controller.SysWebsiteController.add()', 'POST', 1, 'admin', '研发部门', '/system/website', '127.0.0.1', '内网IP', '{\"createTime\":\"2024-04-12 11:52:16\",\"description\":\"2\",\"name\":\"1\",\"params\":{},\"type\":\"\",\"url\":\"1\",\"websiteId\":0}', '{\"msg\":\"操作成功\",\"code\":200}', 0, NULL, '2024-04-12 11:52:16', 77);
INSERT INTO `sys_oper_log` VALUES (106, '网页收藏', 2, 'com.ruoyi.system.controller.SysWebsiteController.edit()', 'PUT', 1, 'admin', '研发部门', '/system/website', '127.0.0.1', '内网IP', '{\"createTime\":\"2024-04-12 11:52:16\",\"description\":\"2\",\"name\":\"1\",\"params\":{},\"type\":\"\",\"updateTime\":\"2024-04-12 11:55:09\",\"url\":\"1\",\"websiteId\":18}', '{\"msg\":\"操作成功\",\"code\":200}', 0, NULL, '2024-04-12 11:55:09', 68);
INSERT INTO `sys_oper_log` VALUES (107, '网页收藏', 2, 'com.ruoyi.system.controller.SysWebsiteController.edit()', 'PUT', 1, 'admin', '研发部门', '/system/website', '127.0.0.1', '内网IP', '{\"createTime\":\"2024-04-12 11:52:16\",\"description\":\"2\",\"name\":\"1\",\"params\":{},\"type\":\"\",\"updateTime\":\"2024-04-12 11:55:15\",\"url\":\"1\",\"websiteId\":18}', '{\"msg\":\"操作成功\",\"code\":200}', 0, NULL, '2024-04-12 11:55:14', 72);
INSERT INTO `sys_oper_log` VALUES (108, '网页收藏', 2, 'com.ruoyi.system.controller.SysWebsiteController.edit()', 'PUT', 1, 'admin', '研发部门', '/system/website', '127.0.0.1', '内网IP', '{\"createTime\":\"2024-04-11 19:43:54\",\"description\":\"123\",\"name\":\"13\",\"params\":{},\"type\":\"\",\"updateTime\":\"2024-04-12 11:55:27\",\"url\":\"123\",\"websiteId\":7}', '{\"msg\":\"操作成功\",\"code\":200}', 0, NULL, '2024-04-12 11:55:26', 71);
INSERT INTO `sys_oper_log` VALUES (109, '网页收藏', 2, 'com.ruoyi.system.controller.SysWebsiteController.edit()', 'PUT', 1, 'admin', '研发部门', '/system/website', '127.0.0.1', '内网IP', '{\"createTime\":\"2024-04-11 19:43:54\",\"description\":\"1231\",\"name\":\"13\",\"params\":{},\"type\":\"\",\"updateTime\":\"2024-04-12 11:55:34\",\"url\":\"123\",\"websiteId\":7}', '{\"msg\":\"操作成功\",\"code\":200}', 0, NULL, '2024-04-12 11:55:34', 74);
INSERT INTO `sys_oper_log` VALUES (110, '网页收藏', 3, 'com.ruoyi.system.controller.SysWebsiteController.remove()', 'DELETE', 1, 'admin', '研发部门', '/system/website/15', '127.0.0.1', '内网IP', '{}', '{\"msg\":\"操作成功\",\"code\":200}', 0, NULL, '2024-04-12 11:55:43', 75);
INSERT INTO `sys_oper_log` VALUES (111, '网页收藏', 1, 'com.ruoyi.system.controller.SysWebsiteController.add()', 'POST', 1, 'admin', '研发部门', '/system/website', '127.0.0.1', '内网IP', '{\"createTime\":\"2024-04-12 11:55:50\",\"description\":\"3123\",\"name\":\"123\",\"params\":{},\"type\":\"\",\"url\":\"3213\",\"websiteId\":0}', '{\"msg\":\"操作成功\",\"code\":200}', 0, NULL, '2024-04-12 11:55:49', 72);
INSERT INTO `sys_oper_log` VALUES (112, '网页收藏', 3, 'com.ruoyi.system.controller.SysWebsiteController.remove()', 'DELETE', 1, 'admin', '研发部门', '/system/website/16', '127.0.0.1', '内网IP', '{}', '{\"msg\":\"操作成功\",\"code\":200}', 0, NULL, '2024-04-12 11:56:30', 75);
INSERT INTO `sys_oper_log` VALUES (113, '网页收藏', 1, 'com.ruoyi.system.controller.SysWebsiteController.add()', 'POST', 1, 'admin', '研发部门', '/system/website', '127.0.0.1', '内网IP', '{\"createTime\":\"2024-04-12 11:56:37\",\"description\":\"3123\",\"name\":\"213\",\"params\":{},\"type\":\"\",\"url\":\"321\",\"websiteId\":0}', '{\"msg\":\"操作成功\",\"code\":200}', 0, NULL, '2024-04-12 11:56:37', 70);
INSERT INTO `sys_oper_log` VALUES (114, '网页收藏', 1, 'com.ruoyi.system.controller.SysWebsiteController.add()', 'POST', 1, 'admin', '研发部门', '/system/website', '127.0.0.1', '内网IP', '{\"createTime\":\"2024-04-12 11:56:41\",\"description\":\"213\",\"name\":\"213\",\"params\":{},\"type\":\"\",\"url\":\"3123\",\"websiteId\":0}', '{\"msg\":\"操作成功\",\"code\":200}', 0, NULL, '2024-04-12 11:56:41', 73);
INSERT INTO `sys_oper_log` VALUES (115, '网页收藏', 3, 'com.ruoyi.system.controller.SysWebsiteController.remove()', 'DELETE', 1, 'admin', '研发部门', '/system/website/7', '127.0.0.1', '内网IP', '{}', '{\"msg\":\"操作成功\",\"code\":200}', 0, NULL, '2024-04-12 11:56:44', 80);
INSERT INTO `sys_oper_log` VALUES (116, '网页收藏', 1, 'com.ruoyi.system.controller.SysWebsiteController.add()', 'POST', 1, 'admin', '研发部门', '/system/website', '127.0.0.1', '内网IP', '{\"createTime\":\"2024-04-12 12:16:01\",\"description\":\"3123\",\"name\":\"123\",\"params\":{},\"type\":\"\",\"url\":\"312\",\"websiteId\":0}', '{\"msg\":\"操作成功\",\"code\":200}', 0, NULL, '2024-04-12 12:16:01', 75);
INSERT INTO `sys_oper_log` VALUES (117, '网页收藏', 1, 'com.ruoyi.system.controller.SysWebsiteController.add()', 'POST', 1, 'admin', '研发部门', '/system/website', '127.0.0.1', '内网IP', '{\"createTime\":\"2024-04-12 12:19:15\",\"description\":\"321\",\"name\":\"123\",\"params\":{},\"type\":\"\",\"url\":\"3213\",\"websiteId\":0}', '{\"msg\":\"操作成功\",\"code\":200}', 0, NULL, '2024-04-12 12:19:15', 107);
INSERT INTO `sys_oper_log` VALUES (118, '网页收藏', 1, 'com.ruoyi.system.controller.SysWebsiteController.add()', 'POST', 1, 'admin', '研发部门', '/system/website', '127.0.0.1', '内网IP', '{\"createTime\":\"2024-04-12 12:20:52\",\"description\":\"\",\"name\":\"213\",\"params\":{},\"type\":\"\",\"url\":\"312\",\"websiteId\":0}', '{\"msg\":\"操作成功\",\"code\":200}', 0, NULL, '2024-04-12 12:20:51', 100);
INSERT INTO `sys_oper_log` VALUES (119, '网页收藏', 1, 'com.ruoyi.system.controller.SysWebsiteController.add()', 'POST', 1, 'admin', '研发部门', '/system/website', '127.0.0.1', '内网IP', '{\"createTime\":\"2024-04-12 12:20:55\",\"description\":\"\",\"name\":\"123\",\"params\":{},\"type\":\"\",\"url\":\"3123\",\"websiteId\":0}', '{\"msg\":\"操作成功\",\"code\":200}', 0, NULL, '2024-04-12 12:20:55', 71);
INSERT INTO `sys_oper_log` VALUES (120, '网页收藏', 1, 'com.ruoyi.system.controller.SysWebsiteController.add()', 'POST', 1, 'admin', '研发部门', '/system/website', '127.0.0.1', '内网IP', '{\"createTime\":\"2024-04-12 12:20:58\",\"description\":\"\",\"name\":\"3213\",\"params\":{},\"type\":\"\",\"url\":\"3123\",\"websiteId\":0}', '{\"msg\":\"操作成功\",\"code\":200}', 0, NULL, '2024-04-12 12:20:58', 73);
INSERT INTO `sys_oper_log` VALUES (121, '网页收藏', 1, 'com.ruoyi.system.controller.SysWebsiteController.add()', 'POST', 1, 'admin', '研发部门', '/system/website', '127.0.0.1', '内网IP', '{\"createTime\":\"2024-04-12 12:21:00\",\"description\":\"\",\"name\":\"321312\",\"params\":{},\"type\":\"\",\"url\":\"\",\"websiteId\":0}', '{\"msg\":\"操作成功\",\"code\":200}', 0, NULL, '2024-04-12 12:21:00', 73);
INSERT INTO `sys_oper_log` VALUES (122, '网页收藏', 1, 'com.ruoyi.system.controller.SysWebsiteController.add()', 'POST', 1, 'admin', '研发部门', '/system/website', '127.0.0.1', '内网IP', '{\"createTime\":\"2024-04-12 12:21:04\",\"description\":\"\",\"name\":\"3213\",\"params\":{},\"type\":\"\",\"url\":\"312\",\"websiteId\":0}', '{\"msg\":\"操作成功\",\"code\":200}', 0, NULL, '2024-04-12 12:21:04', 76);
INSERT INTO `sys_oper_log` VALUES (123, '网页收藏', 1, 'com.ruoyi.system.controller.SysWebsiteController.add()', 'POST', 1, 'admin', '研发部门', '/system/website', '127.0.0.1', '内网IP', '{\"createTime\":\"2024-04-12 12:23:44\",\"description\":\"3123\",\"name\":\"312\",\"params\":{},\"type\":\"\",\"url\":\"33123\",\"websiteId\":0}', '{\"msg\":\"操作成功\",\"code\":200}', 0, NULL, '2024-04-12 12:23:44', 103);
INSERT INTO `sys_oper_log` VALUES (124, '网页收藏', 1, 'com.ruoyi.system.controller.SysWebsiteController.add()', 'POST', 1, 'admin', '研发部门', '/system/website', '127.0.0.1', '内网IP', '{\"createTime\":\"2024-04-12 14:23:19\",\"description\":\"323213\",\"name\":\"123\",\"params\":{},\"type\":\"\",\"url\":\"231\",\"websiteId\":0}', '{\"msg\":\"操作成功\",\"code\":200}', 0, NULL, '2024-04-12 14:23:19', 79);
INSERT INTO `sys_oper_log` VALUES (125, '网页收藏', 1, 'com.ruoyi.system.controller.SysWebsiteController.add()', 'POST', 1, 'admin', '研发部门', '/system/website', '127.0.0.1', '内网IP', '{\"createTime\":\"2024-04-12 14:53:23\",\"description\":\"3213\",\"name\":\"123\",\"params\":{},\"type\":\"\",\"url\":\"321\",\"websiteId\":0}', '{\"msg\":\"操作成功\",\"code\":200}', 0, NULL, '2024-04-12 14:53:23', 110);
INSERT INTO `sys_oper_log` VALUES (126, '网页收藏', 1, 'com.ruoyi.system.controller.SysWebsiteController.add()', 'POST', 1, 'admin', '研发部门', '/system/website', '127.0.0.1', '内网IP', '{\"createTime\":\"2024-04-12 14:53:28\",\"description\":\"321\",\"name\":\"321\",\"params\":{},\"type\":\"\",\"url\":\"321\",\"websiteId\":0}', '{\"msg\":\"操作成功\",\"code\":200}', 0, NULL, '2024-04-12 14:53:28', 71);
INSERT INTO `sys_oper_log` VALUES (127, '网页收藏', 1, 'com.ruoyi.system.controller.SysWebsiteController.add()', 'POST', 1, 'admin', '研发部门', '/system/website', '127.0.0.1', '内网IP', '{\"createTime\":\"2024-04-12 18:19:55\",\"description\":\"额头上\",\"name\":\"发送\",\"params\":{},\"type\":\"\",\"url\":\"123\",\"websiteId\":0}', '{\"msg\":\"操作成功\",\"code\":200}', 0, NULL, '2024-04-12 18:19:50', 88);
INSERT INTO `sys_oper_log` VALUES (128, '网页收藏', 3, 'com.ruoyi.system.controller.SysWebsiteController.remove()', 'DELETE', 1, 'admin', '研发部门', '/system/website/18', '127.0.0.1', '内网IP', '{}', '{\"msg\":\"操作成功\",\"code\":200}', 0, NULL, '2024-04-12 18:20:18', 93);
INSERT INTO `sys_oper_log` VALUES (129, '网页收藏', 2, 'com.ruoyi.system.controller.SysWebsiteController.edit()', 'PUT', 1, 'admin', '研发部门', '/system/website', '127.0.0.1', '内网IP', '{\"createTime\":\"2024-04-12 12:19:16\",\"description\":\"附件\",\"name\":\"123\",\"params\":{},\"type\":\"\",\"updateTime\":\"2024-04-12 18:21:06\",\"url\":\"3213\",\"websiteId\":23}', '{\"msg\":\"操作成功\",\"code\":200}', 0, NULL, '2024-04-12 18:21:01', 94);
INSERT INTO `sys_oper_log` VALUES (130, '代码生成', 8, 'com.ruoyi.generator.controller.GenController.batchGenCode()', 'GET', 1, 'admin', '研发部门', '/tool/gen/batchGenCode', '127.0.0.1', '内网IP', '{\"tables\":\"sys_website\"}', NULL, 0, NULL, '2024-04-12 18:58:17', 301);
INSERT INTO `sys_oper_log` VALUES (131, '代码生成', 8, 'com.ruoyi.generator.controller.GenController.batchGenCode()', 'GET', 1, 'admin', '研发部门', '/tool/gen/batchGenCode', '127.0.0.1', '内网IP', '{\"tables\":\"sys_website\"}', NULL, 0, NULL, '2024-04-12 18:59:24', 162);
INSERT INTO `sys_oper_log` VALUES (132, '代码生成', 8, 'com.ruoyi.generator.controller.GenController.batchGenCode()', 'GET', 1, 'admin', '研发部门', '/tool/gen/batchGenCode', '127.0.0.1', '内网IP', '{\"tables\":\"sys_website\"}', NULL, 0, NULL, '2024-04-12 19:04:56', 272);
INSERT INTO `sys_oper_log` VALUES (133, '代码生成', 8, 'com.ruoyi.generator.controller.GenController.batchGenCode()', 'GET', 1, 'admin', '研发部门', '/tool/gen/batchGenCode', '127.0.0.1', '内网IP', '{\"tables\":\"sys_website\"}', NULL, 0, NULL, '2024-04-12 19:05:43', 191);
INSERT INTO `sys_oper_log` VALUES (134, '代码生成', 2, 'com.ruoyi.generator.controller.GenController.editSave()', 'PUT', 1, 'admin', '研发部门', '/tool/gen', '127.0.0.1', '内网IP', '{\"businessName\":\"website\",\"className\":\"SysWebsite\",\"columns\":[{\"capJavaField\":\"WebsiteId\",\"columnComment\":\"网页ID\",\"columnId\":1,\"columnName\":\"website_id\",\"columnType\":\"int\",\"dictType\":\"\",\"edit\":false,\"htmlType\":\"input\",\"increment\":false,\"insert\":false,\"isIncrement\":\"0\",\"isInsert\":\"0\",\"isPk\":\"1\",\"isRequired\":\"0\",\"javaField\":\"websiteId\",\"javaType\":\"Long\",\"list\":false,\"params\":{},\"pk\":true,\"query\":false,\"queryType\":\"EQ\",\"required\":false,\"sort\":1,\"superColumn\":false,\"tableId\":1,\"usableColumn\":false},{\"capJavaField\":\"Name\",\"columnComment\":\"网页名称\",\"columnId\":2,\"columnName\":\"name\",\"columnType\":\"varchar(255)\",\"dictType\":\"\",\"edit\":true,\"htmlType\":\"input\",\"increment\":false,\"insert\":true,\"isEdit\":\"1\",\"isIncrement\":\"0\",\"isInsert\":\"1\",\"isList\":\"1\",\"isPk\":\"0\",\"isQuery\":\"1\",\"isRequired\":\"1\",\"javaField\":\"name\",\"javaType\":\"String\",\"list\":true,\"params\":{},\"pk\":false,\"query\":true,\"queryType\":\"LIKE\",\"required\":true,\"sort\":2,\"superColumn\":false,\"tableId\":1,\"usableColumn\":false},{\"capJavaField\":\"Url\",\"columnComment\":\"网页URL\",\"columnId\":3,\"columnName\":\"url\",\"columnType\":\"varchar(255)\",\"dictType\":\"\",\"edit\":true,\"htmlType\":\"input\",\"increment\":false,\"insert\":true,\"isEdit\":\"1\",\"isIncrement\":\"0\",\"isInsert\":\"1\",\"isList\":\"1\",\"isPk\":\"0\",\"isQuery\":\"1\",\"isRequired\":\"1\",\"javaField\":\"url\",\"javaType\":\"String\",\"list\":true,\"params\":{},\"pk\":false,\"query\":true,\"queryType\":\"EQ\",\"required\":true,\"sort\":3,\"superColumn\":false,\"tableId\":1,\"usableColumn\":false},{\"capJavaField\":\"CreateTime\",\"columnComment\":\"创建时间\",\"columnId\":4,\"columnName\":\"create_time\",\"columnType\":\"datetime\",\"dictType\":\"\",\"edit\":false,\"htmlType\":\"datetime\",\"increment\":false,\"insert\":false,\"isIncrement\":\"0\",\"isInsert\":\"0\",\"isPk\":\"0\",\"isRequired\":\"0\",\"javaField\":\"createTime\",\"javaType\":\"Date\",\"list\":false,\"params\":{},\"pk\":false,\"query\":false,\"queryType\":\"EQ\",\"required\":false,\"sort\":4,\"superColumn\":true,\"tableId\":1,\"usableColumn\":false},{\"capJavaField\":\"Description\",\"columnComment\":\"网页描述\",\"columnId\":8,\"columnName\":\"description\",\"columnType\":\"varchar(25', '{\"msg\":\"操作成功\",\"code\":200}', 0, NULL, '2024-04-12 20:04:01', 846);
INSERT INTO `sys_oper_log` VALUES (135, '网页收藏', 1, 'com.ruoyi.system.controller.SysWebsiteController.add()', 'POST', 1, 'admin', '研发部门', '/system/website', '127.0.0.1', '内网IP', '{\"createTime\":\"2024-04-12 23:40:43\",\"description\":\"12312312\",\"name\":\"12\",\"params\":{},\"type\":\"\",\"url\":\"3123\",\"websiteId\":0}', '{\"msg\":\"操作成功\",\"code\":200}', 0, NULL, '2024-04-12 23:40:43', 374);
INSERT INTO `sys_oper_log` VALUES (136, '参数管理', 2, 'com.ruoyi.web.controller.system.SysConfigController.edit()', 'PUT', 1, 'admin', '研发部门', '/system/config', '127.0.0.1', '内网IP', '{\"configId\":5,\"configKey\":\"sys.account.registerUser\",\"configName\":\"账号自助-是否开启用户注册功能\",\"configType\":\"Y\",\"configValue\":\"true\",\"createBy\":\"admin\",\"createTime\":\"2024-04-10 15:08:50\",\"params\":{},\"remark\":\"是否开启注册用户功能（true开启，false关闭）\",\"updateBy\":\"admin\"}', '{\"msg\":\"操作成功\",\"code\":200}', 0, NULL, '2024-04-13 00:19:45', 163);
INSERT INTO `sys_oper_log` VALUES (137, '代码生成', 8, 'com.ruoyi.generator.controller.GenController.batchGenCode()', 'GET', 1, 'admin', '研发部门', '/tool/gen/batchGenCode', '127.0.0.1', '内网IP', '{\"tables\":\"sys_website\"}', NULL, 0, NULL, '2024-04-13 13:49:53', 108);
INSERT INTO `sys_oper_log` VALUES (138, '代码生成', 6, 'com.ruoyi.generator.controller.GenController.importTableSave()', 'POST', 1, 'admin', '研发部门', '/tool/gen/importTable', '127.0.0.1', '内网IP', '{\"tables\":\"sys_config\"}', '{\"msg\":\"操作成功\",\"code\":200}', 0, NULL, '2024-04-13 13:54:14', 1090);
INSERT INTO `sys_oper_log` VALUES (139, '代码生成', 8, 'com.ruoyi.generator.controller.GenController.batchGenCode()', 'GET', 1, 'admin', '研发部门', '/tool/gen/batchGenCode', '127.0.0.1', '内网IP', '{\"tables\":\"sys_website\"}', NULL, 0, NULL, '2024-04-13 13:54:20', 92);
INSERT INTO `sys_oper_log` VALUES (140, '代码生成', 8, 'com.ruoyi.generator.controller.GenController.batchGenCode()', 'GET', 1, 'admin', '研发部门', '/tool/gen/batchGenCode', '127.0.0.1', '内网IP', '{\"tables\":\"sys_config\"}', NULL, 0, NULL, '2024-04-13 13:54:52', 74);
INSERT INTO `sys_oper_log` VALUES (141, '代码生成', 8, 'com.ruoyi.generator.controller.GenController.batchGenCode()', 'GET', 1, 'admin', '研发部门', '/tool/gen/batchGenCode', '127.0.0.1', '内网IP', '{\"tables\":\"sys_config\"}', NULL, 0, NULL, '2024-04-13 13:58:42', 89);
INSERT INTO `sys_oper_log` VALUES (142, '代码生成', 8, 'com.ruoyi.generator.controller.GenController.batchGenCode()', 'GET', 1, 'admin', '研发部门', '/tool/gen/batchGenCode', '127.0.0.1', '内网IP', '{\"tables\":\"sys_config\"}', NULL, 0, NULL, '2024-04-13 14:01:05', 127);
INSERT INTO `sys_oper_log` VALUES (143, '代码生成', 8, 'com.ruoyi.generator.controller.GenController.batchGenCode()', 'GET', 1, 'admin', '研发部门', '/tool/gen/batchGenCode', '127.0.0.1', '内网IP', '{\"tables\":\"sys_config\"}', NULL, 0, NULL, '2024-04-13 14:02:48', 105);
INSERT INTO `sys_oper_log` VALUES (144, '代码生成', 8, 'com.ruoyi.generator.controller.GenController.batchGenCode()', 'GET', 1, 'admin', '研发部门', '/tool/gen/batchGenCode', '127.0.0.1', '内网IP', '{\"tables\":\"sys_config\"}', NULL, 0, NULL, '2024-04-13 14:06:11', 107);
INSERT INTO `sys_oper_log` VALUES (145, '代码生成', 8, 'com.ruoyi.generator.controller.GenController.batchGenCode()', 'GET', 1, 'admin', '研发部门', '/tool/gen/batchGenCode', '127.0.0.1', '内网IP', '{\"tables\":\"sys_config\"}', NULL, 0, NULL, '2024-04-13 14:11:52', 83);
INSERT INTO `sys_oper_log` VALUES (146, '代码生成', 6, 'com.ruoyi.generator.controller.GenController.importTableSave()', 'POST', 1, 'admin', '研发部门', '/tool/gen/importTable', '127.0.0.1', '内网IP', '{\"tables\":\"sys_notice\"}', '{\"msg\":\"操作成功\",\"code\":200}', 0, NULL, '2024-04-13 14:17:05', 1122);
INSERT INTO `sys_oper_log` VALUES (147, '代码生成', 8, 'com.ruoyi.generator.controller.GenController.batchGenCode()', 'GET', 1, 'admin', '研发部门', '/tool/gen/batchGenCode', '127.0.0.1', '内网IP', '{\"tables\":\"sys_notice\"}', NULL, 0, NULL, '2024-04-13 14:17:23', 63);
INSERT INTO `sys_oper_log` VALUES (148, '代码生成', 8, 'com.ruoyi.generator.controller.GenController.batchGenCode()', 'GET', 1, 'admin', '研发部门', '/tool/gen/batchGenCode', '127.0.0.1', '内网IP', '{\"tables\":\"sys_notice\"}', NULL, 0, NULL, '2024-04-13 14:19:16', 66);
INSERT INTO `sys_oper_log` VALUES (149, '代码生成', 6, 'com.ruoyi.generator.controller.GenController.importTableSave()', 'POST', 1, 'admin', '研发部门', '/tool/gen/importTable', '127.0.0.1', '内网IP', '{\"tables\":\"sys_dict_data,sys_dict_type,sys_job,sys_job_log,sys_logininfor,sys_oper_log,sys_user_post,sys_dept,sys_menu,sys_post\"}', '{\"msg\":\"操作成功\",\"code\":200}', 0, NULL, '2024-04-13 16:45:14', 11309);
INSERT INTO `sys_oper_log` VALUES (150, '代码生成', 6, 'com.ruoyi.generator.controller.GenController.importTableSave()', 'POST', 1, 'admin', '研发部门', '/tool/gen/importTable', '127.0.0.1', '内网IP', '{\"tables\":\"sys_dict_data,sys_dict_type,sys_job,sys_job_log,sys_logininfor,sys_oper_log,sys_user_post,sys_dept,sys_menu,sys_post\"}', '{\"msg\":\"操作成功\",\"code\":200}', 0, NULL, '2024-04-13 16:45:21', 10649);
INSERT INTO `sys_oper_log` VALUES (151, '通知公告', 2, 'com.ruoyi.web.controller.system.SysNoticeController.edit()', 'PUT', 1, 'admin', '研发部门', '/system/notice', '127.0.0.1', '内网IP', '{\"createBy\":\"admin\",\"createTime\":\"2024-04-11 13:49:11\",\"noticeContent\":\"<p>就是简单的通知内容</p>\",\"noticeId\":10,\"noticeTitle\":\"系统通知\",\"noticeType\":\"1\",\"params\":{},\"status\":\"1\",\"updateBy\":\"admin\"}', '{\"msg\":\"操作成功\",\"code\":200}', 0, NULL, '2024-04-13 17:08:41', 130);
INSERT INTO `sys_oper_log` VALUES (152, '网页收藏', 2, 'com.ruoyi.system.controller.SysWebsiteController.edit()', 'PUT', 1, 'sadfasd', NULL, '/system/website', '127.0.0.1', '内网IP', '{\"createTime\":\"2024-04-12 12:19:16\",\"description\":\"附件\",\"name\":\"123\",\"params\":{},\"type\":\"\",\"updateTime\":\"2024-04-13 19:25:33\",\"url\":\"3213\",\"websiteId\":23}', '{\"msg\":\"操作成功\",\"code\":200}', 0, NULL, '2024-04-13 19:25:28', 96);
INSERT INTO `sys_oper_log` VALUES (153, '通知公告', 2, 'com.ruoyi.web.controller.system.SysNoticeController.edit()', 'PUT', 1, 'cabcab', NULL, '/system/notice', '127.0.0.1', '内网IP', '{\"createBy\":\"admin\",\"createTime\":\"2024-04-11 13:49:11\",\"noticeContent\":\"<p>就是简单的通知内容</p>\",\"noticeId\":10,\"noticeTitle\":\"系统通知\",\"noticeType\":\"1\",\"params\":{},\"status\":\"1\",\"updateBy\":\"cabcab\",\"updateTime\":\"2024-04-13 17:08:41\"}', '{\"msg\":\"操作成功\",\"code\":200}', 0, NULL, '2024-04-13 20:43:36', 95);
INSERT INTO `sys_oper_log` VALUES (154, '个人信息', 2, 'com.ruoyi.web.controller.system.SysProfileController.updateProfile()', 'PUT', 1, 'cabcab', NULL, '/system/user/profile', '127.0.0.1', '内网IP', '{\"admin\":false,\"email\":\"444891953@qq.com\",\"nickName\":\"cabcab\",\"params\":{},\"phonenumber\":\"\",\"sex\":\"1\"}', '{\"msg\":\"操作成功\",\"code\":200}', 0, NULL, '2024-04-13 20:49:13', 147);
INSERT INTO `sys_oper_log` VALUES (155, '角色管理', 2, 'com.ruoyi.web.controller.system.SysRoleController.edit()', 'PUT', 1, 'admin', '研发部门', '/system/role', '127.0.0.1', '内网IP', '{\"admin\":false,\"createTime\":\"2024-04-10 20:31:02\",\"dataScope\":\"3\",\"delFlag\":\"0\",\"deptCheckStrictly\":false,\"flag\":false,\"menuCheckStrictly\":false,\"menuIds\":[1,107,1035,1036,1037,1038,2070,2074,101,100,116,102,103,104,105,106,108,1000,1001,1002,1003,1004,1005,1006,1007,1008,1009,1010,1011,1012,1013,1014,1015,1016,1017,1018,1019,1020,1021,1022,1023,1024,1025,1026,1027,1028,1029,1030,1031,1032,1033,1034,500,501,1055,1056,1057,1058,1059,1060,1039,1040,1041,1042,1043,1044,1045,2069],\"params\":{},\"remark\":\"访客，只能访问公开的数据\",\"roleId\":100,\"roleKey\":\"visitor\",\"roleName\":\"访客\",\"roleSort\":3,\"status\":\"0\",\"updateBy\":\"admin\"}', '{\"msg\":\"操作成功\",\"code\":200}', 0, NULL, '2024-04-13 21:13:59', 515);
INSERT INTO `sys_oper_log` VALUES (156, '角色管理', 2, 'com.ruoyi.web.controller.system.SysRoleController.edit()', 'PUT', 1, 'admin', '研发部门', '/system/role', '127.0.0.1', '内网IP', '{\"admin\":false,\"createTime\":\"2024-04-10 20:31:02\",\"dataScope\":\"3\",\"delFlag\":\"0\",\"deptCheckStrictly\":false,\"flag\":false,\"menuCheckStrictly\":false,\"menuIds\":[2070,107,1035,1036,1037,1038,1,2069],\"params\":{},\"remark\":\"访客，只能访问公开的数据\",\"roleId\":100,\"roleKey\":\"visitor\",\"roleName\":\"访客\",\"roleSort\":3,\"status\":\"0\",\"updateBy\":\"admin\"}', '{\"msg\":\"操作成功\",\"code\":200}', 0, NULL, '2024-04-13 21:15:36', 477);
INSERT INTO `sys_oper_log` VALUES (157, '网页收藏', 1, 'com.ruoyi.system.controller.SysWebsiteController.add()', 'POST', 1, 'cabcab', NULL, '/system/website', '127.0.0.1', '内网IP', '{\"createTime\":\"2024-04-13 21:15:58\",\"description\":\"\",\"name\":\"\",\"params\":{},\"type\":\"\",\"url\":\"\",\"websiteId\":0}', '{\"msg\":\"操作成功\",\"code\":200}', 0, NULL, '2024-04-13 21:15:51', 91);
INSERT INTO `sys_oper_log` VALUES (158, '网页收藏', 1, 'com.ruoyi.system.controller.SysWebsiteController.add()', 'POST', 1, 'cabcab', NULL, '/system/website', '127.0.0.1', '内网IP', '{\"createTime\":\"2024-04-13 21:16:16\",\"description\":\"1\",\"name\":\"1\",\"params\":{},\"type\":\"\",\"url\":\"1\",\"websiteId\":0}', '{\"msg\":\"操作成功\",\"code\":200}', 0, NULL, '2024-04-13 21:16:10', 88);
INSERT INTO `sys_oper_log` VALUES (159, '网页收藏', 1, 'com.ruoyi.system.controller.SysWebsiteController.add()', 'POST', 1, 'cabcab', NULL, '/system/website', '127.0.0.1', '内网IP', '{\"createTime\":\"2024-04-13 21:20:27\",\"description\":\"\",\"name\":\"\",\"params\":{},\"type\":\"\",\"url\":\"\",\"websiteId\":0}', '{\"msg\":\"操作成功\",\"code\":200}', 0, NULL, '2024-04-13 21:20:20', 90);
INSERT INTO `sys_oper_log` VALUES (160, '网页收藏', 3, 'com.ruoyi.system.controller.SysWebsiteController.remove()', 'DELETE', 1, 'cabcab', NULL, '/system/website/28', '127.0.0.1', '内网IP', '{}', '{\"msg\":\"操作成功\",\"code\":200}', 0, NULL, '2024-04-13 21:20:24', 89);
INSERT INTO `sys_oper_log` VALUES (161, '用户管理', 2, 'com.ruoyi.web.controller.system.SysUserController.resetPwd()', 'PUT', 1, 'admin', '研发部门', '/system/user/resetPwd', '127.0.0.1', '内网IP', '{\"admin\":false,\"params\":{},\"updateBy\":\"admin\",\"userId\":104}', '{\"msg\":\"操作成功\",\"code\":200}', 0, NULL, '2024-04-13 21:32:37', 151);
INSERT INTO `sys_oper_log` VALUES (162, '角色管理', 2, 'com.ruoyi.web.controller.system.SysRoleController.edit()', 'PUT', 1, 'admin', '研发部门', '/system/role', '127.0.0.1', '内网IP', '{\"admin\":false,\"createTime\":\"2024-04-10 20:31:02\",\"dataScope\":\"3\",\"delFlag\":\"0\",\"deptCheckStrictly\":false,\"flag\":false,\"menuCheckStrictly\":false,\"menuIds\":[1,2069,107,1035,1036,1037,1038,2070],\"params\":{},\"remark\":\"访客，只能访问公开的数据\",\"roleId\":100,\"roleKey\":\"visitor\",\"roleName\":\"访客\",\"roleSort\":3,\"status\":\"0\",\"updateBy\":\"admin\"}', '{\"msg\":\"操作成功\",\"code\":200}', 0, NULL, '2024-04-13 21:33:26', 423);
INSERT INTO `sys_oper_log` VALUES (163, '角色管理', 2, 'com.ruoyi.web.controller.system.SysRoleController.edit()', 'PUT', 1, 'admin', '研发部门', '/system/role', '127.0.0.1', '内网IP', '{\"admin\":false,\"createTime\":\"2024-04-10 20:31:02\",\"dataScope\":\"3\",\"delFlag\":\"0\",\"deptCheckStrictly\":false,\"flag\":false,\"menuCheckStrictly\":false,\"menuIds\":[1,2069,107,1035,1036,1037,1038,2070],\"params\":{},\"remark\":\"访客，只能访问公开的数据\",\"roleId\":100,\"roleKey\":\"visitor\",\"roleName\":\"访客\",\"roleSort\":3,\"status\":\"0\",\"updateBy\":\"admin\"}', '{\"msg\":\"操作成功\",\"code\":200}', 0, NULL, '2024-04-13 21:33:54', 421);
INSERT INTO `sys_oper_log` VALUES (164, '代码生成', 8, 'com.ruoyi.generator.controller.GenController.batchGenCode()', 'GET', 1, 'admin', '研发部门', '/tool/gen/batchGenCode', '192.168.1.124', '内网IP', '{\"tables\":\"sys_config\"}', NULL, 0, NULL, '2024-04-14 09:34:21', 237);
INSERT INTO `sys_oper_log` VALUES (165, '代码生成', 2, 'com.ruoyi.generator.controller.GenController.editSave()', 'PUT', 1, 'admin', '研发部门', '/tool/gen', '192.168.1.124', '内网IP', '{\"businessName\":\"website\",\"className\":\"SysWebsite\",\"columns\":[{\"capJavaField\":\"WebsiteId\",\"columnComment\":\"网页ID\",\"columnId\":1,\"columnName\":\"website_id\",\"columnType\":\"int\",\"dictType\":\"\",\"edit\":false,\"htmlType\":\"input\",\"increment\":false,\"insert\":false,\"isIncrement\":\"0\",\"isInsert\":\"0\",\"isPk\":\"1\",\"isRequired\":\"0\",\"javaField\":\"websiteId\",\"javaType\":\"Long\",\"list\":false,\"params\":{},\"pk\":true,\"query\":false,\"queryType\":\"EQ\",\"required\":false,\"sort\":1,\"superColumn\":false,\"tableId\":1,\"usableColumn\":false},{\"capJavaField\":\"Name\",\"columnComment\":\"网页名称\",\"columnId\":2,\"columnName\":\"name\",\"columnType\":\"varchar(255)\",\"dictType\":\"\",\"edit\":true,\"htmlType\":\"input\",\"increment\":false,\"insert\":true,\"isEdit\":\"1\",\"isIncrement\":\"0\",\"isInsert\":\"1\",\"isList\":\"1\",\"isPk\":\"0\",\"isQuery\":\"1\",\"isRequired\":\"1\",\"javaField\":\"name\",\"javaType\":\"String\",\"list\":true,\"params\":{},\"pk\":false,\"query\":true,\"queryType\":\"LIKE\",\"required\":true,\"sort\":2,\"superColumn\":false,\"tableId\":1,\"usableColumn\":false},{\"capJavaField\":\"Url\",\"columnComment\":\"网页URL\",\"columnId\":3,\"columnName\":\"url\",\"columnType\":\"varchar(255)\",\"dictType\":\"\",\"edit\":true,\"htmlType\":\"input\",\"increment\":false,\"insert\":true,\"isEdit\":\"1\",\"isIncrement\":\"0\",\"isInsert\":\"1\",\"isList\":\"1\",\"isPk\":\"0\",\"isQuery\":\"1\",\"isRequired\":\"1\",\"javaField\":\"url\",\"javaType\":\"String\",\"list\":true,\"params\":{},\"pk\":false,\"query\":true,\"queryType\":\"EQ\",\"required\":true,\"sort\":3,\"superColumn\":false,\"tableId\":1,\"usableColumn\":false},{\"capJavaField\":\"CreateTime\",\"columnComment\":\"创建时间\",\"columnId\":4,\"columnName\":\"create_time\",\"columnType\":\"datetime\",\"dictType\":\"\",\"edit\":false,\"htmlType\":\"datetime\",\"increment\":false,\"insert\":false,\"isIncrement\":\"0\",\"isInsert\":\"0\",\"isPk\":\"0\",\"isRequired\":\"0\",\"javaField\":\"createTime\",\"javaType\":\"Date\",\"list\":false,\"params\":{},\"pk\":false,\"query\":false,\"queryType\":\"EQ\",\"required\":false,\"sort\":4,\"superColumn\":true,\"tableId\":1,\"usableColumn\":false},{\"capJavaField\":\"Description\",\"columnComment\":\"网页描述\",\"columnId\":8,\"columnName\":\"description\",\"columnType\":\"varchar(25', '{\"msg\":\"操作成功\",\"code\":200}', 0, NULL, '2024-04-14 13:17:27', 760);
INSERT INTO `sys_oper_log` VALUES (166, '代码生成', 8, 'com.ruoyi.generator.controller.GenController.batchGenCode()', 'GET', 1, 'admin', '研发部门', '/tool/gen/batchGenCode', '192.168.1.124', '内网IP', '{\"tables\":\"sys_website\"}', NULL, 0, NULL, '2024-04-14 13:17:28', 85);
INSERT INTO `sys_oper_log` VALUES (167, '代码生成', 8, 'com.ruoyi.generator.controller.GenController.batchGenCode()', 'GET', 1, 'admin', '研发部门', '/tool/gen/batchGenCode', '192.168.1.124', '内网IP', '{\"tables\":\"sys_website\"}', NULL, 0, NULL, '2024-04-14 13:21:24', 205);
INSERT INTO `sys_oper_log` VALUES (168, '代码生成', 8, 'com.ruoyi.generator.controller.GenController.batchGenCode()', 'GET', 1, 'admin', '研发部门', '/tool/gen/batchGenCode', '192.168.1.124', '内网IP', '{\"tables\":\"sys_website\"}', NULL, 0, NULL, '2024-04-14 13:22:56', 63);
INSERT INTO `sys_oper_log` VALUES (169, '代码生成', 8, 'com.ruoyi.generator.controller.GenController.batchGenCode()', 'GET', 1, 'admin', '研发部门', '/tool/gen/batchGenCode', '192.168.1.124', '内网IP', '{\"tables\":\"sys_website\"}', NULL, 0, NULL, '2024-04-14 13:23:54', 153);
INSERT INTO `sys_oper_log` VALUES (170, '代码生成', 8, 'com.ruoyi.generator.controller.GenController.batchGenCode()', 'GET', 1, 'admin', '研发部门', '/tool/gen/batchGenCode', '192.168.1.124', '内网IP', '{\"tables\":\"sys_website\"}', NULL, 0, NULL, '2024-04-14 13:24:56', 135);
INSERT INTO `sys_oper_log` VALUES (171, '代码生成', 8, 'com.ruoyi.generator.controller.GenController.batchGenCode()', 'GET', 1, 'admin', '研发部门', '/tool/gen/batchGenCode', '192.168.1.124', '内网IP', '{\"tables\":\"sys_website\"}', NULL, 0, NULL, '2024-04-14 13:27:13', 117);
INSERT INTO `sys_oper_log` VALUES (172, '代码生成', 2, 'com.ruoyi.generator.controller.GenController.editSave()', 'PUT', 1, 'admin', '研发部门', '/tool/gen', '192.168.1.124', '内网IP', '{\"businessName\":\"website\",\"className\":\"SysWebsite\",\"columns\":[{\"capJavaField\":\"WebsiteId\",\"columnComment\":\"网页ID\",\"columnId\":1,\"columnName\":\"website_id\",\"columnType\":\"int\",\"dictType\":\"\",\"edit\":false,\"htmlType\":\"input\",\"increment\":false,\"insert\":false,\"isIncrement\":\"0\",\"isInsert\":\"0\",\"isPk\":\"1\",\"isRequired\":\"0\",\"javaField\":\"websiteId\",\"javaType\":\"Long\",\"list\":false,\"params\":{},\"pk\":true,\"query\":false,\"queryType\":\"EQ\",\"required\":false,\"sort\":1,\"superColumn\":false,\"tableId\":1,\"usableColumn\":false},{\"capJavaField\":\"Name\",\"columnComment\":\"网页名称\",\"columnId\":2,\"columnName\":\"name\",\"columnType\":\"varchar(255)\",\"dictType\":\"\",\"edit\":true,\"htmlType\":\"input\",\"increment\":false,\"insert\":true,\"isEdit\":\"1\",\"isIncrement\":\"0\",\"isInsert\":\"1\",\"isList\":\"1\",\"isPk\":\"0\",\"isQuery\":\"1\",\"isRequired\":\"1\",\"javaField\":\"name\",\"javaType\":\"String\",\"list\":true,\"params\":{},\"pk\":false,\"query\":true,\"queryType\":\"LIKE\",\"required\":true,\"sort\":2,\"superColumn\":false,\"tableId\":1,\"usableColumn\":false},{\"capJavaField\":\"Url\",\"columnComment\":\"网页URL\",\"columnId\":3,\"columnName\":\"url\",\"columnType\":\"varchar(255)\",\"dictType\":\"\",\"edit\":true,\"htmlType\":\"input\",\"increment\":false,\"insert\":true,\"isEdit\":\"1\",\"isIncrement\":\"0\",\"isInsert\":\"1\",\"isList\":\"1\",\"isPk\":\"0\",\"isQuery\":\"1\",\"isRequired\":\"1\",\"javaField\":\"url\",\"javaType\":\"String\",\"list\":true,\"params\":{},\"pk\":false,\"query\":true,\"queryType\":\"EQ\",\"required\":true,\"sort\":3,\"superColumn\":false,\"tableId\":1,\"usableColumn\":false},{\"capJavaField\":\"CreateTime\",\"columnComment\":\"创建时间\",\"columnId\":4,\"columnName\":\"create_time\",\"columnType\":\"datetime\",\"dictType\":\"\",\"edit\":false,\"htmlType\":\"datetime\",\"increment\":false,\"insert\":false,\"isIncrement\":\"0\",\"isInsert\":\"0\",\"isPk\":\"0\",\"isRequired\":\"0\",\"javaField\":\"createTime\",\"javaType\":\"Date\",\"list\":false,\"params\":{},\"pk\":false,\"query\":false,\"queryType\":\"EQ\",\"required\":false,\"sort\":4,\"superColumn\":true,\"tableId\":1,\"usableColumn\":false},{\"capJavaField\":\"Description\",\"columnComment\":\"网页描述\",\"columnId\":8,\"columnName\":\"description\",\"columnType\":\"varchar(25', '{\"msg\":\"操作成功\",\"code\":200}', 0, NULL, '2024-04-14 13:53:07', 813);
INSERT INTO `sys_oper_log` VALUES (173, '代码生成', 2, 'com.ruoyi.generator.controller.GenController.editSave()', 'PUT', 1, 'admin', '研发部门', '/tool/gen', '192.168.1.124', '内网IP', '{\"businessName\":\"website\",\"className\":\"SysWebsite\",\"columns\":[{\"capJavaField\":\"WebsiteId\",\"columnComment\":\"网页ID\",\"columnId\":1,\"columnName\":\"website_id\",\"columnType\":\"int\",\"dictType\":\"\",\"edit\":false,\"htmlType\":\"input\",\"increment\":false,\"insert\":false,\"isIncrement\":\"0\",\"isInsert\":\"0\",\"isPk\":\"1\",\"isRequired\":\"0\",\"javaField\":\"websiteId\",\"javaType\":\"Long\",\"list\":false,\"params\":{},\"pk\":true,\"query\":false,\"queryType\":\"EQ\",\"required\":false,\"sort\":1,\"superColumn\":false,\"tableId\":1,\"usableColumn\":false},{\"capJavaField\":\"Name\",\"columnComment\":\"网页名称\",\"columnId\":2,\"columnName\":\"name\",\"columnType\":\"varchar(255)\",\"dictType\":\"\",\"edit\":true,\"htmlType\":\"input\",\"increment\":false,\"insert\":true,\"isEdit\":\"1\",\"isIncrement\":\"0\",\"isInsert\":\"1\",\"isList\":\"1\",\"isPk\":\"0\",\"isQuery\":\"1\",\"isRequired\":\"1\",\"javaField\":\"name\",\"javaType\":\"String\",\"list\":true,\"params\":{},\"pk\":false,\"query\":true,\"queryType\":\"LIKE\",\"required\":true,\"sort\":2,\"superColumn\":false,\"tableId\":1,\"usableColumn\":false},{\"capJavaField\":\"Url\",\"columnComment\":\"网页URL\",\"columnId\":3,\"columnName\":\"url\",\"columnType\":\"varchar(255)\",\"dictType\":\"\",\"edit\":true,\"htmlType\":\"input\",\"increment\":false,\"insert\":true,\"isEdit\":\"1\",\"isIncrement\":\"0\",\"isInsert\":\"1\",\"isList\":\"1\",\"isPk\":\"0\",\"isQuery\":\"1\",\"isRequired\":\"1\",\"javaField\":\"url\",\"javaType\":\"String\",\"list\":true,\"params\":{},\"pk\":false,\"query\":true,\"queryType\":\"EQ\",\"required\":true,\"sort\":3,\"superColumn\":false,\"tableId\":1,\"usableColumn\":false},{\"capJavaField\":\"CreateTime\",\"columnComment\":\"创建时间\",\"columnId\":4,\"columnName\":\"create_time\",\"columnType\":\"datetime\",\"dictType\":\"\",\"edit\":false,\"htmlType\":\"datetime\",\"increment\":false,\"insert\":false,\"isIncrement\":\"0\",\"isInsert\":\"0\",\"isPk\":\"0\",\"isRequired\":\"0\",\"javaField\":\"createTime\",\"javaType\":\"Date\",\"list\":false,\"params\":{},\"pk\":false,\"query\":false,\"queryType\":\"EQ\",\"required\":false,\"sort\":4,\"superColumn\":true,\"tableId\":1,\"usableColumn\":false},{\"capJavaField\":\"Description\",\"columnComment\":\"网页描述\",\"columnId\":8,\"columnName\":\"description\",\"columnType\":\"varchar(25', '{\"msg\":\"操作成功\",\"code\":200}', 0, NULL, '2024-04-14 13:54:08', 800);
INSERT INTO `sys_oper_log` VALUES (174, '代码生成', 2, 'com.ruoyi.generator.controller.GenController.editSave()', 'PUT', 1, 'admin', '研发部门', '/tool/gen', '192.168.1.124', '内网IP', '{\"businessName\":\"config\",\"className\":\"SysConfig\",\"columns\":[{\"capJavaField\":\"ConfigId\",\"columnComment\":\"参数主键\",\"columnId\":9,\"columnName\":\"config_id\",\"columnType\":\"int\",\"dictType\":\"\",\"edit\":false,\"htmlType\":\"input\",\"increment\":true,\"insert\":true,\"isIncrement\":\"1\",\"isInsert\":\"1\",\"isPk\":\"1\",\"isRequired\":\"0\",\"javaField\":\"configId\",\"javaType\":\"Long\",\"list\":false,\"params\":{},\"pk\":true,\"query\":false,\"queryType\":\"EQ\",\"required\":false,\"sort\":1,\"superColumn\":false,\"tableId\":2,\"usableColumn\":false},{\"capJavaField\":\"ConfigName\",\"columnComment\":\"参数名称\",\"columnId\":10,\"columnName\":\"config_name\",\"columnType\":\"varchar(100)\",\"dictType\":\"\",\"edit\":true,\"htmlType\":\"input\",\"increment\":false,\"insert\":true,\"isEdit\":\"1\",\"isIncrement\":\"0\",\"isInsert\":\"1\",\"isList\":\"1\",\"isPk\":\"0\",\"isQuery\":\"1\",\"isRequired\":\"0\",\"javaField\":\"configName\",\"javaType\":\"String\",\"list\":true,\"params\":{},\"pk\":false,\"query\":true,\"queryType\":\"LIKE\",\"required\":false,\"sort\":2,\"superColumn\":false,\"tableId\":2,\"usableColumn\":false},{\"capJavaField\":\"ConfigKey\",\"columnComment\":\"参数键名\",\"columnId\":11,\"columnName\":\"config_key\",\"columnType\":\"varchar(100)\",\"dictType\":\"\",\"edit\":true,\"htmlType\":\"input\",\"increment\":false,\"insert\":true,\"isEdit\":\"1\",\"isIncrement\":\"0\",\"isInsert\":\"1\",\"isList\":\"1\",\"isPk\":\"0\",\"isQuery\":\"1\",\"isRequired\":\"0\",\"javaField\":\"configKey\",\"javaType\":\"String\",\"list\":true,\"params\":{},\"pk\":false,\"query\":true,\"queryType\":\"EQ\",\"required\":false,\"sort\":3,\"superColumn\":false,\"tableId\":2,\"usableColumn\":false},{\"capJavaField\":\"ConfigValue\",\"columnComment\":\"参数键值\",\"columnId\":12,\"columnName\":\"config_value\",\"columnType\":\"varchar(500)\",\"dictType\":\"\",\"edit\":true,\"htmlType\":\"textarea\",\"increment\":false,\"insert\":true,\"isEdit\":\"1\",\"isIncrement\":\"0\",\"isInsert\":\"1\",\"isList\":\"1\",\"isPk\":\"0\",\"isQuery\":\"1\",\"isRequired\":\"0\",\"javaField\":\"configValue\",\"javaType\":\"String\",\"list\":true,\"params\":{},\"pk\":false,\"query\":true,\"queryType\":\"EQ\",\"required\":false,\"sort\":4,\"superColumn\":false,\"tableId\":2,\"usableColumn\":false},{\"capJavaField\":\"ConfigType\",\"column', '{\"msg\":\"操作成功\",\"code\":200}', 0, NULL, '2024-04-14 14:52:53', 1008);
INSERT INTO `sys_oper_log` VALUES (175, '代码生成', 2, 'com.ruoyi.generator.controller.GenController.editSave()', 'PUT', 1, 'admin', '研发部门', '/tool/gen', '192.168.1.124', '内网IP', '{\"businessName\":\"notice\",\"className\":\"SysNotice\",\"columns\":[{\"capJavaField\":\"NoticeId\",\"columnComment\":\"公告ID\",\"columnId\":19,\"columnName\":\"notice_id\",\"columnType\":\"int\",\"dictType\":\"\",\"edit\":false,\"htmlType\":\"input\",\"increment\":true,\"insert\":true,\"isIncrement\":\"1\",\"isInsert\":\"1\",\"isPk\":\"1\",\"isRequired\":\"0\",\"javaField\":\"noticeId\",\"javaType\":\"Long\",\"list\":false,\"params\":{},\"pk\":true,\"query\":false,\"queryType\":\"EQ\",\"required\":false,\"sort\":1,\"superColumn\":false,\"tableId\":3,\"usableColumn\":false},{\"capJavaField\":\"NoticeTitle\",\"columnComment\":\"公告标题\",\"columnId\":20,\"columnName\":\"notice_title\",\"columnType\":\"varchar(50)\",\"dictType\":\"\",\"edit\":true,\"htmlType\":\"input\",\"increment\":false,\"insert\":true,\"isEdit\":\"1\",\"isIncrement\":\"0\",\"isInsert\":\"1\",\"isList\":\"1\",\"isPk\":\"0\",\"isQuery\":\"1\",\"isRequired\":\"1\",\"javaField\":\"noticeTitle\",\"javaType\":\"String\",\"list\":true,\"params\":{},\"pk\":false,\"query\":true,\"queryType\":\"EQ\",\"required\":true,\"sort\":2,\"superColumn\":false,\"tableId\":3,\"usableColumn\":false},{\"capJavaField\":\"NoticeType\",\"columnComment\":\"公告类型（1通知 2公告）\",\"columnId\":21,\"columnName\":\"notice_type\",\"columnType\":\"char(1)\",\"dictType\":\"\",\"edit\":true,\"htmlType\":\"select\",\"increment\":false,\"insert\":true,\"isEdit\":\"1\",\"isIncrement\":\"0\",\"isInsert\":\"1\",\"isList\":\"1\",\"isPk\":\"0\",\"isQuery\":\"1\",\"isRequired\":\"1\",\"javaField\":\"noticeType\",\"javaType\":\"String\",\"list\":true,\"params\":{},\"pk\":false,\"query\":true,\"queryType\":\"EQ\",\"required\":true,\"sort\":3,\"superColumn\":false,\"tableId\":3,\"usableColumn\":false},{\"capJavaField\":\"NoticeContent\",\"columnComment\":\"公告内容\",\"columnId\":22,\"columnName\":\"notice_content\",\"columnType\":\"longblob\",\"dictType\":\"\",\"edit\":true,\"htmlType\":\"editor\",\"increment\":false,\"insert\":true,\"isEdit\":\"1\",\"isIncrement\":\"0\",\"isInsert\":\"1\",\"isList\":\"1\",\"isPk\":\"0\",\"isQuery\":\"1\",\"isRequired\":\"0\",\"javaField\":\"noticeContent\",\"javaType\":\"String\",\"list\":true,\"params\":{},\"pk\":false,\"query\":true,\"queryType\":\"EQ\",\"required\":false,\"sort\":4,\"superColumn\":false,\"tableId\":3,\"usableColumn\":false},{\"capJavaField\":\"Status\",\"col', '{\"msg\":\"操作成功\",\"code\":200}', 0, NULL, '2024-04-14 14:52:59', 951);
INSERT INTO `sys_oper_log` VALUES (176, '代码生成', 2, 'com.ruoyi.generator.controller.GenController.editSave()', 'PUT', 1, 'admin', '研发部门', '/tool/gen', '192.168.1.124', '内网IP', '{\"businessName\":\"dept\",\"className\":\"SysDept\",\"columns\":[{\"capJavaField\":\"DeptId\",\"columnComment\":\"部门id\",\"columnId\":29,\"columnName\":\"dept_id\",\"columnType\":\"bigint\",\"dictType\":\"\",\"edit\":false,\"htmlType\":\"input\",\"increment\":true,\"insert\":true,\"isIncrement\":\"1\",\"isInsert\":\"1\",\"isPk\":\"1\",\"isRequired\":\"0\",\"javaField\":\"deptId\",\"javaType\":\"Long\",\"list\":false,\"params\":{},\"pk\":true,\"query\":false,\"queryType\":\"EQ\",\"required\":false,\"sort\":1,\"superColumn\":false,\"tableId\":4,\"usableColumn\":false},{\"capJavaField\":\"ParentId\",\"columnComment\":\"父部门id\",\"columnId\":30,\"columnName\":\"parent_id\",\"columnType\":\"bigint\",\"dictType\":\"\",\"edit\":true,\"htmlType\":\"input\",\"increment\":false,\"insert\":true,\"isEdit\":\"1\",\"isIncrement\":\"0\",\"isInsert\":\"1\",\"isList\":\"1\",\"isPk\":\"0\",\"isQuery\":\"1\",\"isRequired\":\"0\",\"javaField\":\"parentId\",\"javaType\":\"Long\",\"list\":true,\"params\":{},\"pk\":false,\"query\":true,\"queryType\":\"EQ\",\"required\":false,\"sort\":2,\"superColumn\":true,\"tableId\":4,\"usableColumn\":true},{\"capJavaField\":\"Ancestors\",\"columnComment\":\"祖级列表\",\"columnId\":31,\"columnName\":\"ancestors\",\"columnType\":\"varchar(50)\",\"dictType\":\"\",\"edit\":true,\"htmlType\":\"input\",\"increment\":false,\"insert\":true,\"isEdit\":\"1\",\"isIncrement\":\"0\",\"isInsert\":\"1\",\"isList\":\"1\",\"isPk\":\"0\",\"isQuery\":\"1\",\"isRequired\":\"0\",\"javaField\":\"ancestors\",\"javaType\":\"String\",\"list\":true,\"params\":{},\"pk\":false,\"query\":true,\"queryType\":\"EQ\",\"required\":false,\"sort\":3,\"superColumn\":true,\"tableId\":4,\"usableColumn\":false},{\"capJavaField\":\"DeptName\",\"columnComment\":\"部门名称\",\"columnId\":32,\"columnName\":\"dept_name\",\"columnType\":\"varchar(30)\",\"dictType\":\"\",\"edit\":true,\"htmlType\":\"input\",\"increment\":false,\"insert\":true,\"isEdit\":\"1\",\"isIncrement\":\"0\",\"isInsert\":\"1\",\"isList\":\"1\",\"isPk\":\"0\",\"isQuery\":\"1\",\"isRequired\":\"0\",\"javaField\":\"deptName\",\"javaType\":\"String\",\"list\":true,\"params\":{},\"pk\":false,\"query\":true,\"queryType\":\"LIKE\",\"required\":false,\"sort\":4,\"superColumn\":false,\"tableId\":4,\"usableColumn\":false},{\"capJavaField\":\"OrderNum\",\"columnComment\":\"显示顺序\",\"columnId\":33,\"columnNa', '{\"msg\":\"操作成功\",\"code\":200}', 0, NULL, '2024-04-14 14:53:06', 1252);
INSERT INTO `sys_oper_log` VALUES (177, '代码生成', 8, 'com.ruoyi.generator.controller.GenController.batchGenCode()', 'GET', 1, 'admin', '研发部门', '/tool/gen/batchGenCode', '192.168.1.124', '内网IP', '{\"tables\":\"sys_website\"}', NULL, 1, 'Encountered \"javaField\" at vm/ax/data/options.ts.vm[line 5, column 6]\r\nWas expecting one of:\r\n    <WHITESPACE> ...\r\n    <NEWLINE> ...\r\n    <IDENTIFIER> ...\r\n    <OLD_IDENTIFIER> ...\r\n    \"{\" ...\r\n    ', '2024-04-14 15:14:05', 85);
INSERT INTO `sys_oper_log` VALUES (178, '代码生成', 8, 'com.ruoyi.generator.controller.GenController.batchGenCode()', 'GET', 1, 'admin', '研发部门', '/tool/gen/batchGenCode', '192.168.1.124', '内网IP', '{\"tables\":\"sys_website\"}', NULL, 1, 'Encountered \"javaField\" at vm/ax/data/options.ts.vm[line 5, column 6]\r\nWas expecting one of:\r\n    <WHITESPACE> ...\r\n    <NEWLINE> ...\r\n    <IDENTIFIER> ...\r\n    <OLD_IDENTIFIER> ...\r\n    \"{\" ...\r\n    ', '2024-04-14 15:15:19', 99);
INSERT INTO `sys_oper_log` VALUES (179, '代码生成', 8, 'com.ruoyi.generator.controller.GenController.batchGenCode()', 'GET', 1, 'admin', '研发部门', '/tool/gen/batchGenCode', '192.168.1.124', '内网IP', '{\"tables\":\"sys_website\"}', NULL, 1, 'Encountered \"javaField\" at vm/ax/data/options.ts.vm[line 5, column 6]\r\nWas expecting one of:\r\n    <WHITESPACE> ...\r\n    <NEWLINE> ...\r\n    <IDENTIFIER> ...\r\n    <OLD_IDENTIFIER> ...\r\n    \"{\" ...\r\n    ', '2024-04-14 15:16:00', 115);
INSERT INTO `sys_oper_log` VALUES (180, '代码生成', 8, 'com.ruoyi.generator.controller.GenController.batchGenCode()', 'GET', 1, 'admin', '研发部门', '/tool/gen/batchGenCode', '192.168.1.124', '内网IP', '{\"tables\":\"sys_website\"}', NULL, 1, 'Encountered \"#javaField\" at vm/ax/data/options.ts.vm[line 5, column 6]\r\nWas expecting one of:\r\n    <WHITESPACE> ...\r\n    <NEWLINE> ...\r\n    <IDENTIFIER> ...\r\n    <OLD_IDENTIFIER> ...\r\n    \"{\" ...\r\n    ', '2024-04-14 15:16:49', 104);
INSERT INTO `sys_oper_log` VALUES (181, '代码生成', 8, 'com.ruoyi.generator.controller.GenController.batchGenCode()', 'GET', 1, 'admin', '研发部门', '/tool/gen/batchGenCode', '192.168.1.124', '内网IP', '{\"tables\":\"sys_website\"}', NULL, 1, 'Encountered \"#javaField\" at vm/ax/data/options.ts.vm[line 5, column 6]\r\nWas expecting one of:\r\n    <WHITESPACE> ...\r\n    <NEWLINE> ...\r\n    <IDENTIFIER> ...\r\n    <OLD_IDENTIFIER> ...\r\n    \"{\" ...\r\n    ', '2024-04-14 15:17:25', 85);
INSERT INTO `sys_oper_log` VALUES (182, '代码生成', 8, 'com.ruoyi.generator.controller.GenController.batchGenCode()', 'GET', 1, 'admin', '研发部门', '/tool/gen/batchGenCode', '192.168.1.124', '内网IP', '{\"tables\":\"sys_website\"}', NULL, 1, 'Encountered \"#javaField\" at vm/ax/data/options.ts.vm[line 5, column 6]\r\nWas expecting one of:\r\n    <WHITESPACE> ...\r\n    <NEWLINE> ...\r\n    <IDENTIFIER> ...\r\n    <OLD_IDENTIFIER> ...\r\n    \"{\" ...\r\n    ', '2024-04-14 15:18:22', 103);
INSERT INTO `sys_oper_log` VALUES (183, '代码生成', 8, 'com.ruoyi.generator.controller.GenController.batchGenCode()', 'GET', 1, 'admin', '研发部门', '/tool/gen/batchGenCode', '192.168.1.124', '内网IP', '{\"tables\":\"sys_website\"}', NULL, 1, 'Encountered \"#javaField\" at vm/ax/data/options.ts.vm[line 5, column 6]\r\nWas expecting one of:\r\n    <WHITESPACE> ...\r\n    <NEWLINE> ...\r\n    <IDENTIFIER> ...\r\n    <OLD_IDENTIFIER> ...\r\n    \"{\" ...\r\n    ', '2024-04-14 15:23:02', 88);
INSERT INTO `sys_oper_log` VALUES (184, '代码生成', 8, 'com.ruoyi.generator.controller.GenController.batchGenCode()', 'GET', 1, 'admin', '研发部门', '/tool/gen/batchGenCode', '192.168.1.124', '内网IP', '{\"tables\":\"sys_website\"}', NULL, 1, 'Encountered \"#javaField\" at vm/ax/data/options.ts.vm[line 5, column 6]\r\nWas expecting one of:\r\n    <WHITESPACE> ...\r\n    <NEWLINE> ...\r\n    <IDENTIFIER> ...\r\n    <OLD_IDENTIFIER> ...\r\n    \"{\" ...\r\n    ', '2024-04-14 15:24:12', 88);
INSERT INTO `sys_oper_log` VALUES (185, '代码生成', 8, 'com.ruoyi.generator.controller.GenController.batchGenCode()', 'GET', 1, 'admin', '研发部门', '/tool/gen/batchGenCode', '192.168.1.124', '内网IP', '{\"tables\":\"sys_website\"}', NULL, 0, NULL, '2024-04-14 15:25:16', 174);
INSERT INTO `sys_oper_log` VALUES (186, '代码生成', 8, 'com.ruoyi.generator.controller.GenController.batchGenCode()', 'GET', 1, 'admin', '研发部门', '/tool/gen/batchGenCode', '192.168.1.124', '内网IP', '{\"tables\":\"sys_website\"}', NULL, 1, 'Encountered \"#javaField\" at vm/ax/data/options.ts.vm[line 5, column 6]\r\nWas expecting one of:\r\n    <WHITESPACE> ...\r\n    <NEWLINE> ...\r\n    <IDENTIFIER> ...\r\n    <OLD_IDENTIFIER> ...\r\n    \"{\" ...\r\n    ', '2024-04-14 15:26:30', 96);
INSERT INTO `sys_oper_log` VALUES (187, '代码生成', 8, 'com.ruoyi.generator.controller.GenController.batchGenCode()', 'GET', 1, 'admin', '研发部门', '/tool/gen/batchGenCode', '192.168.1.124', '内网IP', '{\"tables\":\"sys_website\"}', NULL, 0, NULL, '2024-04-14 15:30:06', 114);
INSERT INTO `sys_oper_log` VALUES (188, '代码生成', 2, 'com.ruoyi.generator.controller.GenController.editSave()', 'PUT', 1, 'admin', '研发部门', '/tool/gen', '192.168.1.124', '内网IP', '{\"businessName\":\"website\",\"className\":\"SysWebsite\",\"columns\":[{\"capJavaField\":\"WebsiteId\",\"columnComment\":\"网页ID\",\"columnId\":1,\"columnName\":\"website_id\",\"columnType\":\"int\",\"dictType\":\"\",\"edit\":false,\"htmlType\":\"input\",\"increment\":false,\"insert\":false,\"isIncrement\":\"0\",\"isInsert\":\"0\",\"isPk\":\"1\",\"isRequired\":\"0\",\"javaField\":\"websiteId\",\"javaType\":\"Long\",\"list\":false,\"params\":{},\"pk\":true,\"query\":false,\"queryType\":\"EQ\",\"required\":false,\"sort\":1,\"superColumn\":false,\"tableId\":1,\"usableColumn\":false},{\"capJavaField\":\"Name\",\"columnComment\":\"网页名称\",\"columnId\":2,\"columnName\":\"name\",\"columnType\":\"varchar(255)\",\"dictType\":\"\",\"edit\":true,\"htmlType\":\"input\",\"increment\":false,\"insert\":true,\"isEdit\":\"1\",\"isIncrement\":\"0\",\"isInsert\":\"1\",\"isList\":\"1\",\"isPk\":\"0\",\"isQuery\":\"1\",\"isRequired\":\"1\",\"javaField\":\"name\",\"javaType\":\"String\",\"list\":true,\"params\":{},\"pk\":false,\"query\":true,\"queryType\":\"LIKE\",\"required\":true,\"sort\":2,\"superColumn\":false,\"tableId\":1,\"usableColumn\":false},{\"capJavaField\":\"Url\",\"columnComment\":\"网页URL\",\"columnId\":3,\"columnName\":\"url\",\"columnType\":\"varchar(255)\",\"dictType\":\"\",\"edit\":true,\"htmlType\":\"input\",\"increment\":false,\"insert\":true,\"isEdit\":\"1\",\"isIncrement\":\"0\",\"isInsert\":\"1\",\"isList\":\"1\",\"isPk\":\"0\",\"isQuery\":\"1\",\"isRequired\":\"1\",\"javaField\":\"url\",\"javaType\":\"String\",\"list\":true,\"params\":{},\"pk\":false,\"query\":true,\"queryType\":\"EQ\",\"required\":true,\"sort\":3,\"superColumn\":false,\"tableId\":1,\"usableColumn\":false},{\"capJavaField\":\"CreateTime\",\"columnComment\":\"创建时间\",\"columnId\":4,\"columnName\":\"create_time\",\"columnType\":\"datetime\",\"dictType\":\"\",\"edit\":false,\"htmlType\":\"datetime\",\"increment\":false,\"insert\":false,\"isIncrement\":\"0\",\"isInsert\":\"0\",\"isPk\":\"0\",\"isRequired\":\"0\",\"javaField\":\"createTime\",\"javaType\":\"Date\",\"list\":false,\"params\":{},\"pk\":false,\"query\":false,\"queryType\":\"EQ\",\"required\":false,\"sort\":4,\"superColumn\":true,\"tableId\":1,\"usableColumn\":false},{\"capJavaField\":\"Description\",\"columnComment\":\"网页描述\",\"columnId\":8,\"columnName\":\"description\",\"columnType\":\"varchar(25', '{\"msg\":\"操作成功\",\"code\":200}', 0, NULL, '2024-04-14 15:31:09', 770);
INSERT INTO `sys_oper_log` VALUES (189, '代码生成', 8, 'com.ruoyi.generator.controller.GenController.batchGenCode()', 'GET', 1, 'admin', '研发部门', '/tool/gen/batchGenCode', '192.168.1.124', '内网IP', '{\"tables\":\"sys_website\"}', NULL, 0, NULL, '2024-04-14 15:31:11', 70);
INSERT INTO `sys_oper_log` VALUES (190, '代码生成', 8, 'com.ruoyi.generator.controller.GenController.batchGenCode()', 'GET', 1, 'admin', '研发部门', '/tool/gen/batchGenCode', '192.168.1.124', '内网IP', '{\"tables\":\"sys_website\"}', NULL, 0, NULL, '2024-04-14 15:32:34', 116);
INSERT INTO `sys_oper_log` VALUES (191, '代码生成', 8, 'com.ruoyi.generator.controller.GenController.batchGenCode()', 'GET', 1, 'admin', '研发部门', '/tool/gen/batchGenCode', '192.168.1.124', '内网IP', '{\"tables\":\"sys_website\"}', NULL, 0, NULL, '2024-04-14 15:41:43', 117);
INSERT INTO `sys_oper_log` VALUES (192, '代码生成', 8, 'com.ruoyi.generator.controller.GenController.batchGenCode()', 'GET', 1, 'admin', '研发部门', '/tool/gen/batchGenCode', '192.168.1.124', '内网IP', '{\"tables\":\"sys_website\"}', NULL, 0, NULL, '2024-04-14 15:42:51', 109);
INSERT INTO `sys_oper_log` VALUES (193, '代码生成', 8, 'com.ruoyi.generator.controller.GenController.batchGenCode()', 'GET', 1, 'admin', '研发部门', '/tool/gen/batchGenCode', '192.168.1.124', '内网IP', '{\"tables\":\"sys_website\"}', NULL, 0, NULL, '2024-04-14 15:43:21', 100);
INSERT INTO `sys_oper_log` VALUES (194, '代码生成', 8, 'com.ruoyi.generator.controller.GenController.batchGenCode()', 'GET', 1, 'admin', '研发部门', '/tool/gen/batchGenCode', '192.168.1.124', '内网IP', '{\"tables\":\"sys_website\"}', NULL, 0, NULL, '2024-04-14 15:46:39', 88);
INSERT INTO `sys_oper_log` VALUES (195, '代码生成', 8, 'com.ruoyi.generator.controller.GenController.batchGenCode()', 'GET', 1, 'admin', '研发部门', '/tool/gen/batchGenCode', '192.168.1.124', '内网IP', '{\"tables\":\"sys_website\"}', NULL, 0, NULL, '2024-04-14 15:48:34', 97);
INSERT INTO `sys_oper_log` VALUES (196, '代码生成', 8, 'com.ruoyi.generator.controller.GenController.batchGenCode()', 'GET', 1, 'admin', '研发部门', '/tool/gen/batchGenCode', '192.168.1.124', '内网IP', '{\"tables\":\"sys_website\"}', NULL, 0, NULL, '2024-04-14 15:49:41', 125);
INSERT INTO `sys_oper_log` VALUES (197, '代码生成', 8, 'com.ruoyi.generator.controller.GenController.batchGenCode()', 'GET', 1, 'admin', '研发部门', '/tool/gen/batchGenCode', '192.168.1.124', '内网IP', '{\"tables\":\"sys_website\"}', NULL, 0, NULL, '2024-04-14 15:51:23', 355);
INSERT INTO `sys_oper_log` VALUES (198, '代码生成', 8, 'com.ruoyi.generator.controller.GenController.batchGenCode()', 'GET', 1, 'admin', '研发部门', '/tool/gen/batchGenCode', '192.168.1.124', '内网IP', '{\"tables\":\"sys_website\"}', NULL, 1, 'Failed to parse String literal at vm/ax/data/options.ts.vm[line 9, column 22]', '2024-04-14 15:54:31', 135);
INSERT INTO `sys_oper_log` VALUES (199, '代码生成', 8, 'com.ruoyi.generator.controller.GenController.batchGenCode()', 'GET', 1, 'admin', '研发部门', '/tool/gen/batchGenCode', '192.168.1.124', '内网IP', '{\"tables\":\"sys_website\"}', NULL, 1, 'Failed to parse String literal at vm/ax/data/options.ts.vm[line 8, column 22]', '2024-04-14 15:55:36', 153);
INSERT INTO `sys_oper_log` VALUES (200, '代码生成', 8, 'com.ruoyi.generator.controller.GenController.batchGenCode()', 'GET', 1, 'admin', '研发部门', '/tool/gen/batchGenCode', '192.168.1.124', '内网IP', '{\"tables\":\"sys_website\"}', NULL, 1, 'Failed to parse String literal at vm/ax/data/options.ts.vm[line 8, column 22]', '2024-04-14 15:56:30', 128);
INSERT INTO `sys_oper_log` VALUES (201, '代码生成', 8, 'com.ruoyi.generator.controller.GenController.batchGenCode()', 'GET', 1, 'admin', '研发部门', '/tool/gen/batchGenCode', '192.168.1.124', '内网IP', '{\"tables\":\"sys_website\"}', NULL, 0, NULL, '2024-04-14 15:58:43', 142);
INSERT INTO `sys_oper_log` VALUES (202, '代码生成', 8, 'com.ruoyi.generator.controller.GenController.batchGenCode()', 'GET', 1, 'admin', '研发部门', '/tool/gen/batchGenCode', '192.168.1.124', '内网IP', '{\"tables\":\"sys_website\"}', NULL, 0, NULL, '2024-04-14 16:00:01', 116);
INSERT INTO `sys_oper_log` VALUES (203, '代码生成', 8, 'com.ruoyi.generator.controller.GenController.batchGenCode()', 'GET', 1, 'admin', '研发部门', '/tool/gen/batchGenCode', '192.168.1.124', '内网IP', '{\"tables\":\"sys_website\"}', NULL, 0, NULL, '2024-04-14 16:14:19', 115);
INSERT INTO `sys_oper_log` VALUES (204, '代码生成', 8, 'com.ruoyi.generator.controller.GenController.batchGenCode()', 'GET', 1, 'admin', '研发部门', '/tool/gen/batchGenCode', '192.168.1.124', '内网IP', '{\"tables\":\"sys_website\"}', NULL, 0, NULL, '2024-04-14 16:25:19', 123);
INSERT INTO `sys_oper_log` VALUES (205, '代码生成', 8, 'com.ruoyi.generator.controller.GenController.batchGenCode()', 'GET', 1, 'admin', '研发部门', '/tool/gen/batchGenCode', '192.168.1.124', '内网IP', '{\"tables\":\"sys_website\"}', NULL, 0, NULL, '2024-04-14 16:29:04', 101);
INSERT INTO `sys_oper_log` VALUES (206, '代码生成', 8, 'com.ruoyi.generator.controller.GenController.batchGenCode()', 'GET', 1, 'admin', '研发部门', '/tool/gen/batchGenCode', '192.168.1.124', '内网IP', '{\"tables\":\"sys_website\"}', NULL, 0, NULL, '2024-04-14 16:30:44', 134);
INSERT INTO `sys_oper_log` VALUES (207, '代码生成', 8, 'com.ruoyi.generator.controller.GenController.batchGenCode()', 'GET', 1, 'admin', '研发部门', '/tool/gen/batchGenCode', '192.168.1.124', '内网IP', '{\"tables\":\"sys_website\"}', NULL, 0, NULL, '2024-04-14 16:33:50', 115);
INSERT INTO `sys_oper_log` VALUES (208, '代码生成', 8, 'com.ruoyi.generator.controller.GenController.batchGenCode()', 'GET', 1, 'admin', '研发部门', '/tool/gen/batchGenCode', '192.168.1.124', '内网IP', '{\"tables\":\"sys_website\"}', NULL, 0, NULL, '2024-04-14 16:35:10', 133);
INSERT INTO `sys_oper_log` VALUES (209, '代码生成', 2, 'com.ruoyi.generator.controller.GenController.editSave()', 'PUT', 1, 'admin', '研发部门', '/tool/gen', '192.168.1.124', '内网IP', '{\"businessName\":\"website\",\"className\":\"SysWebsite\",\"columns\":[{\"capJavaField\":\"WebsiteId\",\"columnComment\":\"网页ID\",\"columnId\":1,\"columnName\":\"website_id\",\"columnType\":\"int\",\"dictType\":\"\",\"edit\":false,\"htmlType\":\"input\",\"increment\":false,\"insert\":false,\"isIncrement\":\"0\",\"isInsert\":\"0\",\"isPk\":\"1\",\"isRequired\":\"0\",\"javaField\":\"websiteId\",\"javaType\":\"Long\",\"list\":false,\"params\":{},\"pk\":true,\"query\":false,\"queryType\":\"EQ\",\"required\":false,\"sort\":1,\"superColumn\":false,\"tableId\":1,\"usableColumn\":false},{\"capJavaField\":\"Name\",\"columnComment\":\"网页名称\",\"columnId\":2,\"columnName\":\"name\",\"columnType\":\"varchar(255)\",\"dictType\":\"\",\"edit\":true,\"htmlType\":\"input\",\"increment\":false,\"insert\":true,\"isEdit\":\"1\",\"isIncrement\":\"0\",\"isInsert\":\"1\",\"isList\":\"1\",\"isPk\":\"0\",\"isQuery\":\"1\",\"isRequired\":\"1\",\"javaField\":\"name\",\"javaType\":\"String\",\"list\":true,\"params\":{},\"pk\":false,\"query\":true,\"queryType\":\"LIKE\",\"required\":true,\"sort\":2,\"superColumn\":false,\"tableId\":1,\"usableColumn\":false},{\"capJavaField\":\"Url\",\"columnComment\":\"网页URL\",\"columnId\":3,\"columnName\":\"url\",\"columnType\":\"varchar(255)\",\"dictType\":\"\",\"edit\":true,\"htmlType\":\"input\",\"increment\":false,\"insert\":true,\"isEdit\":\"1\",\"isIncrement\":\"0\",\"isInsert\":\"1\",\"isList\":\"1\",\"isPk\":\"0\",\"isQuery\":\"1\",\"isRequired\":\"1\",\"javaField\":\"url\",\"javaType\":\"String\",\"list\":true,\"params\":{},\"pk\":false,\"query\":true,\"queryType\":\"EQ\",\"required\":true,\"sort\":3,\"superColumn\":false,\"tableId\":1,\"usableColumn\":false},{\"capJavaField\":\"CreateTime\",\"columnComment\":\"创建时间\",\"columnId\":4,\"columnName\":\"create_time\",\"columnType\":\"datetime\",\"dictType\":\"\",\"edit\":false,\"htmlType\":\"datetime\",\"increment\":false,\"insert\":false,\"isIncrement\":\"0\",\"isInsert\":\"0\",\"isPk\":\"0\",\"isRequired\":\"0\",\"javaField\":\"createTime\",\"javaType\":\"Date\",\"list\":false,\"params\":{},\"pk\":false,\"query\":false,\"queryType\":\"EQ\",\"required\":false,\"sort\":4,\"superColumn\":true,\"tableId\":1,\"usableColumn\":false},{\"capJavaField\":\"Description\",\"columnComment\":\"网页描述\",\"columnId\":8,\"columnName\":\"description\",\"columnType\":\"varchar(25', '{\"msg\":\"操作成功\",\"code\":200}', 0, NULL, '2024-04-14 16:36:43', 867);
INSERT INTO `sys_oper_log` VALUES (210, '代码生成', 8, 'com.ruoyi.generator.controller.GenController.batchGenCode()', 'GET', 1, 'admin', '研发部门', '/tool/gen/batchGenCode', '192.168.1.124', '内网IP', '{\"tables\":\"sys_website\"}', NULL, 0, NULL, '2024-04-14 16:36:51', 79);
INSERT INTO `sys_oper_log` VALUES (211, '代码生成', 8, 'com.ruoyi.generator.controller.GenController.batchGenCode()', 'GET', 1, 'admin', '研发部门', '/tool/gen/batchGenCode', '192.168.1.124', '内网IP', '{\"tables\":\"sys_website\"}', NULL, 0, NULL, '2024-04-14 16:39:53', 103);
INSERT INTO `sys_oper_log` VALUES (212, '代码生成', 8, 'com.ruoyi.generator.controller.GenController.batchGenCode()', 'GET', 1, 'admin', '研发部门', '/tool/gen/batchGenCode', '192.168.1.124', '内网IP', '{\"tables\":\"sys_website\"}', NULL, 0, NULL, '2024-04-14 16:44:03', 90);
INSERT INTO `sys_oper_log` VALUES (213, '代码生成', 8, 'com.ruoyi.generator.controller.GenController.batchGenCode()', 'GET', 1, 'admin', '研发部门', '/tool/gen/batchGenCode', '192.168.1.124', '内网IP', '{\"tables\":\"sys_website\"}', NULL, 0, NULL, '2024-04-14 17:26:54', 108);
INSERT INTO `sys_oper_log` VALUES (214, '代码生成', 8, 'com.ruoyi.generator.controller.GenController.batchGenCode()', 'GET', 1, 'admin', '研发部门', '/tool/gen/batchGenCode', '192.168.1.124', '内网IP', '{\"tables\":\"sys_website\"}', NULL, 0, NULL, '2024-04-14 17:43:29', 75);
INSERT INTO `sys_oper_log` VALUES (215, '代码生成', 8, 'com.ruoyi.generator.controller.GenController.batchGenCode()', 'GET', 1, 'admin', '研发部门', '/tool/gen/batchGenCode', '192.168.1.124', '内网IP', '{\"tables\":\"sys_website\"}', NULL, 0, NULL, '2024-04-14 17:47:53', 115);
INSERT INTO `sys_oper_log` VALUES (216, '代码生成', 8, 'com.ruoyi.generator.controller.GenController.batchGenCode()', 'GET', 1, 'admin', '研发部门', '/tool/gen/batchGenCode', '192.168.1.124', '内网IP', '{\"tables\":\"sys_website\"}', NULL, 0, NULL, '2024-04-14 17:48:20', 70);
INSERT INTO `sys_oper_log` VALUES (217, '代码生成', 8, 'com.ruoyi.generator.controller.GenController.batchGenCode()', 'GET', 1, 'admin', '研发部门', '/tool/gen/batchGenCode', '192.168.1.124', '内网IP', '{\"tables\":\"sys_website\"}', NULL, 0, NULL, '2024-04-14 17:53:21', 89);
INSERT INTO `sys_oper_log` VALUES (218, '网页收藏', 1, 'com.ruoyi.system.controller.SysWebsiteController.add()', 'POST', 1, 'admin', '研发部门', '/system/website', '192.168.1.124', '内网IP', '{\"createTime\":\"2024-04-14 17:56:39\",\"description\":\"\",\"name\":\"1\",\"params\":{},\"type\":\"\",\"url\":\"\",\"websiteId\":0}', '{\"msg\":\"操作成功\",\"code\":200}', 0, NULL, '2024-04-14 17:56:34', 104);
INSERT INTO `sys_oper_log` VALUES (219, '代码生成', 8, 'com.ruoyi.generator.controller.GenController.batchGenCode()', 'GET', 1, 'admin', '研发部门', '/tool/gen/batchGenCode', '192.168.1.124', '内网IP', '{\"tables\":\"sys_website\"}', NULL, 0, NULL, '2024-04-14 17:58:27', 73);
INSERT INTO `sys_oper_log` VALUES (220, '代码生成', 8, 'com.ruoyi.generator.controller.GenController.batchGenCode()', 'GET', 1, 'admin', '研发部门', '/tool/gen/batchGenCode', '192.168.1.124', '内网IP', '{\"tables\":\"sys_config\"}', NULL, 0, NULL, '2024-04-14 19:06:35', 105);
INSERT INTO `sys_oper_log` VALUES (221, '代码生成', 8, 'com.ruoyi.generator.controller.GenController.batchGenCode()', 'GET', 1, 'admin', '研发部门', '/tool/gen/batchGenCode', '192.168.1.124', '内网IP', '{\"tables\":\"sys_config\"}', NULL, 0, NULL, '2024-04-14 19:10:23', 78);
INSERT INTO `sys_oper_log` VALUES (222, '代码生成', 2, 'com.ruoyi.generator.controller.GenController.editSave()', 'PUT', 1, 'admin', '研发部门', '/tool/gen', '192.168.1.124', '内网IP', '{\"businessName\":\"config\",\"className\":\"SysConfig\",\"columns\":[{\"capJavaField\":\"ConfigId\",\"columnComment\":\"参数主键\",\"columnId\":9,\"columnName\":\"config_id\",\"columnType\":\"int\",\"dictType\":\"\",\"edit\":false,\"htmlType\":\"input\",\"increment\":true,\"insert\":false,\"isIncrement\":\"1\",\"isInsert\":\"0\",\"isPk\":\"1\",\"isRequired\":\"0\",\"javaField\":\"configId\",\"javaType\":\"Long\",\"list\":false,\"params\":{},\"pk\":true,\"query\":false,\"queryType\":\"EQ\",\"required\":false,\"sort\":1,\"superColumn\":false,\"tableId\":2,\"usableColumn\":false},{\"capJavaField\":\"ConfigName\",\"columnComment\":\"参数名称\",\"columnId\":10,\"columnName\":\"config_name\",\"columnType\":\"varchar(100)\",\"dictType\":\"\",\"edit\":true,\"htmlType\":\"input\",\"increment\":false,\"insert\":true,\"isEdit\":\"1\",\"isIncrement\":\"0\",\"isInsert\":\"1\",\"isList\":\"1\",\"isPk\":\"0\",\"isQuery\":\"1\",\"isRequired\":\"1\",\"javaField\":\"configName\",\"javaType\":\"String\",\"list\":true,\"params\":{},\"pk\":false,\"query\":true,\"queryType\":\"LIKE\",\"required\":true,\"sort\":2,\"superColumn\":false,\"tableId\":2,\"usableColumn\":false},{\"capJavaField\":\"ConfigKey\",\"columnComment\":\"参数键名\",\"columnId\":11,\"columnName\":\"config_key\",\"columnType\":\"varchar(100)\",\"dictType\":\"\",\"edit\":true,\"htmlType\":\"input\",\"increment\":false,\"insert\":true,\"isEdit\":\"1\",\"isIncrement\":\"0\",\"isInsert\":\"1\",\"isList\":\"1\",\"isPk\":\"0\",\"isQuery\":\"1\",\"isRequired\":\"1\",\"javaField\":\"configKey\",\"javaType\":\"String\",\"list\":true,\"params\":{},\"pk\":false,\"query\":true,\"queryType\":\"EQ\",\"required\":true,\"sort\":3,\"superColumn\":false,\"tableId\":2,\"usableColumn\":false},{\"capJavaField\":\"ConfigValue\",\"columnComment\":\"参数键值\",\"columnId\":12,\"columnName\":\"config_value\",\"columnType\":\"varchar(500)\",\"dictType\":\"\",\"edit\":true,\"htmlType\":\"textarea\",\"increment\":false,\"insert\":true,\"isEdit\":\"1\",\"isIncrement\":\"0\",\"isInsert\":\"1\",\"isList\":\"1\",\"isPk\":\"0\",\"isQuery\":\"1\",\"isRequired\":\"1\",\"javaField\":\"configValue\",\"javaType\":\"String\",\"list\":true,\"params\":{},\"pk\":false,\"query\":true,\"queryType\":\"EQ\",\"required\":true,\"sort\":4,\"superColumn\":false,\"tableId\":2,\"usableColumn\":false},{\"capJavaField\":\"ConfigType\",\"columnCo', '{\"msg\":\"操作成功\",\"code\":200}', 0, NULL, '2024-04-14 19:19:03', 1023);
INSERT INTO `sys_oper_log` VALUES (223, '代码生成', 8, 'com.ruoyi.generator.controller.GenController.batchGenCode()', 'GET', 1, 'admin', '研发部门', '/tool/gen/batchGenCode', '192.168.1.124', '内网IP', '{\"tables\":\"sys_config\"}', NULL, 0, NULL, '2024-04-14 19:19:05', 60);
INSERT INTO `sys_oper_log` VALUES (224, '代码生成', 8, 'com.ruoyi.generator.controller.GenController.batchGenCode()', 'GET', 1, 'admin', '研发部门', '/tool/gen/batchGenCode', '192.168.1.124', '内网IP', '{\"tables\":\"sys_config\"}', NULL, 0, NULL, '2024-04-14 19:22:21', 80);
INSERT INTO `sys_oper_log` VALUES (225, '代码生成', 8, 'com.ruoyi.generator.controller.GenController.batchGenCode()', 'GET', 1, 'admin', '研发部门', '/tool/gen/batchGenCode', '192.168.1.124', '内网IP', '{\"tables\":\"sys_config\"}', NULL, 0, NULL, '2024-04-14 19:24:20', 79);
INSERT INTO `sys_oper_log` VALUES (226, '代码生成', 2, 'com.ruoyi.generator.controller.GenController.editSave()', 'PUT', 1, 'admin', '研发部门', '/tool/gen', '192.168.1.124', '内网IP', '{\"businessName\":\"notice\",\"className\":\"SysNotice\",\"columns\":[{\"capJavaField\":\"NoticeId\",\"columnComment\":\"公告ID\",\"columnId\":19,\"columnName\":\"notice_id\",\"columnType\":\"int\",\"dictType\":\"\",\"edit\":false,\"htmlType\":\"input\",\"increment\":true,\"insert\":false,\"isIncrement\":\"1\",\"isInsert\":\"0\",\"isPk\":\"1\",\"isRequired\":\"0\",\"javaField\":\"noticeId\",\"javaType\":\"Long\",\"list\":false,\"params\":{},\"pk\":true,\"query\":false,\"queryType\":\"EQ\",\"required\":false,\"sort\":1,\"superColumn\":false,\"tableId\":3,\"usableColumn\":false},{\"capJavaField\":\"NoticeTitle\",\"columnComment\":\"公告标题\",\"columnId\":20,\"columnName\":\"notice_title\",\"columnType\":\"varchar(50)\",\"dictType\":\"\",\"edit\":true,\"htmlType\":\"input\",\"increment\":false,\"insert\":true,\"isEdit\":\"1\",\"isIncrement\":\"0\",\"isInsert\":\"1\",\"isList\":\"1\",\"isPk\":\"0\",\"isQuery\":\"1\",\"isRequired\":\"1\",\"javaField\":\"noticeTitle\",\"javaType\":\"String\",\"list\":true,\"params\":{},\"pk\":false,\"query\":true,\"queryType\":\"EQ\",\"required\":true,\"sort\":2,\"superColumn\":false,\"tableId\":3,\"usableColumn\":false},{\"capJavaField\":\"NoticeType\",\"columnComment\":\"公告类型（1通知 2公告）\",\"columnId\":21,\"columnName\":\"notice_type\",\"columnType\":\"char(1)\",\"dictType\":\"sys_notice_type\",\"edit\":true,\"htmlType\":\"select\",\"increment\":false,\"insert\":true,\"isEdit\":\"1\",\"isIncrement\":\"0\",\"isInsert\":\"1\",\"isList\":\"1\",\"isPk\":\"0\",\"isQuery\":\"1\",\"isRequired\":\"1\",\"javaField\":\"noticeType\",\"javaType\":\"String\",\"list\":true,\"params\":{},\"pk\":false,\"query\":true,\"queryType\":\"EQ\",\"required\":true,\"sort\":3,\"superColumn\":false,\"tableId\":3,\"usableColumn\":false},{\"capJavaField\":\"NoticeContent\",\"columnComment\":\"公告内容\",\"columnId\":22,\"columnName\":\"notice_content\",\"columnType\":\"longblob\",\"dictType\":\"\",\"edit\":true,\"htmlType\":\"editor\",\"increment\":false,\"insert\":true,\"isEdit\":\"1\",\"isIncrement\":\"0\",\"isInsert\":\"1\",\"isList\":\"1\",\"isPk\":\"0\",\"isQuery\":\"0\",\"isRequired\":\"0\",\"javaField\":\"noticeContent\",\"javaType\":\"String\",\"list\":true,\"params\":{},\"pk\":false,\"query\":false,\"queryType\":\"EQ\",\"required\":false,\"sort\":4,\"superColumn\":false,\"tableId\":3,\"usableColumn\":false},{\"capJavaFie', '{\"msg\":\"操作成功\",\"code\":200}', 0, NULL, '2024-04-14 20:11:28', 1471);
INSERT INTO `sys_oper_log` VALUES (227, '代码生成', 8, 'com.ruoyi.generator.controller.GenController.batchGenCode()', 'GET', 1, 'admin', '研发部门', '/tool/gen/batchGenCode', '192.168.1.124', '内网IP', '{\"tables\":\"sys_notice\"}', NULL, 0, NULL, '2024-04-14 20:11:30', 81);
INSERT INTO `sys_oper_log` VALUES (228, '部门管理', 2, 'com.ruoyi.web.controller.system.SysDeptController.edit()', 'PUT', 1, 'admin', '研发部门', '/system/dept', '192.168.1.124', '内网IP', '{\"ancestors\":\"0\",\"children\":[{\"ancestors\":\"0,100\",\"children\":[],\"createBy\":\"admin\",\"createTime\":\"2024-04-10 20:32:22\",\"delFlag\":\"0\",\"deptId\":200,\"deptName\":\"访客\",\"leader\":\"Win\",\"orderNum\":0,\"params\":{},\"parentId\":100,\"phone\":\"1333333333\",\"status\":\"0\"},{\"ancestors\":\"0,100\",\"children\":[{\"ancestors\":\"0,100,101\",\"children\":[],\"createBy\":\"admin\",\"createTime\":\"2024-04-10 15:08:49\",\"delFlag\":\"0\",\"deptId\":103,\"deptName\":\"研发部门\",\"email\":\"ry@qq.com\",\"leader\":\"若依\",\"orderNum\":1,\"params\":{},\"parentId\":101,\"phone\":\"15888888888\",\"status\":\"0\"},{\"ancestors\":\"0,100,101\",\"children\":[],\"createBy\":\"admin\",\"createTime\":\"2024-04-10 15:08:49\",\"delFlag\":\"0\",\"deptId\":104,\"deptName\":\"市场部门\",\"email\":\"ry@qq.com\",\"leader\":\"若依\",\"orderNum\":2,\"params\":{},\"parentId\":101,\"phone\":\"15888888888\",\"status\":\"0\"},{\"ancestors\":\"0,100,101\",\"children\":[],\"createBy\":\"admin\",\"createTime\":\"2024-04-10 15:08:49\",\"delFlag\":\"0\",\"deptId\":105,\"deptName\":\"测试部门\",\"email\":\"ry@qq.com\",\"leader\":\"若依\",\"orderNum\":3,\"params\":{},\"parentId\":101,\"phone\":\"15888888888\",\"status\":\"0\"},{\"ancestors\":\"0,100,101\",\"children\":[],\"createBy\":\"admin\",\"createTime\":\"2024-04-10 15:08:49\",\"delFlag\":\"0\",\"deptId\":106,\"deptName\":\"财务部门\",\"email\":\"ry@qq.com\",\"leader\":\"若依\",\"orderNum\":4,\"params\":{},\"parentId\":101,\"phone\":\"15888888888\",\"status\":\"0\"},{\"ancestors\":\"0,100,101\",\"children\":[],\"createBy\":\"admin\",\"createTime\":\"2024-04-10 15:08:49\",\"delFlag\":\"0\",\"deptId\":107,\"deptName\":\"运维部门\",\"email\":\"ry@qq.com\",\"leader\":\"若依\",\"orderNum\":5,\"params\":{},\"parentId\":101,\"phone\":\"15888888888\",\"status\":\"0\"}],\"createBy\":\"admin\",\"createTime\":\"2024-04-10 15:08:49\",\"delFlag\":\"0\",\"deptId\":101,\"deptName\":\"深圳总公司\",\"email\":\"ry@qq.com\",\"leader\":\"若依\",\"orderNum\":1,\"params\":{},\"parentId\":100,\"phone\":\"15888888888\",\"status\":\"0\"},{\"ancestors\":\"0,100\",\"children\":[{\"ancestors\":\"0,100,102\",\"children\":[],\"createBy\":\"admin\",\"createTime\":\"2024-04-10 15:08:49\",\"delFlag\":\"0\",\"deptId\":108,\"deptName\":\"市场部门\",\"email\":\"ry@qq.com\",\"leader\":\"若依\",\"orderNum\":1,\"params\":{},\"parentId\":102,\"phone\":\"15888888888', '{\"msg\":\"操作成功\",\"code\":200}', 0, NULL, '2024-04-14 21:06:56', 238);
INSERT INTO `sys_oper_log` VALUES (229, '部门管理', 1, 'com.ruoyi.web.controller.system.SysDeptController.add()', 'POST', 1, 'admin', '研发部门', '/system/dept', '192.168.1.124', '内网IP', '{\"ancestors\":\"\",\"children\":[],\"createBy\":\"admin\",\"delFlag\":\"\",\"deptId\":0,\"deptName\":\"访客部门\",\"email\":\"ax@qq.com\",\"leader\":\"ax\",\"orderNum\":0,\"params\":{},\"phone\":\"176666666\",\"status\":\"0\"}', NULL, 1, '', '2024-04-14 21:07:57', 133);
INSERT INTO `sys_oper_log` VALUES (230, '部门管理', 2, 'com.ruoyi.web.controller.system.SysDeptController.edit()', 'PUT', 1, 'admin', '研发部门', '/system/dept', '192.168.1.124', '内网IP', '{\"ancestors\":\"0\",\"children\":[{\"ancestors\":\"0,100\",\"children\":[],\"createBy\":\"admin\",\"createTime\":\"2024-04-10 20:32:22\",\"delFlag\":\"0\",\"deptId\":200,\"deptName\":\"访客\",\"leader\":\"Win\",\"orderNum\":0,\"params\":{},\"parentId\":100,\"phone\":\"1333333333\",\"status\":\"0\"},{\"ancestors\":\"0,100\",\"children\":[{\"ancestors\":\"0,100,101\",\"children\":[],\"createBy\":\"admin\",\"createTime\":\"2024-04-10 15:08:49\",\"delFlag\":\"0\",\"deptId\":103,\"deptName\":\"研发部门\",\"email\":\"ry@qq.com\",\"leader\":\"若依\",\"orderNum\":1,\"params\":{},\"parentId\":101,\"phone\":\"15888888888\",\"status\":\"0\"},{\"ancestors\":\"0,100,101\",\"children\":[],\"createBy\":\"admin\",\"createTime\":\"2024-04-10 15:08:49\",\"delFlag\":\"0\",\"deptId\":104,\"deptName\":\"市场部门\",\"email\":\"ry@qq.com\",\"leader\":\"若依\",\"orderNum\":2,\"params\":{},\"parentId\":101,\"phone\":\"15888888888\",\"status\":\"0\"},{\"ancestors\":\"0,100,101\",\"children\":[],\"createBy\":\"admin\",\"createTime\":\"2024-04-10 15:08:49\",\"delFlag\":\"0\",\"deptId\":105,\"deptName\":\"测试部门\",\"email\":\"ry@qq.com\",\"leader\":\"若依\",\"orderNum\":3,\"params\":{},\"parentId\":101,\"phone\":\"15888888888\",\"status\":\"0\"},{\"ancestors\":\"0,100,101\",\"children\":[],\"createBy\":\"admin\",\"createTime\":\"2024-04-10 15:08:49\",\"delFlag\":\"0\",\"deptId\":106,\"deptName\":\"财务部门\",\"email\":\"ry@qq.com\",\"leader\":\"若依\",\"orderNum\":4,\"params\":{},\"parentId\":101,\"phone\":\"15888888888\",\"status\":\"0\"},{\"ancestors\":\"0,100,101\",\"children\":[],\"createBy\":\"admin\",\"createTime\":\"2024-04-10 15:08:49\",\"delFlag\":\"0\",\"deptId\":107,\"deptName\":\"运维部门\",\"email\":\"ry@qq.com\",\"leader\":\"若依\",\"orderNum\":5,\"params\":{},\"parentId\":101,\"phone\":\"15888888888\",\"status\":\"0\"}],\"createBy\":\"admin\",\"createTime\":\"2024-04-10 15:08:49\",\"delFlag\":\"0\",\"deptId\":101,\"deptName\":\"深圳总公司\",\"email\":\"ry@qq.com\",\"leader\":\"若依\",\"orderNum\":1,\"params\":{},\"parentId\":100,\"phone\":\"15888888888\",\"status\":\"0\"},{\"ancestors\":\"0,100\",\"children\":[{\"ancestors\":\"0,100,102\",\"children\":[],\"createBy\":\"admin\",\"createTime\":\"2024-04-10 15:08:49\",\"delFlag\":\"0\",\"deptId\":108,\"deptName\":\"市场部门\",\"email\":\"ry@qq.com\",\"leader\":\"若依\",\"orderNum\":1,\"params\":{},\"parentId\":102,\"phone\":\"15888888888', '{\"msg\":\"操作成功\",\"code\":200}', 0, NULL, '2024-04-14 21:09:36', 296);
INSERT INTO `sys_oper_log` VALUES (231, '代码生成', 2, 'com.ruoyi.generator.controller.GenController.editSave()', 'PUT', 1, 'admin', '研发部门', '/tool/gen', '192.168.1.124', '内网IP', '{\"businessName\":\"dept\",\"className\":\"SysDept\",\"columns\":[{\"capJavaField\":\"DeptId\",\"columnComment\":\"部门id\",\"columnId\":29,\"columnName\":\"dept_id\",\"columnType\":\"bigint\",\"dictType\":\"\",\"edit\":false,\"htmlType\":\"input\",\"increment\":true,\"insert\":false,\"isIncrement\":\"1\",\"isInsert\":\"0\",\"isPk\":\"1\",\"isRequired\":\"0\",\"javaField\":\"deptId\",\"javaType\":\"Long\",\"list\":false,\"params\":{},\"pk\":true,\"query\":false,\"queryType\":\"EQ\",\"required\":false,\"sort\":1,\"superColumn\":false,\"tableId\":4,\"usableColumn\":false},{\"capJavaField\":\"ParentId\",\"columnComment\":\"父部门id\",\"columnId\":30,\"columnName\":\"parent_id\",\"columnType\":\"bigint\",\"dictType\":\"\",\"edit\":true,\"htmlType\":\"input\",\"increment\":false,\"insert\":false,\"isEdit\":\"1\",\"isIncrement\":\"0\",\"isInsert\":\"0\",\"isList\":\"1\",\"isPk\":\"0\",\"isQuery\":\"0\",\"isRequired\":\"0\",\"javaField\":\"parentId\",\"javaType\":\"Long\",\"list\":true,\"params\":{},\"pk\":false,\"query\":false,\"queryType\":\"EQ\",\"required\":false,\"sort\":2,\"superColumn\":true,\"tableId\":4,\"usableColumn\":true},{\"capJavaField\":\"Ancestors\",\"columnComment\":\"祖级列表\",\"columnId\":31,\"columnName\":\"ancestors\",\"columnType\":\"varchar(50)\",\"dictType\":\"\",\"edit\":true,\"htmlType\":\"input\",\"increment\":false,\"insert\":false,\"isEdit\":\"1\",\"isIncrement\":\"0\",\"isInsert\":\"0\",\"isList\":\"1\",\"isPk\":\"0\",\"isQuery\":\"0\",\"isRequired\":\"0\",\"javaField\":\"ancestors\",\"javaType\":\"String\",\"list\":true,\"params\":{},\"pk\":false,\"query\":false,\"queryType\":\"EQ\",\"required\":false,\"sort\":3,\"superColumn\":true,\"tableId\":4,\"usableColumn\":false},{\"capJavaField\":\"DeptName\",\"columnComment\":\"部门名称\",\"columnId\":32,\"columnName\":\"dept_name\",\"columnType\":\"varchar(30)\",\"dictType\":\"\",\"edit\":true,\"htmlType\":\"input\",\"increment\":false,\"insert\":true,\"isEdit\":\"1\",\"isIncrement\":\"0\",\"isInsert\":\"1\",\"isList\":\"1\",\"isPk\":\"0\",\"isQuery\":\"1\",\"isRequired\":\"0\",\"javaField\":\"deptName\",\"javaType\":\"String\",\"list\":true,\"params\":{},\"pk\":false,\"query\":true,\"queryType\":\"LIKE\",\"required\":false,\"sort\":4,\"superColumn\":false,\"tableId\":4,\"usableColumn\":false},{\"capJavaField\":\"OrderNum\",\"columnComment\":\"显示顺序\",\"columnId\":33,\"col', '{\"msg\":\"操作成功\",\"code\":200}', 0, NULL, '2024-04-14 21:14:57', 1505);
INSERT INTO `sys_oper_log` VALUES (232, '代码生成', 2, 'com.ruoyi.generator.controller.GenController.editSave()', 'PUT', 1, 'admin', '研发部门', '/tool/gen', '192.168.1.124', '内网IP', '{\"businessName\":\"dept\",\"className\":\"SysDept\",\"columns\":[{\"capJavaField\":\"DeptId\",\"columnComment\":\"部门id\",\"columnId\":29,\"columnName\":\"dept_id\",\"columnType\":\"bigint\",\"dictType\":\"\",\"edit\":false,\"htmlType\":\"input\",\"increment\":true,\"insert\":false,\"isIncrement\":\"1\",\"isInsert\":\"0\",\"isPk\":\"1\",\"isRequired\":\"0\",\"javaField\":\"deptId\",\"javaType\":\"Long\",\"list\":false,\"params\":{},\"pk\":true,\"query\":false,\"queryType\":\"EQ\",\"required\":false,\"sort\":1,\"superColumn\":false,\"tableId\":4,\"usableColumn\":false},{\"capJavaField\":\"ParentId\",\"columnComment\":\"父部门id\",\"columnId\":30,\"columnName\":\"parent_id\",\"columnType\":\"bigint\",\"dictType\":\"\",\"edit\":true,\"htmlType\":\"input\",\"increment\":false,\"insert\":false,\"isEdit\":\"1\",\"isIncrement\":\"0\",\"isInsert\":\"0\",\"isList\":\"1\",\"isPk\":\"0\",\"isQuery\":\"0\",\"isRequired\":\"0\",\"javaField\":\"parentId\",\"javaType\":\"Long\",\"list\":true,\"params\":{},\"pk\":false,\"query\":false,\"queryType\":\"EQ\",\"required\":false,\"sort\":2,\"superColumn\":true,\"tableId\":4,\"usableColumn\":true},{\"capJavaField\":\"Ancestors\",\"columnComment\":\"祖级列表\",\"columnId\":31,\"columnName\":\"ancestors\",\"columnType\":\"varchar(50)\",\"dictType\":\"\",\"edit\":true,\"htmlType\":\"input\",\"increment\":false,\"insert\":false,\"isEdit\":\"1\",\"isIncrement\":\"0\",\"isInsert\":\"0\",\"isList\":\"1\",\"isPk\":\"0\",\"isQuery\":\"0\",\"isRequired\":\"0\",\"javaField\":\"ancestors\",\"javaType\":\"String\",\"list\":true,\"params\":{},\"pk\":false,\"query\":false,\"queryType\":\"EQ\",\"required\":false,\"sort\":3,\"superColumn\":true,\"tableId\":4,\"usableColumn\":false},{\"capJavaField\":\"DeptName\",\"columnComment\":\"部门名称\",\"columnId\":32,\"columnName\":\"dept_name\",\"columnType\":\"varchar(30)\",\"dictType\":\"\",\"edit\":true,\"htmlType\":\"input\",\"increment\":false,\"insert\":true,\"isEdit\":\"1\",\"isIncrement\":\"0\",\"isInsert\":\"1\",\"isList\":\"1\",\"isPk\":\"0\",\"isQuery\":\"1\",\"isRequired\":\"0\",\"javaField\":\"deptName\",\"javaType\":\"String\",\"list\":true,\"params\":{},\"pk\":false,\"query\":true,\"queryType\":\"LIKE\",\"required\":false,\"sort\":4,\"superColumn\":false,\"tableId\":4,\"usableColumn\":false},{\"capJavaField\":\"OrderNum\",\"columnComment\":\"显示顺序\",\"columnId\":33,\"col', '{\"msg\":\"操作成功\",\"code\":200}', 0, NULL, '2024-04-14 21:17:01', 1467);
INSERT INTO `sys_oper_log` VALUES (233, '代码生成', 8, 'com.ruoyi.generator.controller.GenController.batchGenCode()', 'GET', 1, 'admin', '研发部门', '/tool/gen/batchGenCode', '192.168.1.124', '内网IP', '{\"tables\":\"sys_dept\"}', NULL, 1, 'nested exception is org.apache.ibatis.exceptions.TooManyResultsException: Expected one result (or null) to be returned by selectOne(), but found: 2', '2024-04-14 21:17:03', 53);
INSERT INTO `sys_oper_log` VALUES (234, '代码生成', 8, 'com.ruoyi.generator.controller.GenController.batchGenCode()', 'GET', 1, 'admin', '研发部门', '/tool/gen/batchGenCode', '192.168.1.124', '内网IP', '{\"tables\":\"sys_dept\"}', NULL, 1, 'nested exception is org.apache.ibatis.exceptions.TooManyResultsException: Expected one result (or null) to be returned by selectOne(), but found: 2', '2024-04-14 21:18:26', 56);
INSERT INTO `sys_oper_log` VALUES (235, '代码生成', 8, 'com.ruoyi.generator.controller.GenController.batchGenCode()', 'GET', 1, 'admin', '研发部门', '/tool/gen/batchGenCode', '192.168.1.124', '内网IP', '{\"tables\":\"sys_dict_data\"}', NULL, 1, 'nested exception is org.apache.ibatis.exceptions.TooManyResultsException: Expected one result (or null) to be returned by selectOne(), but found: 2', '2024-04-14 21:19:24', 44);
INSERT INTO `sys_oper_log` VALUES (236, '代码生成', 8, 'com.ruoyi.generator.controller.GenController.batchGenCode()', 'GET', 1, 'admin', '研发部门', '/tool/gen/batchGenCode', '192.168.1.124', '内网IP', '{\"tables\":\"sys_menu\"}', NULL, 1, 'nested exception is org.apache.ibatis.exceptions.TooManyResultsException: Expected one result (or null) to be returned by selectOne(), but found: 2', '2024-04-14 21:20:06', 52);
INSERT INTO `sys_oper_log` VALUES (237, '代码生成', 8, 'com.ruoyi.generator.controller.GenController.batchGenCode()', 'GET', 1, 'admin', '研发部门', '/tool/gen/batchGenCode', '192.168.1.124', '内网IP', '{\"tables\":\"sys_website\"}', NULL, 0, NULL, '2024-04-14 21:20:12', 90);
INSERT INTO `sys_oper_log` VALUES (238, '代码生成', 8, 'com.ruoyi.generator.controller.GenController.batchGenCode()', 'GET', 1, 'admin', '研发部门', '/tool/gen/batchGenCode', '192.168.1.124', '内网IP', '{\"tables\":\"sys_config\"}', NULL, 0, NULL, '2024-04-14 21:21:14', 121);
INSERT INTO `sys_oper_log` VALUES (239, '代码生成', 8, 'com.ruoyi.generator.controller.GenController.batchGenCode()', 'GET', 1, 'admin', '研发部门', '/tool/gen/batchGenCode', '192.168.1.124', '内网IP', '{\"tables\":\"sys_notice\"}', NULL, 0, NULL, '2024-04-14 21:21:26', 81);
INSERT INTO `sys_oper_log` VALUES (240, '代码生成', 8, 'com.ruoyi.generator.controller.GenController.batchGenCode()', 'GET', 1, 'admin', '研发部门', '/tool/gen/batchGenCode', '192.168.1.124', '内网IP', '{\"tables\":\"sys_dept\"}', NULL, 1, 'nested exception is org.apache.ibatis.exceptions.TooManyResultsException: Expected one result (or null) to be returned by selectOne(), but found: 2', '2024-04-14 21:21:38', 50);
INSERT INTO `sys_oper_log` VALUES (241, '代码生成', 8, 'com.ruoyi.generator.controller.GenController.batchGenCode()', 'GET', 1, 'admin', '研发部门', '/tool/gen/batchGenCode', '192.168.1.124', '内网IP', '{\"tables\":\"sys_job_log\"}', NULL, 1, 'nested exception is org.apache.ibatis.exceptions.TooManyResultsException: Expected one result (or null) to be returned by selectOne(), but found: 2', '2024-04-14 21:21:50', 46);
INSERT INTO `sys_oper_log` VALUES (242, '代码生成', 2, 'com.ruoyi.generator.controller.GenController.synchDb()', 'GET', 1, 'admin', '研发部门', '/tool/gen/synchDb/sys_job_log', '192.168.1.124', '内网IP', '{}', NULL, 1, 'nested exception is org.apache.ibatis.exceptions.TooManyResultsException: Expected one result (or null) to be returned by selectOne(), but found: 2', '2024-04-14 21:21:58', 238);
INSERT INTO `sys_oper_log` VALUES (243, '代码生成', 8, 'com.ruoyi.generator.controller.GenController.batchGenCode()', 'GET', 1, 'admin', '研发部门', '/tool/gen/batchGenCode', '192.168.1.124', '内网IP', '{\"tables\":\"sys_job_log\"}', NULL, 1, 'nested exception is org.apache.ibatis.exceptions.TooManyResultsException: Expected one result (or null) to be returned by selectOne(), but found: 2', '2024-04-14 21:22:07', 49);
INSERT INTO `sys_oper_log` VALUES (244, '代码生成', 2, 'com.ruoyi.generator.controller.GenController.synchDb()', 'GET', 1, 'admin', '研发部门', '/tool/gen/synchDb/sys_job_log', '192.168.1.124', '内网IP', '{}', NULL, 1, 'nested exception is org.apache.ibatis.exceptions.TooManyResultsException: Expected one result (or null) to be returned by selectOne(), but found: 2', '2024-04-14 21:22:12', 158);
INSERT INTO `sys_oper_log` VALUES (245, '代码生成', 2, 'com.ruoyi.generator.controller.GenController.synchDb()', 'GET', 1, 'admin', '研发部门', '/tool/gen/synchDb/sys_dict_type', '192.168.1.124', '内网IP', '{}', NULL, 1, 'nested exception is org.apache.ibatis.exceptions.TooManyResultsException: Expected one result (or null) to be returned by selectOne(), but found: 2', '2024-04-14 21:23:12', 225);
INSERT INTO `sys_oper_log` VALUES (246, '代码生成', 8, 'com.ruoyi.generator.controller.GenController.batchGenCode()', 'GET', 1, 'admin', '研发部门', '/tool/gen/batchGenCode', '192.168.1.124', '内网IP', '{\"tables\":\"sys_dict_type\"}', NULL, 1, 'nested exception is org.apache.ibatis.exceptions.TooManyResultsException: Expected one result (or null) to be returned by selectOne(), but found: 2', '2024-04-14 21:24:16', 108);
INSERT INTO `sys_oper_log` VALUES (247, '代码生成', 6, 'com.ruoyi.generator.controller.GenController.importTableSave()', 'POST', 1, 'admin', '研发部门', '/tool/gen/importTable', '192.168.1.124', '内网IP', '{\"tables\":\"sys_role_dept,sys_role,sys_role_menu,sys_user,sys_user_role\"}', '{\"msg\":\"操作成功\",\"code\":200}', 0, NULL, '2024-04-14 21:24:30', 4071);
INSERT INTO `sys_oper_log` VALUES (248, '代码生成', 3, 'com.ruoyi.generator.controller.GenController.remove()', 'DELETE', 1, 'admin', '研发部门', '/tool/gen/10', '192.168.1.124', '内网IP', '{}', '{\"msg\":\"操作成功\",\"code\":200}', 0, NULL, '2024-04-14 21:26:02', 1230);
INSERT INTO `sys_oper_log` VALUES (249, '代码生成', 3, 'com.ruoyi.generator.controller.GenController.remove()', 'DELETE', 1, 'admin', '研发部门', '/tool/gen/9', '192.168.1.124', '内网IP', '{}', '{\"msg\":\"操作成功\",\"code\":200}', 0, NULL, '2024-04-14 21:26:05', 325);
INSERT INTO `sys_oper_log` VALUES (250, '代码生成', 8, 'com.ruoyi.generator.controller.GenController.batchGenCode()', 'GET', 1, 'admin', '研发部门', '/tool/gen/batchGenCode', '192.168.1.124', '内网IP', '{\"tables\":\"sys_oper_log\"}', NULL, 1, 'nested exception is org.apache.ibatis.exceptions.TooManyResultsException: Expected one result (or null) to be returned by selectOne(), but found: 2', '2024-04-14 21:26:12', 41);
INSERT INTO `sys_oper_log` VALUES (251, '代码生成', 3, 'com.ruoyi.generator.controller.GenController.remove()', 'DELETE', 1, 'admin', '研发部门', '/tool/gen/11', '192.168.1.124', '内网IP', '{}', '{\"msg\":\"操作成功\",\"code\":200}', 0, NULL, '2024-04-14 21:28:57', 273);
INSERT INTO `sys_oper_log` VALUES (252, '代码生成', 3, 'com.ruoyi.generator.controller.GenController.remove()', 'DELETE', 1, 'admin', '研发部门', '/tool/gen/5', '192.168.1.124', '内网IP', '{}', '{\"msg\":\"操作成功\",\"code\":200}', 0, NULL, '2024-04-14 21:29:15', 322);
INSERT INTO `sys_oper_log` VALUES (253, '代码生成', 3, 'com.ruoyi.generator.controller.GenController.remove()', 'DELETE', 1, 'admin', '研发部门', '/tool/gen/22', '192.168.1.124', '内网IP', '{}', '{\"msg\":\"操作成功\",\"code\":200}', 0, NULL, '2024-04-14 21:32:32', 320);
INSERT INTO `sys_oper_log` VALUES (254, '代码生成', 3, 'com.ruoyi.generator.controller.GenController.remove()', 'DELETE', 1, 'admin', '研发部门', '/tool/gen/21', '192.168.1.124', '内网IP', '{}', '{\"msg\":\"操作成功\",\"code\":200}', 0, NULL, '2024-04-14 21:32:41', 304);
INSERT INTO `sys_oper_log` VALUES (255, '代码生成', 3, 'com.ruoyi.generator.controller.GenController.remove()', 'DELETE', 1, 'admin', '研发部门', '/tool/gen/16', '192.168.1.124', '内网IP', '{}', '{\"msg\":\"操作成功\",\"code\":200}', 0, NULL, '2024-04-14 21:32:54', 360);
INSERT INTO `sys_oper_log` VALUES (256, '代码生成', 3, 'com.ruoyi.generator.controller.GenController.remove()', 'DELETE', 1, 'admin', '研发部门', '/tool/gen/23', '192.168.1.124', '内网IP', '{}', '{\"msg\":\"操作成功\",\"code\":200}', 0, NULL, '2024-04-14 21:32:58', 305);
INSERT INTO `sys_oper_log` VALUES (257, '代码生成', 3, 'com.ruoyi.generator.controller.GenController.remove()', 'DELETE', 1, 'admin', '研发部门', '/tool/gen/8', '192.168.1.124', '内网IP', '{}', '{\"msg\":\"操作成功\",\"code\":200}', 0, NULL, '2024-04-14 21:34:37', 345);
INSERT INTO `sys_oper_log` VALUES (258, '代码生成', 3, 'com.ruoyi.generator.controller.GenController.remove()', 'DELETE', 1, 'admin', '研发部门', '/tool/gen/7', '192.168.1.124', '内网IP', '{}', '{\"msg\":\"操作成功\",\"code\":200}', 0, NULL, '2024-04-14 21:34:41', 302);
INSERT INTO `sys_oper_log` VALUES (259, '代码生成', 3, 'com.ruoyi.generator.controller.GenController.remove()', 'DELETE', 1, 'admin', '研发部门', '/tool/gen/6', '192.168.1.124', '内网IP', '{}', '{\"msg\":\"操作成功\",\"code\":200}', 0, NULL, '2024-04-14 21:34:44', 306);
INSERT INTO `sys_oper_log` VALUES (260, '代码生成', 8, 'com.ruoyi.generator.controller.GenController.batchGenCode()', 'GET', 1, 'admin', '研发部门', '/tool/gen/batchGenCode', '192.168.1.124', '内网IP', '{\"tables\":\"sys_role_dept\"}', NULL, 0, NULL, '2024-04-14 21:34:53', 75);
INSERT INTO `sys_oper_log` VALUES (261, '代码生成', 3, 'com.ruoyi.generator.controller.GenController.remove()', 'DELETE', 1, 'admin', '研发部门', '/tool/gen/1', '192.168.1.124', '内网IP', '{}', '{\"msg\":\"操作成功\",\"code\":200}', 0, NULL, '2024-04-14 21:35:06', 328);
INSERT INTO `sys_oper_log` VALUES (262, '代码生成', 6, 'com.ruoyi.generator.controller.GenController.importTableSave()', 'POST', 1, 'admin', '研发部门', '/tool/gen/importTable', '192.168.1.124', '内网IP', '{\"tables\":\"sys_website\"}', '{\"msg\":\"操作成功\",\"code\":200}', 0, NULL, '2024-04-14 21:35:13', 934);
INSERT INTO `sys_oper_log` VALUES (263, '代码生成', 2, 'com.ruoyi.generator.controller.GenController.editSave()', 'PUT', 1, 'admin', '研发部门', '/tool/gen', '192.168.1.124', '内网IP', '{\"businessName\":\"website\",\"className\":\"SysWebsite\",\"columns\":[{\"capJavaField\":\"WebsiteId\",\"columnComment\":\"网页ID\",\"columnId\":298,\"columnName\":\"website_id\",\"columnType\":\"int\",\"dictType\":\"\",\"edit\":false,\"htmlType\":\"input\",\"increment\":true,\"insert\":true,\"isIncrement\":\"1\",\"isInsert\":\"1\",\"isPk\":\"1\",\"isRequired\":\"0\",\"javaField\":\"websiteId\",\"javaType\":\"Long\",\"list\":false,\"params\":{},\"pk\":true,\"query\":false,\"queryType\":\"EQ\",\"required\":false,\"sort\":1,\"superColumn\":false,\"tableId\":29,\"usableColumn\":false},{\"capJavaField\":\"Name\",\"columnComment\":\"网页名称\",\"columnId\":299,\"columnName\":\"name\",\"columnType\":\"varchar(255)\",\"dictType\":\"\",\"edit\":true,\"htmlType\":\"input\",\"increment\":false,\"insert\":true,\"isEdit\":\"1\",\"isIncrement\":\"0\",\"isInsert\":\"1\",\"isList\":\"1\",\"isPk\":\"0\",\"isQuery\":\"1\",\"isRequired\":\"0\",\"javaField\":\"name\",\"javaType\":\"String\",\"list\":true,\"params\":{},\"pk\":false,\"query\":true,\"queryType\":\"LIKE\",\"required\":false,\"sort\":2,\"superColumn\":false,\"tableId\":29,\"usableColumn\":false},{\"capJavaField\":\"Url\",\"columnComment\":\"网页URL\",\"columnId\":300,\"columnName\":\"url\",\"columnType\":\"varchar(255)\",\"dictType\":\"\",\"edit\":true,\"htmlType\":\"input\",\"increment\":false,\"insert\":true,\"isEdit\":\"1\",\"isIncrement\":\"0\",\"isInsert\":\"1\",\"isList\":\"1\",\"isPk\":\"0\",\"isQuery\":\"1\",\"isRequired\":\"0\",\"javaField\":\"url\",\"javaType\":\"String\",\"list\":true,\"params\":{},\"pk\":false,\"query\":true,\"queryType\":\"EQ\",\"required\":false,\"sort\":3,\"superColumn\":false,\"tableId\":29,\"usableColumn\":false},{\"capJavaField\":\"CreateTime\",\"columnComment\":\"创建时间\",\"columnId\":301,\"columnName\":\"create_time\",\"columnType\":\"datetime\",\"dictType\":\"\",\"edit\":false,\"htmlType\":\"datetime\",\"increment\":false,\"insert\":true,\"isIncrement\":\"0\",\"isInsert\":\"1\",\"isPk\":\"0\",\"isRequired\":\"0\",\"javaField\":\"createTime\",\"javaType\":\"Date\",\"list\":false,\"params\":{},\"pk\":false,\"query\":false,\"queryType\":\"EQ\",\"required\":false,\"sort\":4,\"superColumn\":true,\"tableId\":29,\"usableColumn\":false},{\"capJavaField\":\"Description\",\"columnComment\":\"网页描述\",\"columnId\":302,\"columnName\":\"description\",\"columnType', '{\"msg\":\"操作成功\",\"code\":200}', 0, NULL, '2024-04-14 21:37:58', 801);
INSERT INTO `sys_oper_log` VALUES (264, '代码生成', 8, 'com.ruoyi.generator.controller.GenController.batchGenCode()', 'GET', 1, 'admin', '研发部门', '/tool/gen/batchGenCode', '192.168.1.124', '内网IP', '{\"tables\":\"sys_config\"}', NULL, 0, NULL, '2024-04-14 21:46:28', 70);
INSERT INTO `sys_oper_log` VALUES (265, '代码生成', 6, 'com.ruoyi.generator.controller.GenController.importTableSave()', 'POST', 1, 'admin', '研发部门', '/tool/gen/importTable', '192.168.1.124', '内网IP', '{\"tables\":\"sys_user_post\"}', '{\"msg\":\"操作成功\",\"code\":200}', 0, NULL, '2024-04-14 21:47:14', 540);
INSERT INTO `sys_oper_log` VALUES (266, '代码生成', 8, 'com.ruoyi.generator.controller.GenController.batchGenCode()', 'GET', 1, 'admin', '研发部门', '/tool/gen/batchGenCode', '192.168.1.124', '内网IP', '{\"tables\":\"sys_dept\"}', NULL, 0, NULL, '2024-04-14 22:00:52', 93);
INSERT INTO `sys_oper_log` VALUES (267, '网页收藏', 3, 'com.ruoyi.system.controller.SysWebsiteController.remove()', 'DELETE', 1, 'admin', '研发部门', '/system/website/35', '192.168.1.124', '内网IP', '{}', '{\"msg\":\"操作成功\",\"code\":200}', 0, NULL, '2024-04-14 22:42:09', 155);
INSERT INTO `sys_oper_log` VALUES (268, '网页收藏', 3, 'com.ruoyi.system.controller.SysWebsiteController.remove()', 'DELETE', 1, 'admin', '研发部门', '/system/website/38', '192.168.1.124', '内网IP', '{}', '{\"msg\":\"操作成功\",\"code\":200}', 0, NULL, '2024-04-14 22:42:12', 101);
INSERT INTO `sys_oper_log` VALUES (269, '网页收藏', 3, 'com.ruoyi.system.controller.SysWebsiteController.remove()', 'DELETE', 1, 'admin', '研发部门', '/system/website/37', '192.168.1.124', '内网IP', '{}', '{\"msg\":\"操作成功\",\"code\":200}', 0, NULL, '2024-04-14 22:42:14', 100);
INSERT INTO `sys_oper_log` VALUES (270, '网页收藏', 1, 'com.ruoyi.system.controller.SysWebsiteController.add()', 'POST', 1, 'admin', '研发部门', '/system/website', '192.168.1.124', '内网IP', '{\"createTime\":\"2024-04-14 22:42:30\",\"description\":\"123\",\"name\":\"测试网页\",\"params\":{},\"type\":\"design\",\"url\":\"测试\",\"websiteId\":0}', '{\"msg\":\"操作成功\",\"code\":200}', 0, NULL, '2024-04-14 22:42:29', 112);
INSERT INTO `sys_oper_log` VALUES (271, '代码生成', 8, 'com.ruoyi.generator.controller.GenController.batchGenCode()', 'GET', 1, 'admin', '研发部门', '/tool/gen/batchGenCode', '192.168.1.124', '内网IP', '{\"tables\":\"sys_config\"}', NULL, 0, NULL, '2024-04-14 22:59:09', 84);
INSERT INTO `sys_oper_log` VALUES (272, '代码生成', 8, 'com.ruoyi.generator.controller.GenController.batchGenCode()', 'GET', 1, 'admin', '研发部门', '/tool/gen/batchGenCode', '192.168.1.124', '内网IP', '{\"tables\":\"sys_website\"}', NULL, 0, NULL, '2024-04-14 22:59:20', 66);
INSERT INTO `sys_oper_log` VALUES (273, '代码生成', 8, 'com.ruoyi.generator.controller.GenController.batchGenCode()', 'GET', 1, 'admin', '研发部门', '/tool/gen/batchGenCode', '192.168.1.124', '内网IP', '{\"tables\":\"sys_website\"}', NULL, 0, NULL, '2024-04-14 23:00:49', 115);
INSERT INTO `sys_oper_log` VALUES (274, '代码生成', 2, 'com.ruoyi.generator.controller.GenController.editSave()', 'PUT', 1, 'admin', '研发部门', '/tool/gen', '192.168.1.124', '内网IP', '{\"businessName\":\"website\",\"className\":\"SysWebsite\",\"columns\":[{\"capJavaField\":\"WebsiteId\",\"columnComment\":\"网页ID\",\"columnId\":298,\"columnName\":\"website_id\",\"columnType\":\"int\",\"dictType\":\"\",\"edit\":false,\"htmlType\":\"input\",\"increment\":true,\"insert\":false,\"isIncrement\":\"1\",\"isInsert\":\"0\",\"isPk\":\"1\",\"isRequired\":\"0\",\"javaField\":\"websiteId\",\"javaType\":\"Long\",\"list\":false,\"params\":{},\"pk\":true,\"query\":false,\"queryType\":\"EQ\",\"required\":false,\"sort\":1,\"superColumn\":false,\"tableId\":29,\"usableColumn\":false},{\"capJavaField\":\"Name\",\"columnComment\":\"网页名称\",\"columnId\":299,\"columnName\":\"name\",\"columnType\":\"varchar(255)\",\"dictType\":\"\",\"edit\":true,\"htmlType\":\"input\",\"increment\":false,\"insert\":true,\"isEdit\":\"1\",\"isIncrement\":\"0\",\"isInsert\":\"1\",\"isList\":\"1\",\"isPk\":\"0\",\"isQuery\":\"1\",\"isRequired\":\"0\",\"javaField\":\"name\",\"javaType\":\"String\",\"list\":true,\"params\":{},\"pk\":false,\"query\":true,\"queryType\":\"LIKE\",\"required\":false,\"sort\":2,\"superColumn\":false,\"tableId\":29,\"usableColumn\":false},{\"capJavaField\":\"Url\",\"columnComment\":\"网页URL\",\"columnId\":300,\"columnName\":\"url\",\"columnType\":\"varchar(255)\",\"dictType\":\"\",\"edit\":true,\"htmlType\":\"input\",\"increment\":false,\"insert\":true,\"isEdit\":\"1\",\"isIncrement\":\"0\",\"isInsert\":\"1\",\"isList\":\"1\",\"isPk\":\"0\",\"isQuery\":\"1\",\"isRequired\":\"0\",\"javaField\":\"url\",\"javaType\":\"String\",\"list\":true,\"params\":{},\"pk\":false,\"query\":true,\"queryType\":\"EQ\",\"required\":false,\"sort\":3,\"superColumn\":false,\"tableId\":29,\"usableColumn\":false},{\"capJavaField\":\"CreateTime\",\"columnComment\":\"创建时间\",\"columnId\":301,\"columnName\":\"create_time\",\"columnType\":\"datetime\",\"dictType\":\"\",\"edit\":false,\"htmlType\":\"datetime\",\"increment\":false,\"insert\":false,\"isIncrement\":\"0\",\"isInsert\":\"0\",\"isPk\":\"0\",\"isRequired\":\"0\",\"javaField\":\"createTime\",\"javaType\":\"Date\",\"list\":false,\"params\":{},\"pk\":false,\"query\":false,\"queryType\":\"EQ\",\"required\":false,\"sort\":4,\"superColumn\":true,\"tableId\":29,\"usableColumn\":false},{\"capJavaField\":\"Description\",\"columnComment\":\"网页描述\",\"columnId\":302,\"columnName\":\"description\",\"columnTy', '{\"msg\":\"操作成功\",\"code\":200}', 0, NULL, '2024-04-14 23:04:11', 917);
INSERT INTO `sys_oper_log` VALUES (275, '代码生成', 8, 'com.ruoyi.generator.controller.GenController.batchGenCode()', 'GET', 1, 'admin', '研发部门', '/tool/gen/batchGenCode', '192.168.1.124', '内网IP', '{\"tables\":\"sys_website\"}', NULL, 0, NULL, '2024-04-14 23:04:16', 86);
INSERT INTO `sys_oper_log` VALUES (276, '代码生成', 8, 'com.ruoyi.generator.controller.GenController.batchGenCode()', 'GET', 1, 'admin', '研发部门', '/tool/gen/batchGenCode', '192.168.1.124', '内网IP', '{\"tables\":\"sys_website\"}', NULL, 0, NULL, '2024-04-14 23:04:43', 75);
INSERT INTO `sys_oper_log` VALUES (277, '代码生成', 8, 'com.ruoyi.generator.controller.GenController.batchGenCode()', 'GET', 1, 'admin', '研发部门', '/tool/gen/batchGenCode', '192.168.1.124', '内网IP', '{\"tables\":\"sys_dept\"}', NULL, 0, NULL, '2024-04-14 23:32:34', 87);
INSERT INTO `sys_oper_log` VALUES (278, '代码生成', 2, 'com.ruoyi.generator.controller.GenController.editSave()', 'PUT', 1, 'admin', '研发部门', '/tool/gen', '192.168.1.124', '内网IP', '{\"businessName\":\"dept\",\"className\":\"SysDept\",\"columns\":[{\"capJavaField\":\"DeptId\",\"columnComment\":\"部门id\",\"columnId\":29,\"columnName\":\"dept_id\",\"columnType\":\"bigint\",\"dictType\":\"\",\"edit\":false,\"htmlType\":\"input\",\"increment\":true,\"insert\":false,\"isIncrement\":\"1\",\"isInsert\":\"0\",\"isPk\":\"1\",\"isRequired\":\"0\",\"javaField\":\"deptId\",\"javaType\":\"Long\",\"list\":false,\"params\":{},\"pk\":true,\"query\":false,\"queryType\":\"EQ\",\"required\":false,\"sort\":1,\"superColumn\":false,\"tableId\":4,\"usableColumn\":false},{\"capJavaField\":\"ParentId\",\"columnComment\":\"父部门id\",\"columnId\":30,\"columnName\":\"parent_id\",\"columnType\":\"bigint\",\"dictType\":\"\",\"edit\":true,\"htmlType\":\"input\",\"increment\":false,\"insert\":false,\"isEdit\":\"1\",\"isIncrement\":\"0\",\"isInsert\":\"0\",\"isList\":\"0\",\"isPk\":\"0\",\"isQuery\":\"0\",\"isRequired\":\"0\",\"javaField\":\"parentId\",\"javaType\":\"Long\",\"list\":false,\"params\":{},\"pk\":false,\"query\":false,\"queryType\":\"EQ\",\"required\":false,\"sort\":2,\"superColumn\":true,\"tableId\":4,\"usableColumn\":true},{\"capJavaField\":\"Ancestors\",\"columnComment\":\"祖级列表\",\"columnId\":31,\"columnName\":\"ancestors\",\"columnType\":\"varchar(50)\",\"dictType\":\"\",\"edit\":true,\"htmlType\":\"input\",\"increment\":false,\"insert\":false,\"isEdit\":\"1\",\"isIncrement\":\"0\",\"isInsert\":\"0\",\"isList\":\"0\",\"isPk\":\"0\",\"isQuery\":\"0\",\"isRequired\":\"0\",\"javaField\":\"ancestors\",\"javaType\":\"String\",\"list\":false,\"params\":{},\"pk\":false,\"query\":false,\"queryType\":\"EQ\",\"required\":false,\"sort\":3,\"superColumn\":true,\"tableId\":4,\"usableColumn\":false},{\"capJavaField\":\"DeptName\",\"columnComment\":\"部门名称\",\"columnId\":32,\"columnName\":\"dept_name\",\"columnType\":\"varchar(30)\",\"dictType\":\"\",\"edit\":true,\"htmlType\":\"input\",\"increment\":false,\"insert\":true,\"isEdit\":\"1\",\"isIncrement\":\"0\",\"isInsert\":\"1\",\"isList\":\"1\",\"isPk\":\"0\",\"isQuery\":\"1\",\"isRequired\":\"0\",\"javaField\":\"deptName\",\"javaType\":\"String\",\"list\":true,\"params\":{},\"pk\":false,\"query\":true,\"queryType\":\"LIKE\",\"required\":false,\"sort\":4,\"superColumn\":false,\"tableId\":4,\"usableColumn\":false},{\"capJavaField\":\"OrderNum\",\"columnComment\":\"显示顺序\",\"columnId\":33,\"c', '{\"msg\":\"操作成功\",\"code\":200}', 0, NULL, '2024-04-14 23:35:28', 1430);
INSERT INTO `sys_oper_log` VALUES (279, '代码生成', 8, 'com.ruoyi.generator.controller.GenController.batchGenCode()', 'GET', 1, 'admin', '研发部门', '/tool/gen/batchGenCode', '192.168.1.124', '内网IP', '{\"tables\":\"sys_dept\"}', NULL, 0, NULL, '2024-04-14 23:35:31', 95);
INSERT INTO `sys_oper_log` VALUES (280, '代码生成', 2, 'com.ruoyi.generator.controller.GenController.editSave()', 'PUT', 1, 'admin', '研发部门', '/tool/gen', '192.168.1.124', '内网IP', '{\"businessName\":\"dept\",\"className\":\"SysDept\",\"columns\":[{\"capJavaField\":\"DeptId\",\"columnComment\":\"部门id\",\"columnId\":29,\"columnName\":\"dept_id\",\"columnType\":\"bigint\",\"dictType\":\"\",\"edit\":false,\"htmlType\":\"input\",\"increment\":true,\"insert\":false,\"isIncrement\":\"1\",\"isInsert\":\"0\",\"isPk\":\"1\",\"isRequired\":\"0\",\"javaField\":\"deptId\",\"javaType\":\"Long\",\"list\":false,\"params\":{},\"pk\":true,\"query\":false,\"queryType\":\"EQ\",\"required\":false,\"sort\":1,\"superColumn\":false,\"tableId\":4,\"usableColumn\":false},{\"capJavaField\":\"ParentId\",\"columnComment\":\"父部门id\",\"columnId\":30,\"columnName\":\"parent_id\",\"columnType\":\"bigint\",\"dictType\":\"\",\"edit\":true,\"htmlType\":\"input\",\"increment\":false,\"insert\":false,\"isEdit\":\"1\",\"isIncrement\":\"0\",\"isInsert\":\"0\",\"isList\":\"0\",\"isPk\":\"0\",\"isQuery\":\"0\",\"isRequired\":\"0\",\"javaField\":\"parentId\",\"javaType\":\"Long\",\"list\":false,\"params\":{},\"pk\":false,\"query\":false,\"queryType\":\"EQ\",\"required\":false,\"sort\":2,\"superColumn\":true,\"tableId\":4,\"usableColumn\":true},{\"capJavaField\":\"Ancestors\",\"columnComment\":\"祖级列表\",\"columnId\":31,\"columnName\":\"ancestors\",\"columnType\":\"varchar(50)\",\"dictType\":\"\",\"edit\":true,\"htmlType\":\"input\",\"increment\":false,\"insert\":false,\"isEdit\":\"1\",\"isIncrement\":\"0\",\"isInsert\":\"0\",\"isList\":\"0\",\"isPk\":\"0\",\"isQuery\":\"0\",\"isRequired\":\"0\",\"javaField\":\"ancestors\",\"javaType\":\"String\",\"list\":false,\"params\":{},\"pk\":false,\"query\":false,\"queryType\":\"EQ\",\"required\":false,\"sort\":3,\"superColumn\":true,\"tableId\":4,\"usableColumn\":false},{\"capJavaField\":\"DeptName\",\"columnComment\":\"部门名称\",\"columnId\":32,\"columnName\":\"dept_name\",\"columnType\":\"varchar(30)\",\"dictType\":\"\",\"edit\":true,\"htmlType\":\"input\",\"increment\":false,\"insert\":true,\"isEdit\":\"1\",\"isIncrement\":\"0\",\"isInsert\":\"1\",\"isList\":\"1\",\"isPk\":\"0\",\"isQuery\":\"1\",\"isRequired\":\"0\",\"javaField\":\"deptName\",\"javaType\":\"String\",\"list\":true,\"params\":{},\"pk\":false,\"query\":true,\"queryType\":\"LIKE\",\"required\":false,\"sort\":4,\"superColumn\":false,\"tableId\":4,\"usableColumn\":false},{\"capJavaField\":\"OrderNum\",\"columnComment\":\"显示顺序\",\"columnId\":33,\"c', '{\"msg\":\"操作成功\",\"code\":200}', 0, NULL, '2024-04-14 23:37:12', 6174);
INSERT INTO `sys_oper_log` VALUES (281, '代码生成', 8, 'com.ruoyi.generator.controller.GenController.batchGenCode()', 'GET', 1, 'admin', '研发部门', '/tool/gen/batchGenCode', '192.168.1.124', '内网IP', '{\"tables\":\"sys_dept\"}', NULL, 0, NULL, '2024-04-14 23:37:17', 104);
INSERT INTO `sys_oper_log` VALUES (282, '代码生成', 2, 'com.ruoyi.generator.controller.GenController.editSave()', 'PUT', 1, 'admin', '研发部门', '/tool/gen', '192.168.1.124', '内网IP', '{\"businessName\":\"dept\",\"className\":\"SysDept\",\"columns\":[{\"capJavaField\":\"DeptId\",\"columnComment\":\"部门id\",\"columnId\":29,\"columnName\":\"dept_id\",\"columnType\":\"bigint\",\"dictType\":\"\",\"edit\":false,\"htmlType\":\"input\",\"increment\":true,\"insert\":false,\"isIncrement\":\"1\",\"isInsert\":\"0\",\"isPk\":\"1\",\"isRequired\":\"0\",\"javaField\":\"deptId\",\"javaType\":\"Long\",\"list\":false,\"params\":{},\"pk\":true,\"query\":false,\"queryType\":\"EQ\",\"required\":false,\"sort\":1,\"superColumn\":false,\"tableId\":4,\"usableColumn\":false},{\"capJavaField\":\"ParentId\",\"columnComment\":\"父部门id\",\"columnId\":30,\"columnName\":\"parent_id\",\"columnType\":\"bigint\",\"dictType\":\"\",\"edit\":true,\"htmlType\":\"input\",\"increment\":false,\"insert\":false,\"isEdit\":\"1\",\"isIncrement\":\"0\",\"isInsert\":\"0\",\"isList\":\"0\",\"isPk\":\"0\",\"isQuery\":\"0\",\"isRequired\":\"0\",\"javaField\":\"parentId\",\"javaType\":\"Long\",\"list\":false,\"params\":{},\"pk\":false,\"query\":false,\"queryType\":\"EQ\",\"required\":false,\"sort\":2,\"superColumn\":true,\"tableId\":4,\"usableColumn\":true},{\"capJavaField\":\"Ancestors\",\"columnComment\":\"祖级列表\",\"columnId\":31,\"columnName\":\"ancestors\",\"columnType\":\"varchar(50)\",\"dictType\":\"\",\"edit\":true,\"htmlType\":\"input\",\"increment\":false,\"insert\":false,\"isEdit\":\"1\",\"isIncrement\":\"0\",\"isInsert\":\"0\",\"isList\":\"0\",\"isPk\":\"0\",\"isQuery\":\"0\",\"isRequired\":\"0\",\"javaField\":\"ancestors\",\"javaType\":\"String\",\"list\":false,\"params\":{},\"pk\":false,\"query\":false,\"queryType\":\"EQ\",\"required\":false,\"sort\":3,\"superColumn\":true,\"tableId\":4,\"usableColumn\":false},{\"capJavaField\":\"DeptName\",\"columnComment\":\"部门名称\",\"columnId\":32,\"columnName\":\"dept_name\",\"columnType\":\"varchar(30)\",\"dictType\":\"\",\"edit\":true,\"htmlType\":\"input\",\"increment\":false,\"insert\":true,\"isEdit\":\"1\",\"isIncrement\":\"0\",\"isInsert\":\"1\",\"isList\":\"1\",\"isPk\":\"0\",\"isQuery\":\"1\",\"isRequired\":\"0\",\"javaField\":\"deptName\",\"javaType\":\"String\",\"list\":true,\"params\":{},\"pk\":false,\"query\":true,\"queryType\":\"LIKE\",\"required\":false,\"sort\":4,\"superColumn\":false,\"tableId\":4,\"usableColumn\":false},{\"capJavaField\":\"OrderNum\",\"columnComment\":\"显示顺序\",\"columnId\":33,\"c', '{\"msg\":\"操作成功\",\"code\":200}', 0, NULL, '2024-04-14 23:40:01', 1417);
INSERT INTO `sys_oper_log` VALUES (283, '代码生成', 8, 'com.ruoyi.generator.controller.GenController.batchGenCode()', 'GET', 1, 'admin', '研发部门', '/tool/gen/batchGenCode', '192.168.1.124', '内网IP', '{\"tables\":\"sys_dept\"}', NULL, 0, NULL, '2024-04-14 23:40:04', 68);
INSERT INTO `sys_oper_log` VALUES (284, '代码生成', 8, 'com.ruoyi.generator.controller.GenController.batchGenCode()', 'GET', 1, 'admin', '研发部门', '/tool/gen/batchGenCode', '192.168.1.124', '内网IP', '{\"tables\":\"sys_website\"}', NULL, 0, NULL, '2024-04-14 23:48:06', 96);
INSERT INTO `sys_oper_log` VALUES (285, '代码生成', 8, 'com.ruoyi.generator.controller.GenController.batchGenCode()', 'GET', 1, 'admin', '研发部门', '/tool/gen/batchGenCode', '192.168.1.124', '内网IP', '{\"tables\":\"sys_website\"}', NULL, 0, NULL, '2024-04-14 23:51:57', 65);
INSERT INTO `sys_oper_log` VALUES (286, '网页收藏', 1, 'com.ruoyi.system.controller.SysWebsiteController.add()', 'POST', 1, 'admin', '研发部门', '/system/website', '127.0.0.1', '内网IP', '{\"createTime\":\"2024-04-15 08:56:02\",\"description\":\"\",\"name\":\"测试网页\",\"params\":{},\"type\":\"image\",\"url\":\"\",\"websiteId\":0}', '{\"msg\":\"操作成功\",\"code\":200}', 0, NULL, '2024-04-15 08:55:52', 80);
INSERT INTO `sys_oper_log` VALUES (287, '网页收藏', 1, 'com.ruoyi.system.controller.SysWebsiteController.add()', 'POST', 1, 'admin', '研发部门', '/system/website', '127.0.0.1', '内网IP', '{\"createTime\":\"2024-04-15 08:56:14\",\"description\":\"123\",\"name\":\"测试\",\"params\":{},\"type\":\"design\",\"url\":\"123\",\"websiteId\":0}', '{\"msg\":\"操作成功\",\"code\":200}', 0, NULL, '2024-04-15 08:56:04', 72);
INSERT INTO `sys_oper_log` VALUES (288, '代码生成', 8, 'com.ruoyi.generator.controller.GenController.batchGenCode()', 'GET', 1, 'admin', '研发部门', '/tool/gen/batchGenCode', '127.0.0.1', '内网IP', '{\"tables\":\"sys_post\"}', NULL, 0, NULL, '2024-04-15 09:02:09', 286);
INSERT INTO `sys_oper_log` VALUES (289, '代码生成', 2, 'com.ruoyi.generator.controller.GenController.editSave()', 'PUT', 1, 'admin', '研发部门', '/tool/gen', '127.0.0.1', '内网IP', '{\"businessName\":\"post\",\"className\":\"SysPost\",\"columns\":[{\"capJavaField\":\"PostId\",\"columnComment\":\"岗位ID\",\"columnId\":154,\"columnName\":\"post_id\",\"columnType\":\"bigint\",\"dictType\":\"\",\"edit\":false,\"htmlType\":\"input\",\"increment\":true,\"insert\":false,\"isIncrement\":\"1\",\"isInsert\":\"0\",\"isPk\":\"1\",\"isRequired\":\"0\",\"javaField\":\"postId\",\"javaType\":\"Long\",\"list\":false,\"params\":{},\"pk\":true,\"query\":false,\"queryType\":\"EQ\",\"required\":false,\"sort\":1,\"superColumn\":false,\"tableId\":14,\"usableColumn\":false},{\"capJavaField\":\"PostCode\",\"columnComment\":\"岗位编码\",\"columnId\":156,\"columnName\":\"post_code\",\"columnType\":\"varchar(64)\",\"dictType\":\"\",\"edit\":true,\"htmlType\":\"input\",\"increment\":false,\"insert\":true,\"isEdit\":\"1\",\"isIncrement\":\"0\",\"isInsert\":\"1\",\"isList\":\"1\",\"isPk\":\"0\",\"isQuery\":\"1\",\"isRequired\":\"1\",\"javaField\":\"postCode\",\"javaType\":\"String\",\"list\":true,\"params\":{},\"pk\":false,\"query\":true,\"queryType\":\"EQ\",\"required\":true,\"sort\":2,\"superColumn\":false,\"tableId\":14,\"usableColumn\":false},{\"capJavaField\":\"PostName\",\"columnComment\":\"岗位名称\",\"columnId\":158,\"columnName\":\"post_name\",\"columnType\":\"varchar(50)\",\"dictType\":\"\",\"edit\":true,\"htmlType\":\"input\",\"increment\":false,\"insert\":true,\"isEdit\":\"1\",\"isIncrement\":\"0\",\"isInsert\":\"1\",\"isList\":\"1\",\"isPk\":\"0\",\"isQuery\":\"1\",\"isRequired\":\"1\",\"javaField\":\"postName\",\"javaType\":\"String\",\"list\":true,\"params\":{},\"pk\":false,\"query\":true,\"queryType\":\"LIKE\",\"required\":true,\"sort\":3,\"superColumn\":false,\"tableId\":14,\"usableColumn\":false},{\"capJavaField\":\"PostSort\",\"columnComment\":\"显示顺序\",\"columnId\":160,\"columnName\":\"post_sort\",\"columnType\":\"int\",\"dictType\":\"\",\"edit\":true,\"htmlType\":\"input\",\"increment\":false,\"insert\":true,\"isEdit\":\"1\",\"isIncrement\":\"0\",\"isInsert\":\"1\",\"isList\":\"1\",\"isPk\":\"0\",\"isQuery\":\"1\",\"isRequired\":\"1\",\"javaField\":\"postSort\",\"javaType\":\"Long\",\"list\":true,\"params\":{},\"pk\":false,\"query\":true,\"queryType\":\"EQ\",\"required\":true,\"sort\":4,\"superColumn\":false,\"tableId\":14,\"usableColumn\":false},{\"capJavaField\":\"Status\",\"columnComment\":\"状态（0正常 1停用）\",\"columnId\":162,', '{\"msg\":\"操作成功\",\"code\":200}', 0, NULL, '2024-04-15 09:04:38', 817);
INSERT INTO `sys_oper_log` VALUES (290, '代码生成', 8, 'com.ruoyi.generator.controller.GenController.batchGenCode()', 'GET', 1, 'admin', '研发部门', '/tool/gen/batchGenCode', '127.0.0.1', '内网IP', '{\"tables\":\"sys_post\"}', NULL, 0, NULL, '2024-04-15 09:04:42', 74);
INSERT INTO `sys_oper_log` VALUES (291, '代码生成', 2, 'com.ruoyi.generator.controller.GenController.editSave()', 'PUT', 1, 'admin', '研发部门', '/tool/gen', '127.0.0.1', '内网IP', '{\"businessName\":\"post\",\"className\":\"SysPost\",\"columns\":[{\"capJavaField\":\"PostId\",\"columnComment\":\"岗位ID\",\"columnId\":154,\"columnName\":\"post_id\",\"columnType\":\"bigint\",\"dictType\":\"\",\"edit\":false,\"htmlType\":\"input\",\"increment\":true,\"insert\":false,\"isIncrement\":\"1\",\"isInsert\":\"0\",\"isPk\":\"1\",\"isRequired\":\"0\",\"javaField\":\"postId\",\"javaType\":\"Long\",\"list\":false,\"params\":{},\"pk\":true,\"query\":false,\"queryType\":\"EQ\",\"required\":false,\"sort\":1,\"superColumn\":false,\"tableId\":14,\"usableColumn\":false},{\"capJavaField\":\"PostCode\",\"columnComment\":\"岗位编码\",\"columnId\":156,\"columnName\":\"post_code\",\"columnType\":\"varchar(64)\",\"dictType\":\"\",\"edit\":true,\"htmlType\":\"input\",\"increment\":false,\"insert\":true,\"isEdit\":\"1\",\"isIncrement\":\"0\",\"isInsert\":\"1\",\"isList\":\"1\",\"isPk\":\"0\",\"isQuery\":\"1\",\"isRequired\":\"1\",\"javaField\":\"postCode\",\"javaType\":\"String\",\"list\":true,\"params\":{},\"pk\":false,\"query\":true,\"queryType\":\"EQ\",\"required\":true,\"sort\":2,\"superColumn\":false,\"tableId\":14,\"usableColumn\":false},{\"capJavaField\":\"PostName\",\"columnComment\":\"岗位名称\",\"columnId\":158,\"columnName\":\"post_name\",\"columnType\":\"varchar(50)\",\"dictType\":\"\",\"edit\":true,\"htmlType\":\"input\",\"increment\":false,\"insert\":true,\"isEdit\":\"1\",\"isIncrement\":\"0\",\"isInsert\":\"1\",\"isList\":\"1\",\"isPk\":\"0\",\"isQuery\":\"1\",\"isRequired\":\"1\",\"javaField\":\"postName\",\"javaType\":\"String\",\"list\":true,\"params\":{},\"pk\":false,\"query\":true,\"queryType\":\"LIKE\",\"required\":true,\"sort\":3,\"superColumn\":false,\"tableId\":14,\"usableColumn\":false},{\"capJavaField\":\"PostSort\",\"columnComment\":\"显示顺序\",\"columnId\":160,\"columnName\":\"post_sort\",\"columnType\":\"int\",\"dictType\":\"\",\"edit\":true,\"htmlType\":\"input\",\"increment\":false,\"insert\":true,\"isEdit\":\"1\",\"isIncrement\":\"0\",\"isInsert\":\"1\",\"isList\":\"1\",\"isPk\":\"0\",\"isQuery\":\"1\",\"isRequired\":\"1\",\"javaField\":\"postSort\",\"javaType\":\"Long\",\"list\":true,\"params\":{},\"pk\":false,\"query\":true,\"queryType\":\"EQ\",\"required\":true,\"sort\":4,\"superColumn\":false,\"tableId\":14,\"usableColumn\":false},{\"capJavaField\":\"Status\",\"columnComment\":\"状态\",\"columnId\":162,\"columnNa', '{\"msg\":\"操作成功\",\"code\":200}', 0, NULL, '2024-04-15 09:05:51', 755);
INSERT INTO `sys_oper_log` VALUES (292, '代码生成', 8, 'com.ruoyi.generator.controller.GenController.batchGenCode()', 'GET', 1, 'admin', '研发部门', '/tool/gen/batchGenCode', '127.0.0.1', '内网IP', '{\"tables\":\"sys_dept\"}', NULL, 0, NULL, '2024-04-15 09:05:57', 87);
INSERT INTO `sys_oper_log` VALUES (293, '代码生成', 8, 'com.ruoyi.generator.controller.GenController.batchGenCode()', 'GET', 1, 'admin', '研发部门', '/tool/gen/batchGenCode', '127.0.0.1', '内网IP', '{\"tables\":\"sys_post\"}', NULL, 0, NULL, '2024-04-15 09:06:32', 63);
INSERT INTO `sys_oper_log` VALUES (294, '代码生成', 8, 'com.ruoyi.generator.controller.GenController.batchGenCode()', 'GET', 1, 'admin', '研发部门', '/tool/gen/batchGenCode', '127.0.0.1', '内网IP', '{\"tables\":\"sys_post\"}', NULL, 0, NULL, '2024-04-15 09:08:59', 56);
INSERT INTO `sys_oper_log` VALUES (295, '代码生成', 2, 'com.ruoyi.generator.controller.GenController.editSave()', 'PUT', 1, 'admin', '研发部门', '/tool/gen', '127.0.0.1', '内网IP', '{\"businessName\":\"dept\",\"className\":\"SysDept\",\"columns\":[{\"capJavaField\":\"DeptId\",\"columnComment\":\"部门id\",\"columnId\":29,\"columnName\":\"dept_id\",\"columnType\":\"bigint\",\"dictType\":\"\",\"edit\":false,\"htmlType\":\"input\",\"increment\":true,\"insert\":false,\"isIncrement\":\"1\",\"isInsert\":\"0\",\"isPk\":\"1\",\"isRequired\":\"0\",\"javaField\":\"deptId\",\"javaType\":\"Long\",\"list\":false,\"params\":{},\"pk\":true,\"query\":false,\"queryType\":\"EQ\",\"required\":false,\"sort\":1,\"superColumn\":false,\"tableId\":4,\"usableColumn\":false},{\"capJavaField\":\"ParentId\",\"columnComment\":\"父部门id\",\"columnId\":30,\"columnName\":\"parent_id\",\"columnType\":\"bigint\",\"dictType\":\"\",\"edit\":true,\"htmlType\":\"input\",\"increment\":false,\"insert\":false,\"isEdit\":\"1\",\"isIncrement\":\"0\",\"isInsert\":\"0\",\"isList\":\"0\",\"isPk\":\"0\",\"isQuery\":\"0\",\"isRequired\":\"0\",\"javaField\":\"parentId\",\"javaType\":\"Long\",\"list\":false,\"params\":{},\"pk\":false,\"query\":false,\"queryType\":\"EQ\",\"required\":false,\"sort\":2,\"superColumn\":true,\"tableId\":4,\"usableColumn\":true},{\"capJavaField\":\"Ancestors\",\"columnComment\":\"祖级列表\",\"columnId\":31,\"columnName\":\"ancestors\",\"columnType\":\"varchar(50)\",\"dictType\":\"\",\"edit\":true,\"htmlType\":\"input\",\"increment\":false,\"insert\":false,\"isEdit\":\"1\",\"isIncrement\":\"0\",\"isInsert\":\"0\",\"isList\":\"0\",\"isPk\":\"0\",\"isQuery\":\"0\",\"isRequired\":\"0\",\"javaField\":\"ancestors\",\"javaType\":\"String\",\"list\":false,\"params\":{},\"pk\":false,\"query\":false,\"queryType\":\"EQ\",\"required\":false,\"sort\":3,\"superColumn\":true,\"tableId\":4,\"usableColumn\":false},{\"capJavaField\":\"DeptName\",\"columnComment\":\"部门名称\",\"columnId\":32,\"columnName\":\"dept_name\",\"columnType\":\"varchar(30)\",\"dictType\":\"\",\"edit\":true,\"htmlType\":\"input\",\"increment\":false,\"insert\":true,\"isEdit\":\"1\",\"isIncrement\":\"0\",\"isInsert\":\"1\",\"isList\":\"1\",\"isPk\":\"0\",\"isQuery\":\"1\",\"isRequired\":\"0\",\"javaField\":\"deptName\",\"javaType\":\"String\",\"list\":true,\"params\":{},\"pk\":false,\"query\":true,\"queryType\":\"LIKE\",\"required\":false,\"sort\":4,\"superColumn\":false,\"tableId\":4,\"usableColumn\":false},{\"capJavaField\":\"OrderNum\",\"columnComment\":\"显示顺序\",\"columnId\":33,\"c', '{\"msg\":\"操作成功\",\"code\":200}', 0, NULL, '2024-04-15 09:27:52', 1084);
INSERT INTO `sys_oper_log` VALUES (296, '代码生成', 8, 'com.ruoyi.generator.controller.GenController.batchGenCode()', 'GET', 1, 'admin', '研发部门', '/tool/gen/batchGenCode', '127.0.0.1', '内网IP', '{\"tables\":\"sys_dept\"}', NULL, 0, NULL, '2024-04-15 09:27:55', 180);
INSERT INTO `sys_oper_log` VALUES (297, '代码生成', 2, 'com.ruoyi.generator.controller.GenController.editSave()', 'PUT', 1, 'admin', '研发部门', '/tool/gen', '127.0.0.1', '内网IP', '{\"businessName\":\"dept\",\"className\":\"SysDept\",\"columns\":[{\"capJavaField\":\"DeptId\",\"columnComment\":\"部门id\",\"columnId\":29,\"columnName\":\"dept_id\",\"columnType\":\"bigint\",\"dictType\":\"\",\"edit\":false,\"htmlType\":\"input\",\"increment\":true,\"insert\":false,\"isIncrement\":\"1\",\"isInsert\":\"0\",\"isPk\":\"1\",\"isRequired\":\"0\",\"javaField\":\"deptId\",\"javaType\":\"Long\",\"list\":false,\"params\":{},\"pk\":true,\"query\":false,\"queryType\":\"EQ\",\"required\":false,\"sort\":1,\"superColumn\":false,\"tableId\":4,\"usableColumn\":false},{\"capJavaField\":\"ParentId\",\"columnComment\":\"父部门id\",\"columnId\":30,\"columnName\":\"parent_id\",\"columnType\":\"bigint\",\"dictType\":\"\",\"edit\":true,\"htmlType\":\"input\",\"increment\":false,\"insert\":false,\"isEdit\":\"1\",\"isIncrement\":\"0\",\"isInsert\":\"0\",\"isList\":\"0\",\"isPk\":\"0\",\"isQuery\":\"0\",\"isRequired\":\"0\",\"javaField\":\"parentId\",\"javaType\":\"Long\",\"list\":false,\"params\":{},\"pk\":false,\"query\":false,\"queryType\":\"EQ\",\"required\":false,\"sort\":2,\"superColumn\":true,\"tableId\":4,\"usableColumn\":true},{\"capJavaField\":\"Ancestors\",\"columnComment\":\"祖级列表\",\"columnId\":31,\"columnName\":\"ancestors\",\"columnType\":\"varchar(50)\",\"dictType\":\"\",\"edit\":true,\"htmlType\":\"input\",\"increment\":false,\"insert\":false,\"isEdit\":\"1\",\"isIncrement\":\"0\",\"isInsert\":\"0\",\"isList\":\"0\",\"isPk\":\"0\",\"isQuery\":\"0\",\"isRequired\":\"0\",\"javaField\":\"ancestors\",\"javaType\":\"String\",\"list\":false,\"params\":{},\"pk\":false,\"query\":false,\"queryType\":\"EQ\",\"required\":false,\"sort\":3,\"superColumn\":true,\"tableId\":4,\"usableColumn\":false},{\"capJavaField\":\"DeptName\",\"columnComment\":\"部门名称\",\"columnId\":32,\"columnName\":\"dept_name\",\"columnType\":\"varchar(30)\",\"dictType\":\"\",\"edit\":true,\"htmlType\":\"input\",\"increment\":false,\"insert\":true,\"isEdit\":\"1\",\"isIncrement\":\"0\",\"isInsert\":\"1\",\"isList\":\"1\",\"isPk\":\"0\",\"isQuery\":\"1\",\"isRequired\":\"0\",\"javaField\":\"deptName\",\"javaType\":\"String\",\"list\":true,\"params\":{},\"pk\":false,\"query\":true,\"queryType\":\"LIKE\",\"required\":false,\"sort\":4,\"superColumn\":false,\"tableId\":4,\"usableColumn\":false},{\"capJavaField\":\"OrderNum\",\"columnComment\":\"显示顺序\",\"columnId\":33,\"c', '{\"msg\":\"操作成功\",\"code\":200}', 0, NULL, '2024-04-15 09:34:08', 994);
INSERT INTO `sys_oper_log` VALUES (298, '部门管理', 3, 'com.ruoyi.web.controller.system.SysDeptController.remove()', 'DELETE', 1, 'admin', '研发部门', '/system/dept/109', '127.0.0.1', '内网IP', '{}', '{\"msg\":\"操作成功\",\"code\":200}', 0, NULL, '2024-04-15 09:44:43', 136);
INSERT INTO `sys_oper_log` VALUES (299, '部门管理', 3, 'com.ruoyi.web.controller.system.SysDeptController.remove()', 'DELETE', 1, 'admin', '研发部门', '/system/dept/108', '127.0.0.1', '内网IP', '{}', '{\"msg\":\"操作成功\",\"code\":200}', 0, NULL, '2024-04-15 09:44:46', 130);
INSERT INTO `sys_oper_log` VALUES (300, '部门管理', 3, 'com.ruoyi.web.controller.system.SysDeptController.remove()', 'DELETE', 1, 'admin', '研发部门', '/system/dept/102', '127.0.0.1', '内网IP', '{}', '{\"msg\":\"操作成功\",\"code\":200}', 0, NULL, '2024-04-15 09:44:48', 135);
INSERT INTO `sys_oper_log` VALUES (301, '部门管理', 3, 'com.ruoyi.web.controller.system.SysDeptController.remove()', 'DELETE', 1, 'admin', '研发部门', '/system/dept/107', '127.0.0.1', '内网IP', '{}', '{\"msg\":\"操作成功\",\"code\":200}', 0, NULL, '2024-04-15 09:44:50', 130);
INSERT INTO `sys_oper_log` VALUES (302, '部门管理', 3, 'com.ruoyi.web.controller.system.SysDeptController.remove()', 'DELETE', 1, 'admin', '研发部门', '/system/dept/106', '127.0.0.1', '内网IP', '{}', '{\"msg\":\"操作成功\",\"code\":200}', 0, NULL, '2024-04-15 09:44:51', 131);
INSERT INTO `sys_oper_log` VALUES (303, '部门管理', 3, 'com.ruoyi.web.controller.system.SysDeptController.remove()', 'DELETE', 1, 'admin', '研发部门', '/system/dept/105', '127.0.0.1', '内网IP', '{}', '{\"msg\":\"操作成功\",\"code\":200}', 0, NULL, '2024-04-15 09:44:53', 130);
INSERT INTO `sys_oper_log` VALUES (304, '部门管理', 3, 'com.ruoyi.web.controller.system.SysDeptController.remove()', 'DELETE', 1, 'admin', '研发部门', '/system/dept/104', '127.0.0.1', '内网IP', '{}', '{\"msg\":\"操作成功\",\"code\":200}', 0, NULL, '2024-04-15 09:44:55', 129);
INSERT INTO `sys_oper_log` VALUES (305, '部门管理', 3, 'com.ruoyi.web.controller.system.SysDeptController.remove()', 'DELETE', 1, 'admin', '研发部门', '/system/dept/103', '127.0.0.1', '内网IP', '{}', '{\"msg\":\"部门存在用户,不允许删除\",\"code\":601}', 0, NULL, '2024-04-15 09:45:02', 66);
INSERT INTO `sys_oper_log` VALUES (306, '用户管理', 2, 'com.ruoyi.web.controller.system.SysUserController.edit()', 'PUT', 1, 'admin', '研发部门', '/system/user', '127.0.0.1', '内网IP', '{\"admin\":true,\"avatar\":\"/profile/avatar/2024/04/10/nodejs_20240410182957A001.jpg\",\"createBy\":\"admin\",\"createTime\":\"2024-04-10 15:08:49\",\"delFlag\":\"0\",\"dept\":{\"ancestors\":\"0,100,101\",\"children\":[],\"deptId\":103,\"deptName\":\"研发部门\",\"leader\":\"若依\",\"orderNum\":1,\"params\":{},\"parentId\":101,\"status\":\"0\"},\"deptId\":100,\"email\":\"visitor@163.com\",\"loginDate\":\"2024-04-15 08:54:11\",\"loginIp\":\"127.0.0.1\",\"nickName\":\"超级管理员\",\"params\":{},\"phonenumber\":\"15888888888\",\"postIds\":[1],\"remark\":\"管理员\",\"roleIds\":[1],\"roles\":[{\"admin\":true,\"dataScope\":\"1\",\"deptCheckStrictly\":false,\"flag\":false,\"menuCheckStrictly\":false,\"params\":{},\"roleId\":1,\"roleKey\":\"admin\",\"roleName\":\"超级管理员\",\"roleSort\":1,\"status\":\"0\"}],\"sex\":\"1\",\"status\":\"0\",\"userId\":1,\"userName\":\"admin\"}', NULL, 1, '不允许操作超级管理员用户', '2024-04-15 09:45:21', 1);
INSERT INTO `sys_oper_log` VALUES (307, '用户管理', 2, 'com.ruoyi.web.controller.system.SysUserController.edit()', 'PUT', 1, 'admin', '研发部门', '/system/user', '127.0.0.1', '内网IP', '{\"admin\":false,\"avatar\":\"\",\"createBy\":\"admin\",\"createTime\":\"2024-04-10 19:03:08\",\"delFlag\":\"0\",\"dept\":{\"ancestors\":\"0,100\",\"children\":[],\"deptId\":200,\"deptName\":\"访客\",\"leader\":\"Win\",\"orderNum\":0,\"params\":{},\"parentId\":100,\"status\":\"0\"},\"deptId\":200,\"email\":\"11111111111@123.com\",\"loginDate\":\"2024-04-11 22:07:46\",\"loginIp\":\"127.0.0.1\",\"nickName\":\"Annis\",\"params\":{},\"phonenumber\":\"11111111111\",\"postIds\":[1],\"remark\":\"小爱同学\",\"roleIds\":[100],\"roles\":[{\"admin\":false,\"dataScope\":\"3\",\"deptCheckStrictly\":false,\"flag\":false,\"menuCheckStrictly\":false,\"params\":{},\"roleId\":100,\"roleKey\":\"visitor\",\"roleName\":\"访客\",\"roleSort\":3,\"status\":\"0\"}],\"sex\":\"1\",\"status\":\"0\",\"updateBy\":\"admin\",\"userId\":100,\"userName\":\"Annis\"}', '{\"msg\":\"操作成功\",\"code\":200}', 0, NULL, '2024-04-15 09:45:52', 524);
INSERT INTO `sys_oper_log` VALUES (308, '用户管理', 2, 'com.ruoyi.web.controller.system.SysUserController.resetPwd()', 'PUT', 1, 'admin', '研发部门', '/system/user/resetPwd', '127.0.0.1', '内网IP', '{\"admin\":false,\"params\":{},\"updateBy\":\"admin\"}', '{\"msg\":\"操作失败\",\"code\":500}', 0, NULL, '2024-04-15 10:02:09', 117);
INSERT INTO `sys_oper_log` VALUES (309, '用户管理', 2, 'com.ruoyi.web.controller.system.SysUserController.resetPwd()', 'PUT', 1, 'admin', '研发部门', '/system/user/resetPwd', '127.0.0.1', '内网IP', '{\"admin\":false,\"params\":{},\"updateBy\":\"admin\"}', '{\"msg\":\"操作失败\",\"code\":500}', 0, NULL, '2024-04-15 10:02:17', 113);
INSERT INTO `sys_oper_log` VALUES (310, '用户管理', 2, 'com.ruoyi.web.controller.system.SysUserController.resetPwd()', 'PUT', 1, 'admin', '研发部门', '/system/user/resetPwd', '127.0.0.1', '内网IP', '{\"admin\":false,\"params\":{},\"updateBy\":\"admin\"}', '{\"msg\":\"操作失败\",\"code\":500}', 0, NULL, '2024-04-15 10:02:21', 116);
INSERT INTO `sys_oper_log` VALUES (311, '用户管理', 2, 'com.ruoyi.web.controller.system.SysUserController.resetPwd()', 'PUT', 1, 'admin', '研发部门', '/system/user/resetPwd', '127.0.0.1', '内网IP', '{\"admin\":false,\"params\":{},\"updateBy\":\"admin\"}', '{\"msg\":\"操作失败\",\"code\":500}', 0, NULL, '2024-04-15 10:02:31', 118);
INSERT INTO `sys_oper_log` VALUES (312, '用户管理', 2, 'com.ruoyi.web.controller.system.SysUserController.resetPwd()', 'PUT', 1, 'admin', '研发部门', '/system/user/resetPwd', '127.0.0.1', '内网IP', '{\"admin\":false,\"params\":{},\"updateBy\":\"admin\"}', '{\"msg\":\"操作失败\",\"code\":500}', 0, NULL, '2024-04-15 10:02:44', 117);
INSERT INTO `sys_oper_log` VALUES (313, '用户管理', 2, 'com.ruoyi.web.controller.system.SysUserController.resetPwd()', 'PUT', 1, 'admin', '研发部门', '/system/user/resetPwd', '127.0.0.1', '内网IP', '{\"admin\":false,\"params\":{},\"updateBy\":\"admin\",\"userId\":104}', '{\"msg\":\"操作成功\",\"code\":200}', 0, NULL, '2024-04-15 10:18:34', 198);
INSERT INTO `sys_oper_log` VALUES (314, '角色管理', 2, 'com.ruoyi.web.controller.system.SysRoleController.edit()', 'PUT', 1, 'admin', '研发部门', '/system/role', '127.0.0.1', '内网IP', '{\"admin\":false,\"createTime\":\"2024-04-10 20:31:02\",\"dataScope\":\"3\",\"delFlag\":\"0\",\"deptCheckStrictly\":false,\"flag\":false,\"menuCheckStrictly\":false,\"menuIds\":[1,2069,107,1035,2070],\"params\":{},\"remark\":\"访客，只能访问公开的数据\",\"roleId\":100,\"roleKey\":\"visitor\",\"roleName\":\"访客\",\"roleSort\":3,\"status\":\"0\",\"updateBy\":\"admin\"}', '{\"msg\":\"操作成功\",\"code\":200}', 0, NULL, '2024-04-15 10:22:53', 349);
INSERT INTO `sys_oper_log` VALUES (315, '代码生成', 2, 'com.ruoyi.generator.controller.GenController.editSave()', 'PUT', 1, 'admin', '研发部门', '/tool/gen', '127.0.0.1', '内网IP', '{\"businessName\":\"notice\",\"className\":\"SysNotice\",\"columns\":[{\"capJavaField\":\"NoticeId\",\"columnComment\":\"公告ID\",\"columnId\":19,\"columnName\":\"notice_id\",\"columnType\":\"int\",\"dictType\":\"\",\"edit\":false,\"htmlType\":\"input\",\"increment\":true,\"insert\":false,\"isIncrement\":\"1\",\"isInsert\":\"0\",\"isPk\":\"1\",\"isRequired\":\"0\",\"javaField\":\"noticeId\",\"javaType\":\"Long\",\"list\":false,\"params\":{},\"pk\":true,\"query\":false,\"queryType\":\"EQ\",\"required\":false,\"sort\":1,\"superColumn\":false,\"tableId\":3,\"usableColumn\":false},{\"capJavaField\":\"NoticeTitle\",\"columnComment\":\"公告标题\",\"columnId\":20,\"columnName\":\"notice_title\",\"columnType\":\"varchar(50)\",\"dictType\":\"\",\"edit\":true,\"htmlType\":\"input\",\"increment\":false,\"insert\":true,\"isEdit\":\"1\",\"isIncrement\":\"0\",\"isInsert\":\"1\",\"isList\":\"1\",\"isPk\":\"0\",\"isQuery\":\"1\",\"isRequired\":\"1\",\"javaField\":\"noticeTitle\",\"javaType\":\"String\",\"list\":true,\"params\":{},\"pk\":false,\"query\":true,\"queryType\":\"EQ\",\"required\":true,\"sort\":2,\"superColumn\":false,\"tableId\":3,\"usableColumn\":false},{\"capJavaField\":\"NoticeType\",\"columnComment\":\"公告类型（1通知 2公告）\",\"columnId\":21,\"columnName\":\"notice_type\",\"columnType\":\"char(1)\",\"dictType\":\"sys_notice_type\",\"edit\":true,\"htmlType\":\"select\",\"increment\":false,\"insert\":true,\"isEdit\":\"1\",\"isIncrement\":\"0\",\"isInsert\":\"1\",\"isList\":\"1\",\"isPk\":\"0\",\"isQuery\":\"1\",\"isRequired\":\"1\",\"javaField\":\"noticeType\",\"javaType\":\"String\",\"list\":true,\"params\":{},\"pk\":false,\"query\":true,\"queryType\":\"EQ\",\"required\":true,\"sort\":3,\"superColumn\":false,\"tableId\":3,\"usableColumn\":false},{\"capJavaField\":\"NoticeContent\",\"columnComment\":\"公告内容\",\"columnId\":22,\"columnName\":\"notice_content\",\"columnType\":\"longblob\",\"dictType\":\"\",\"edit\":true,\"htmlType\":\"editor\",\"increment\":false,\"insert\":true,\"isEdit\":\"1\",\"isIncrement\":\"0\",\"isInsert\":\"1\",\"isList\":\"1\",\"isPk\":\"0\",\"isQuery\":\"0\",\"isRequired\":\"1\",\"javaField\":\"noticeContent\",\"javaType\":\"String\",\"list\":true,\"params\":{},\"pk\":false,\"query\":false,\"queryType\":\"EQ\",\"required\":true,\"sort\":4,\"superColumn\":false,\"tableId\":3,\"usableColumn\":false},{\"capJavaFiel', '{\"msg\":\"操作成功\",\"code\":200}', 0, NULL, '2024-04-15 10:23:52', 719);
INSERT INTO `sys_oper_log` VALUES (316, '代码生成', 8, 'com.ruoyi.generator.controller.GenController.batchGenCode()', 'GET', 1, 'admin', '研发部门', '/tool/gen/batchGenCode', '127.0.0.1', '内网IP', '{\"tables\":\"sys_notice\"}', NULL, 0, NULL, '2024-04-15 10:23:54', 214);
INSERT INTO `sys_oper_log` VALUES (317, '通知公告', 1, 'com.ruoyi.web.controller.system.SysNoticeController.add()', 'POST', 1, 'sadfasd', NULL, '/system/notice', '127.0.0.1', '内网IP', '{\"createBy\":\"sadfasd\",\"noticeContent\":\"<p>test</p>\",\"noticeId\":0,\"noticeTitle\":\"tes\",\"noticeType\":\"1\",\"params\":{},\"remark\":\"\",\"status\":\"\",\"updateBy\":\"\"}', '{\"msg\":\"操作成功\",\"code\":200}', 0, NULL, '2024-04-15 10:26:36', 77);
INSERT INTO `sys_oper_log` VALUES (318, '通知公告', 3, 'com.ruoyi.web.controller.system.SysNoticeController.remove()', 'DELETE', 1, 'sadfasd', NULL, '/system/notice/14', '127.0.0.1', '内网IP', '{}', '{\"msg\":\"操作成功\",\"code\":200}', 0, NULL, '2024-04-15 10:26:42', 73);
INSERT INTO `sys_oper_log` VALUES (319, '角色管理', 2, 'com.ruoyi.web.controller.system.SysRoleController.edit()', 'PUT', 1, 'admin', '研发部门', '/system/role', '127.0.0.1', '内网IP', '{\"admin\":false,\"createTime\":\"2024-04-10 20:31:02\",\"dataScope\":\"3\",\"delFlag\":\"0\",\"deptCheckStrictly\":false,\"flag\":false,\"menuCheckStrictly\":false,\"menuIds\":[1,2069,107,1035,2070],\"params\":{},\"remark\":\"访客，只能访问公开的数据\",\"roleId\":100,\"roleKey\":\"visitor\",\"roleName\":\"访客\",\"roleSort\":3,\"status\":\"0\",\"updateBy\":\"admin\"}', '{\"msg\":\"操作成功\",\"code\":200}', 0, NULL, '2024-04-15 10:27:10', 342);
INSERT INTO `sys_oper_log` VALUES (320, '通知公告', 1, 'com.ruoyi.web.controller.system.SysNoticeController.add()', 'POST', 1, 'sadfasd', NULL, '/system/notice', '127.0.0.1', '内网IP', '{\"createBy\":\"sadfasd\",\"noticeContent\":\"<p>test</p>\",\"noticeId\":0,\"noticeTitle\":\"test\",\"noticeType\":\"1\",\"params\":{},\"remark\":\"\",\"status\":\"\",\"updateBy\":\"\"}', '{\"msg\":\"操作成功\",\"code\":200}', 0, NULL, '2024-04-15 10:27:21', 65);
INSERT INTO `sys_oper_log` VALUES (321, '代码生成', 8, 'com.ruoyi.generator.controller.GenController.batchGenCode()', 'GET', 1, 'admin', '研发部门', '/tool/gen/batchGenCode', '127.0.0.1', '内网IP', '{\"tables\":\"sys_notice\"}', NULL, 0, NULL, '2024-04-15 10:33:35', 64);
INSERT INTO `sys_oper_log` VALUES (322, '网页收藏', 5, 'com.ruoyi.system.controller.SysWebsiteController.export()', 'POST', 1, 'admin', '研发部门', '/system/website/export', '127.0.0.1', '内网IP', '{\"params\":{}}', NULL, 0, NULL, '2024-04-15 11:16:25', 1022);
INSERT INTO `sys_oper_log` VALUES (323, '网页收藏', 5, 'com.ruoyi.system.controller.SysWebsiteController.export()', 'POST', 1, 'admin', '研发部门', '/system/website/export', '127.0.0.1', '内网IP', '{\"params\":{}}', NULL, 0, NULL, '2024-04-15 11:17:21', 102);
INSERT INTO `sys_oper_log` VALUES (324, '网页收藏', 5, 'com.ruoyi.system.controller.SysWebsiteController.export()', 'POST', 1, 'admin', '研发部门', '/system/website/export', '127.0.0.1', '内网IP', '{\"params\":{}}', NULL, 0, NULL, '2024-04-15 11:17:43', 71);
INSERT INTO `sys_oper_log` VALUES (325, '网页收藏', 5, 'com.ruoyi.system.controller.SysWebsiteController.export()', 'POST', 1, 'admin', '研发部门', '/system/website/export', '127.0.0.1', '内网IP', '{\"params\":{}}', NULL, 0, NULL, '2024-04-15 11:18:12', 64);
INSERT INTO `sys_oper_log` VALUES (326, '网页收藏', 5, 'com.ruoyi.system.controller.SysWebsiteController.export()', 'POST', 1, 'admin', '研发部门', '/system/website/export', '127.0.0.1', '内网IP', '{\"params\":{}}', NULL, 0, NULL, '2024-04-15 11:18:26', 64);
INSERT INTO `sys_oper_log` VALUES (327, '网页收藏', 5, 'com.ruoyi.system.controller.SysWebsiteController.export()', 'POST', 1, 'admin', '研发部门', '/system/website/export', '127.0.0.1', '内网IP', '{\"params\":{}}', NULL, 0, NULL, '2024-04-15 11:18:38', 71);
INSERT INTO `sys_oper_log` VALUES (328, '网页收藏', 5, 'com.ruoyi.system.controller.SysWebsiteController.export()', 'POST', 1, 'admin', '研发部门', '/system/website/export', '127.0.0.1', '内网IP', '{\"params\":{}}', NULL, 0, NULL, '2024-04-15 11:19:12', 83);
INSERT INTO `sys_oper_log` VALUES (329, '网页收藏', 5, 'com.ruoyi.system.controller.SysWebsiteController.export()', 'POST', 1, 'admin', '研发部门', '/system/website/export', '127.0.0.1', '内网IP', '{\"params\":{}}', NULL, 0, NULL, '2024-04-15 11:19:22', 57);
INSERT INTO `sys_oper_log` VALUES (330, '网页收藏', 5, 'com.ruoyi.system.controller.SysWebsiteController.export()', 'POST', 1, 'admin', '研发部门', '/system/website/export', '127.0.0.1', '内网IP', '{\"params\":{}}', NULL, 0, NULL, '2024-04-15 11:20:38', 52);
INSERT INTO `sys_oper_log` VALUES (331, '网页收藏', 5, 'com.ruoyi.system.controller.SysWebsiteController.export()', 'POST', 1, 'admin', '研发部门', '/system/website/export', '127.0.0.1', '内网IP', '{\"params\":{}}', NULL, 0, NULL, '2024-04-15 11:21:54', 62);
INSERT INTO `sys_oper_log` VALUES (332, '网页收藏', 5, 'com.ruoyi.system.controller.SysWebsiteController.export()', 'POST', 1, 'admin', '研发部门', '/system/website/export', '127.0.0.1', '内网IP', '{\"params\":{}}', NULL, 0, NULL, '2024-04-15 11:22:21', 55);
INSERT INTO `sys_oper_log` VALUES (333, '网页收藏', 5, 'com.ruoyi.system.controller.SysWebsiteController.export()', 'POST', 1, 'admin', '研发部门', '/system/website/export', '127.0.0.1', '内网IP', '{\"params\":{}}', NULL, 0, NULL, '2024-04-15 11:22:32', 52);
INSERT INTO `sys_oper_log` VALUES (334, '网页收藏', 5, 'com.ruoyi.system.controller.SysWebsiteController.export()', 'POST', 1, 'admin', '研发部门', '/system/website/export', '127.0.0.1', '内网IP', '{\"params\":{}}', NULL, 0, NULL, '2024-04-15 11:23:19', 56);
INSERT INTO `sys_oper_log` VALUES (335, '网页收藏', 5, 'com.ruoyi.system.controller.SysWebsiteController.export()', 'POST', 1, 'admin', '研发部门', '/system/website/export', '127.0.0.1', '内网IP', '{\"params\":{}}', NULL, 0, NULL, '2024-04-15 11:24:33', 57);
INSERT INTO `sys_oper_log` VALUES (336, '网页收藏', 5, 'com.ruoyi.system.controller.SysWebsiteController.export()', 'POST', 1, 'admin', '研发部门', '/system/website/export', '127.0.0.1', '内网IP', '{\"pageSize\":\"10\",\"pageNum\":\"1\"}', NULL, 0, NULL, '2024-04-15 11:25:46', 57);
INSERT INTO `sys_oper_log` VALUES (337, '网页收藏', 5, 'com.ruoyi.system.controller.SysWebsiteController.export()', 'POST', 1, 'admin', '研发部门', '/system/website/export', '127.0.0.1', '内网IP', '{\"pageSize\":\"10\",\"pageNum\":\"1\"}', NULL, 0, NULL, '2024-04-15 11:26:01', 78);
INSERT INTO `sys_oper_log` VALUES (338, '网页收藏', 5, 'com.ruoyi.system.controller.SysWebsiteController.export()', 'POST', 1, 'admin', '研发部门', '/system/website/export', '127.0.0.1', '内网IP', '{\"pageSize\":\"10\",\"pageNum\":\"1\"}', NULL, 0, NULL, '2024-04-15 11:27:37', 69);
INSERT INTO `sys_oper_log` VALUES (339, '网页收藏', 5, 'com.ruoyi.system.controller.SysWebsiteController.export()', 'POST', 1, 'admin', '研发部门', '/system/website/export', '127.0.0.1', '内网IP', '{\"params\":{}}', NULL, 0, NULL, '2024-04-15 11:31:39', 50);
INSERT INTO `sys_oper_log` VALUES (340, '网页收藏', 5, 'com.ruoyi.system.controller.SysWebsiteController.export()', 'POST', 1, 'admin', '研发部门', '/system/website/export', '127.0.0.1', '内网IP', '{\"params\":{}}', NULL, 0, NULL, '2024-04-15 11:32:08', 67);
INSERT INTO `sys_oper_log` VALUES (341, '网页收藏', 5, 'com.ruoyi.system.controller.SysWebsiteController.export()', 'POST', 1, 'admin', '研发部门', '/system/website/export', '127.0.0.1', '内网IP', '{\"params\":{}}', NULL, 0, NULL, '2024-04-15 11:32:32', 73);
INSERT INTO `sys_oper_log` VALUES (342, '网页收藏', 5, 'com.ruoyi.system.controller.SysWebsiteController.export()', 'POST', 1, 'admin', '研发部门', '/system/website/export', '127.0.0.1', '内网IP', '{\"params\":{}}', NULL, 0, NULL, '2024-04-15 11:33:33', 50);

-- ----------------------------
-- Table structure for sys_post
-- ----------------------------
DROP TABLE IF EXISTS `sys_post`;
CREATE TABLE `sys_post`  (
  `post_id` bigint NOT NULL AUTO_INCREMENT COMMENT '岗位ID',
  `post_code` varchar(64) CHARACTER SET utf8mb4 COLLATE utf8mb4_general_ci NOT NULL COMMENT '岗位编码',
  `post_name` varchar(50) CHARACTER SET utf8mb4 COLLATE utf8mb4_general_ci NOT NULL COMMENT '岗位名称',
  `post_sort` int NOT NULL COMMENT '显示顺序',
  `status` char(1) CHARACTER SET utf8mb4 COLLATE utf8mb4_general_ci NOT NULL COMMENT '状态（0正常 1停用）',
  `create_by` varchar(64) CHARACTER SET utf8mb4 COLLATE utf8mb4_general_ci NULL DEFAULT '' COMMENT '创建者',
  `create_time` datetime NULL DEFAULT NULL COMMENT '创建时间',
  `update_by` varchar(64) CHARACTER SET utf8mb4 COLLATE utf8mb4_general_ci NULL DEFAULT '' COMMENT '更新者',
  `update_time` datetime NULL DEFAULT NULL COMMENT '更新时间',
  `remark` varchar(500) CHARACTER SET utf8mb4 COLLATE utf8mb4_general_ci NULL DEFAULT NULL COMMENT '备注',
  PRIMARY KEY (`post_id`) USING BTREE
) ENGINE = InnoDB AUTO_INCREMENT = 5 CHARACTER SET = utf8mb4 COLLATE = utf8mb4_general_ci COMMENT = '岗位信息表' ROW_FORMAT = Dynamic;

-- ----------------------------
-- Records of sys_post
-- ----------------------------
INSERT INTO `sys_post` VALUES (1, 'ceo', '董事长', 1, '0', 'admin', '2024-04-10 15:08:49', '', NULL, '');
INSERT INTO `sys_post` VALUES (2, 'se', '项目经理', 2, '0', 'admin', '2024-04-10 15:08:49', '', NULL, '');
INSERT INTO `sys_post` VALUES (3, 'hr', '人力资源', 3, '0', 'admin', '2024-04-10 15:08:49', '', NULL, '');
INSERT INTO `sys_post` VALUES (4, 'user', '普通员工', 4, '0', 'admin', '2024-04-10 15:08:49', '', NULL, '');

-- ----------------------------
-- Table structure for sys_role
-- ----------------------------
DROP TABLE IF EXISTS `sys_role`;
CREATE TABLE `sys_role`  (
  `role_id` bigint NOT NULL AUTO_INCREMENT COMMENT '角色ID',
  `role_name` varchar(30) CHARACTER SET utf8mb4 COLLATE utf8mb4_general_ci NOT NULL COMMENT '角色名称',
  `role_key` varchar(100) CHARACTER SET utf8mb4 COLLATE utf8mb4_general_ci NOT NULL COMMENT '角色权限字符串',
  `role_sort` int NOT NULL COMMENT '显示顺序',
  `data_scope` char(1) CHARACTER SET utf8mb4 COLLATE utf8mb4_general_ci NULL DEFAULT '1' COMMENT '数据范围（1：全部数据权限 2：自定数据权限 3：本部门数据权限 4：本部门及以下数据权限）',
  `menu_check_strictly` tinyint(1) NULL DEFAULT 1 COMMENT '菜单树选择项是否关联显示',
  `dept_check_strictly` tinyint(1) NULL DEFAULT 1 COMMENT '部门树选择项是否关联显示',
  `status` char(1) CHARACTER SET utf8mb4 COLLATE utf8mb4_general_ci NOT NULL COMMENT '角色状态（0正常 1停用）',
  `del_flag` char(1) CHARACTER SET utf8mb4 COLLATE utf8mb4_general_ci NULL DEFAULT '0' COMMENT '删除标志（0代表存在 2代表删除）',
  `create_by` varchar(64) CHARACTER SET utf8mb4 COLLATE utf8mb4_general_ci NULL DEFAULT '' COMMENT '创建者',
  `create_time` datetime NULL DEFAULT NULL COMMENT '创建时间',
  `update_by` varchar(64) CHARACTER SET utf8mb4 COLLATE utf8mb4_general_ci NULL DEFAULT '' COMMENT '更新者',
  `update_time` datetime NULL DEFAULT NULL COMMENT '更新时间',
  `remark` varchar(500) CHARACTER SET utf8mb4 COLLATE utf8mb4_general_ci NULL DEFAULT NULL COMMENT '备注',
  PRIMARY KEY (`role_id`) USING BTREE
) ENGINE = InnoDB AUTO_INCREMENT = 101 CHARACTER SET = utf8mb4 COLLATE = utf8mb4_general_ci COMMENT = '角色信息表' ROW_FORMAT = Dynamic;

-- ----------------------------
-- Records of sys_role
-- ----------------------------
INSERT INTO `sys_role` VALUES (1, '超级管理员', 'admin', 1, '1', 1, 1, '0', '0', 'admin', '2024-04-10 15:08:49', '', NULL, '超级管理员');
INSERT INTO `sys_role` VALUES (2, '普通角色', 'common', 2, '1', 1, 1, '0', '0', 'admin', '2024-04-10 15:08:49', 'admin', '2024-04-10 20:28:12', '普通角色');
INSERT INTO `sys_role` VALUES (100, '访客', 'visitor', 3, '3', 0, 0, '0', '0', 'admin', '2024-04-10 20:31:02', 'admin', '2024-04-15 10:27:10', '访客，只能访问公开的数据');

-- ----------------------------
-- Table structure for sys_role_dept
-- ----------------------------
DROP TABLE IF EXISTS `sys_role_dept`;
CREATE TABLE `sys_role_dept`  (
  `role_id` bigint NOT NULL COMMENT '角色ID',
  `dept_id` bigint NOT NULL COMMENT '部门ID',
  PRIMARY KEY (`role_id`, `dept_id`) USING BTREE
) ENGINE = InnoDB CHARACTER SET = utf8mb4 COLLATE = utf8mb4_general_ci COMMENT = '角色和部门关联表' ROW_FORMAT = Dynamic;

-- ----------------------------
-- Records of sys_role_dept
-- ----------------------------
INSERT INTO `sys_role_dept` VALUES (2, 105);
INSERT INTO `sys_role_dept` VALUES (100, 200);

-- ----------------------------
-- Table structure for sys_role_menu
-- ----------------------------
DROP TABLE IF EXISTS `sys_role_menu`;
CREATE TABLE `sys_role_menu`  (
  `role_id` bigint NOT NULL COMMENT '角色ID',
  `menu_id` bigint NOT NULL COMMENT '菜单ID',
  PRIMARY KEY (`role_id`, `menu_id`) USING BTREE
) ENGINE = InnoDB CHARACTER SET = utf8mb4 COLLATE = utf8mb4_general_ci COMMENT = '角色和菜单关联表' ROW_FORMAT = Dynamic;

-- ----------------------------
-- Records of sys_role_menu
-- ----------------------------
INSERT INTO `sys_role_menu` VALUES (100, 1);
INSERT INTO `sys_role_menu` VALUES (100, 107);
INSERT INTO `sys_role_menu` VALUES (100, 1035);
INSERT INTO `sys_role_menu` VALUES (100, 2069);
INSERT INTO `sys_role_menu` VALUES (100, 2070);

-- ----------------------------
-- Table structure for sys_user
-- ----------------------------
DROP TABLE IF EXISTS `sys_user`;
CREATE TABLE `sys_user`  (
  `user_id` bigint NOT NULL AUTO_INCREMENT COMMENT '用户ID',
  `dept_id` bigint NULL DEFAULT NULL COMMENT '部门ID',
  `user_name` varchar(30) CHARACTER SET utf8mb4 COLLATE utf8mb4_general_ci NOT NULL COMMENT '用户账号',
  `nick_name` varchar(30) CHARACTER SET utf8mb4 COLLATE utf8mb4_general_ci NOT NULL COMMENT '用户昵称',
  `user_type` varchar(2) CHARACTER SET utf8mb4 COLLATE utf8mb4_general_ci NULL DEFAULT '00' COMMENT '用户类型（00系统用户）',
  `email` varchar(50) CHARACTER SET utf8mb4 COLLATE utf8mb4_general_ci NULL DEFAULT '' COMMENT '用户邮箱',
  `phonenumber` varchar(11) CHARACTER SET utf8mb4 COLLATE utf8mb4_general_ci NULL DEFAULT '' COMMENT '手机号码',
  `sex` char(1) CHARACTER SET utf8mb4 COLLATE utf8mb4_general_ci NULL DEFAULT '0' COMMENT '用户性别（0男 1女 2未知）',
  `avatar` varchar(100) CHARACTER SET utf8mb4 COLLATE utf8mb4_general_ci NULL DEFAULT '' COMMENT '头像地址',
  `password` varchar(100) CHARACTER SET utf8mb4 COLLATE utf8mb4_general_ci NULL DEFAULT '' COMMENT '密码',
  `status` char(1) CHARACTER SET utf8mb4 COLLATE utf8mb4_general_ci NULL DEFAULT '0' COMMENT '帐号状态（0正常 1停用）',
  `del_flag` char(1) CHARACTER SET utf8mb4 COLLATE utf8mb4_general_ci NULL DEFAULT '0' COMMENT '删除标志（0代表存在 2代表删除）',
  `login_ip` varchar(128) CHARACTER SET utf8mb4 COLLATE utf8mb4_general_ci NULL DEFAULT '' COMMENT '最后登录IP',
  `login_date` datetime NULL DEFAULT NULL COMMENT '最后登录时间',
  `create_by` varchar(64) CHARACTER SET utf8mb4 COLLATE utf8mb4_general_ci NULL DEFAULT '' COMMENT '创建者',
  `create_time` datetime NULL DEFAULT NULL COMMENT '创建时间',
  `update_by` varchar(64) CHARACTER SET utf8mb4 COLLATE utf8mb4_general_ci NULL DEFAULT '' COMMENT '更新者',
  `update_time` datetime NULL DEFAULT NULL COMMENT '更新时间',
  `remark` varchar(500) CHARACTER SET utf8mb4 COLLATE utf8mb4_general_ci NULL DEFAULT NULL COMMENT '备注',
  PRIMARY KEY (`user_id`) USING BTREE
) ENGINE = InnoDB AUTO_INCREMENT = 106 CHARACTER SET = utf8mb4 COLLATE = utf8mb4_general_ci COMMENT = '用户信息表' ROW_FORMAT = Dynamic;

-- ----------------------------
-- Records of sys_user
-- ----------------------------
INSERT INTO `sys_user` VALUES (1, 103, 'admin', '超级管理员', '00', 'visitor@163.com', '15888888888', '1', '/profile/avatar/2024/04/10/nodejs_20240410182957A001.jpg', '$2a$10$aMw2U1fjT03V2mAwEzwZUePjSjaCEPbt8UiTFIQn8Njr6PgAhpOIe', '0', '0', '127.0.0.1', '2024-04-15 10:22:36', 'admin', '2024-04-10 15:08:49', '', '2024-04-15 10:22:36', '管理员');
INSERT INTO `sys_user` VALUES (2, 200, 'ry', '若依', '00', 'ry@qq.com', '15666666666', '1', '', '$2a$10$8xkL0c8Q2VJBnN.TZ.aXDu.L8a/dD.uXPUHiO94nLo0lZLsLzlyB.', '0', '0', '127.0.0.1', '2024-04-10 21:58:36', 'admin', '2024-04-10 15:08:49', 'admin', '2024-04-10 22:03:44', '访客角色');
INSERT INTO `sys_user` VALUES (100, 200, 'Annis', 'Annis', '00', '11111111111@123.com', '11111111111', '1', '', '$2a$10$BnRVxbqfdoKJ.5eV9Vv7quABjjEEzYP8qoSxVjgPoH7JyZJEHcnJ6', '0', '0', '127.0.0.1', '2024-04-11 22:07:46', 'admin', '2024-04-10 19:03:08', 'admin', '2024-04-15 09:45:52', '小爱同学');
INSERT INTO `sys_user` VALUES (101, NULL, 'test23', 'test23', '00', '', '', '0', '', '$2a$10$tzw2Jp6jVwdpmgrCFIhIqusXiyryzVLXUYF5n.qLCjj3iWtdhKQRy', '0', '0', '', NULL, '', '2024-04-13 19:10:31', '', NULL, NULL);
INSERT INTO `sys_user` VALUES (102, NULL, '123456', '123456', '00', '', '', '0', '', '$2a$10$3IxD3FnnYyFiDUYU2nW/beRhrg55uw8zKeeQ3Sa8lrdZoGEfWY9CC', '0', '0', '', NULL, '', '2024-04-13 19:20:07', '', NULL, NULL);
INSERT INTO `sys_user` VALUES (103, NULL, '123456789', '123456789', '00', '', '', '0', '', '$2a$10$lWCiIsU3eX/HWDvPknRue.cqfiS.Gm8cu0x/UKX3/MJLP9PS4JFP6', '0', '0', '', NULL, '', '2024-04-13 19:22:07', '', NULL, NULL);
INSERT INTO `sys_user` VALUES (104, NULL, 'sadfasd', 'sadfasd', '00', '', '', '0', '', '$2a$10$c6MgP8LTWKSdrjZyi9eWiuJuCjD3NBMCBEFj5a.CFcxlVva2fOKuu', '0', '0', '127.0.0.1', '2024-04-15 10:30:55', '', '2024-04-13 19:23:43', 'admin', '2024-04-15 10:30:55', NULL);
INSERT INTO `sys_user` VALUES (105, NULL, 'cabcab', 'cabcab', '00', '444891953@qq.com', '', '1', '', '$2a$10$Sf63Rm2fR8YyGdMV5davAeKa2PNIbjpGUMJvz8ruxXXYTzRiYJr4C', '0', '0', '127.0.0.1', '2024-04-13 20:43:00', '', '2024-04-13 20:42:44', '', '2024-04-13 20:49:13', NULL);

-- ----------------------------
-- Table structure for sys_user_post
-- ----------------------------
DROP TABLE IF EXISTS `sys_user_post`;
CREATE TABLE `sys_user_post`  (
  `user_id` bigint NOT NULL COMMENT '用户ID',
  `post_id` bigint NOT NULL COMMENT '岗位ID',
  PRIMARY KEY (`user_id`, `post_id`) USING BTREE
) ENGINE = InnoDB CHARACTER SET = utf8mb4 COLLATE = utf8mb4_general_ci COMMENT = '用户与岗位关联表' ROW_FORMAT = Dynamic;

-- ----------------------------
-- Records of sys_user_post
-- ----------------------------
INSERT INTO `sys_user_post` VALUES (1, 1);
INSERT INTO `sys_user_post` VALUES (2, 2);
INSERT INTO `sys_user_post` VALUES (100, 1);

-- ----------------------------
-- Table structure for sys_user_role
-- ----------------------------
DROP TABLE IF EXISTS `sys_user_role`;
CREATE TABLE `sys_user_role`  (
  `user_id` bigint NOT NULL COMMENT '用户ID',
  `role_id` bigint NOT NULL COMMENT '角色ID',
  PRIMARY KEY (`user_id`, `role_id`) USING BTREE
) ENGINE = InnoDB CHARACTER SET = utf8mb4 COLLATE = utf8mb4_general_ci COMMENT = '用户和角色关联表' ROW_FORMAT = Dynamic;

-- ----------------------------
-- Records of sys_user_role
-- ----------------------------
INSERT INTO `sys_user_role` VALUES (1, 1);
INSERT INTO `sys_user_role` VALUES (2, 100);
INSERT INTO `sys_user_role` VALUES (100, 100);
INSERT INTO `sys_user_role` VALUES (104, 100);
INSERT INTO `sys_user_role` VALUES (105, 100);

-- ----------------------------
-- Table structure for sys_website
-- ----------------------------
DROP TABLE IF EXISTS `sys_website`;
CREATE TABLE `sys_website`  (
  `website_id` int NOT NULL AUTO_INCREMENT COMMENT '网页ID',
  `name` varchar(255) CHARACTER SET utf8mb4 COLLATE utf8mb4_general_ci NULL DEFAULT NULL COMMENT '网页名称',
  `url` varchar(255) CHARACTER SET utf8mb4 COLLATE utf8mb4_general_ci NULL DEFAULT NULL COMMENT '网页URL',
  `create_time` datetime NULL DEFAULT NULL COMMENT '创建时间',
  `description` varchar(255) CHARACTER SET utf8mb4 COLLATE utf8mb4_general_ci NULL DEFAULT NULL COMMENT '网页描述',
  `type` varchar(255) CHARACTER SET utf8mb4 COLLATE utf8mb4_general_ci NULL DEFAULT NULL COMMENT '网页类型',
  `update_time` datetime NULL DEFAULT NULL COMMENT '创建时间',
  PRIMARY KEY (`website_id`) USING BTREE
) ENGINE = InnoDB AUTO_INCREMENT = 42 CHARACTER SET = utf8mb4 COLLATE = utf8mb4_general_ci ROW_FORMAT = Dynamic;

-- ----------------------------
-- Records of sys_website
-- ----------------------------
INSERT INTO `sys_website` VALUES (19, '123', '3213', '2024-04-12 11:55:50', '3123', '', NULL);
INSERT INTO `sys_website` VALUES (20, '213', '321', '2024-04-12 11:56:37', '3123', '', NULL);
INSERT INTO `sys_website` VALUES (21, '213', '3123', '2024-04-12 11:56:42', '213', '', NULL);
INSERT INTO `sys_website` VALUES (22, '123', '312', '2024-04-12 12:16:02', '3123', '', NULL);
INSERT INTO `sys_website` VALUES (23, '123', '3213', '2024-04-12 12:19:16', '附件', '', '2024-04-13 19:25:34');
INSERT INTO `sys_website` VALUES (24, '213', '312', '2024-04-12 12:20:52', '', '', NULL);
INSERT INTO `sys_website` VALUES (25, '123', '3123', '2024-04-12 12:20:56', '', '', NULL);
INSERT INTO `sys_website` VALUES (26, '3213', '3123', '2024-04-12 12:20:58', '', '', NULL);
INSERT INTO `sys_website` VALUES (27, '321312', '', '2024-04-12 12:21:01', '', '', NULL);
INSERT INTO `sys_website` VALUES (29, '312', '33123', '2024-04-12 12:23:45', '3123', '', NULL);
INSERT INTO `sys_website` VALUES (30, '123', '231', '2024-04-12 14:23:20', '323213', '', NULL);
INSERT INTO `sys_website` VALUES (31, '123', '321', '2024-04-12 14:53:24', '3213', '', NULL);
INSERT INTO `sys_website` VALUES (32, '321', '321', '2024-04-12 14:53:29', '321', '', NULL);
INSERT INTO `sys_website` VALUES (33, '发送', '123', '2024-04-12 18:19:56', '额头上', '', NULL);
INSERT INTO `sys_website` VALUES (34, '12', '3123', '2024-04-12 23:40:44', '12312312', '', NULL);
INSERT INTO `sys_website` VALUES (36, '1', '1', '2024-04-13 21:16:17', '1', '', NULL);
INSERT INTO `sys_website` VALUES (39, '测试网页', '测试', '2024-04-14 22:42:30', '123', 'design', NULL);
INSERT INTO `sys_website` VALUES (40, '测试网页', '', '2024-04-15 08:56:02', '', 'image', NULL);
INSERT INTO `sys_website` VALUES (41, '测试', '123', '2024-04-15 08:56:15', '123', 'design', NULL);

SET FOREIGN_KEY_CHECKS = 1;
